season,franchise_code,team_name,head_coach,head_coach_page_title,offensive_coordinator,offensive_coordinator_page_title,scheme_coach,scheme_coach_page_title,scheme_basis,hc_was_prior_oc,new_head_coach,new_offensive_coordinator,has_midseason_change,team_season_source_url,team_season_source_revision_id,team_season_source_revision_timestamp,scheme_coach_source_url,scheme_coach_source_revision_id,scheme_coach_source_revision_timestamp,needs_review
1970,ATL,Atlanta Falcons,Norm Van Brocklin,,,,Norm Van Brocklin,,hc_fallback_no_oc_documented,False,,,False,https://en.wikipedia.org/wiki/1970_Atlanta_Falcons_season,1341318372,2026-03-02T15:04:09Z,,,,True
1970,BUF,Buffalo Bills,John Rauch,John Rauch,,,John Rauch,John Rauch,hc_fallback_no_oc_documented,False,,,False,https://en.wikipedia.org/wiki/1970_Buffalo_Bills_season,1356557237,2026-05-28T14:07:10Z,https://en.wikipedia.org/wiki/John_Rauch,1353207775.0,2026-05-08T21:10:25Z,True
1970,CHI,Chicago Bears,Jim Dooley,Jim Dooley,,,Jim Dooley,Jim Dooley,hc_fallback_no_oc_documented,False,,,False,https://en.wikipedia.org/wiki/1970_Chicago_Bears_season,1363939771,2026-07-13T12:35:06Z,https://en.wikipedia.org/wiki/Jim_Dooley,1372187334.0,2026-08-30T19:56:34Z,True
1970,CIN,Cincinnati Bengals,Paul Brown,Paul Brown,,,Paul Brown,Paul Brown,hc_fallback_no_oc_documented,False,,,False,https://en.wikipedia.org/wiki/1970_Cincinnati_Bengals_season,1341217492,2026-03-02T01:55:28Z,https://en.wikipedia.org/wiki/Paul_Brown,1366112126.0,2026-07-26T09:49:32Z,True
1970,CLE,Cleveland Browns,Blanton Collier,Blanton Collier,Nick Skorich,Nick Skorich,Nick Skorich,Nick Skorich,offensive_coordinator,False,,,False,https://en.wikipedia.org/wiki/1970_Cleveland_Browns_season,1360263317,2026-06-20T08:29:25Z,https://en.wikipedia.org/wiki/Nick_Skorich,1370791599.0,2026-08-23T03:07:28Z,False
1970,DAL,Dallas Cowboys,Tom Landry,Tom Landry,,,Tom Landry,Tom Landry,hc_fallback_no_oc_documented,False,,,False,https://en.wikipedia.org/wiki/1970_Dallas_Cowboys_season,1364173239,2026-07-14T23:48:56Z,https://en.wikipedia.org/wiki/Tom_Landry,1372424676.0,2026-08-31T17:59:13Z,True
1970,DEN,Denver Broncos,Lou Saban,Lou Saban,,,Lou Saban,Lou Saban,hc_fallback_no_oc_documented,False,,,False,https://en.wikipedia.org/wiki/1970_Denver_Broncos_season,1368332519,2026-08-08T12:38:01Z,,,,True
1970,DET,Detroit Lions,Joe Schmidt,Joe Schmidt (American football),,,Joe Schmidt,Joe Schmidt (American football),hc_fallback_no_oc_documented,False,,,False,https://en.wikipedia.org/wiki/1970_Detroit_Lions_season,1367815636,2026-08-05T10:06:49Z,https://en.wikipedia.org/wiki/Joe_Schmidt_(American_football),1370901297.0,2026-08-23T17:10:02Z,True
1970,GB,Green Bay Packers,Phil Bengtson,Phil Bengtson,,,Phil Bengtson,Phil Bengtson,hc_fallback_no_oc_documented,False,,,False,https://en.wikipedia.org/wiki/1970_Green_Bay_Packers_season,1363947176,2026-07-13T13:51:38Z,https://en.wikipedia.org/wiki/Phil_Bengtson,1365146784.0,2026-07-20T15:13:59Z,True
1970,IND,Baltimore Colts,Don McCafferty,Don McCafferty,John Idzik,John Idzik,Don McCafferty,Don McCafferty,hc_prior_offensive_coordinator,True,,,False,https://en.wikipedia.org/wiki/1970_Baltimore_Colts_season,1362684079,2026-07-05T16:18:47Z,https://en.wikipedia.org/wiki/Don_McCafferty,1370792934.0,2026-08-23T03:18:06Z,False
1970,KC,Kansas City Chiefs,Hank Stram,Hank Stram,,,Hank Stram,Hank Stram,hc_fallback_no_oc_documented,False,,,False,https://en.wikipedia.org/wiki/1970_Kansas_City_Chiefs_season,1341194898,2026-03-01T23:58:43Z,https://en.wikipedia.org/wiki/Hank_Stram,1368842342.0,2026-08-11T11:12:31Z,True
1970,LAC,San Diego Chargers,Charlie Waller,Charlie Waller (American football),,,Charlie Waller,Charlie Waller (American football),hc_prior_offensive_coordinator,True,,,False,https://en.wikipedia.org/wiki/1970_San_Diego_Chargers_season,1342489178,2026-03-09T06:12:18Z,https://en.wikipedia.org/wiki/Charlie_Waller_(American_football),1320476313.0,2025-11-04T22:41:41Z,True
1970,LAR,Los Angeles Rams,George Allen,George Allen (American football coach),,,George Allen,George Allen (American football coach),hc_fallback_no_oc_documented,False,,,False,https://en.wikipedia.org/wiki/1970_Los_Angeles_Rams_season,1367524049,2026-08-03T16:19:13Z,https://en.wikipedia.org/wiki/George_Allen_(American_football_coach),1368262320.0,2026-08-08T01:08:35Z,True
1970,LV,Oakland Raiders,John Madden,John Madden,,,John Madden,John Madden,hc_fallback_no_oc_documented,False,,,False,https://en.wikipedia.org/wiki/1970_Oakland_Raiders_season,1371960797,2026-08-29T16:14:13Z,,,,True
1970,MIA,Miami Dolphins,Don Shula,Don Shula,,,Don Shula,Don Shula,hc_fallback_no_oc_documented,False,,,False,https://en.wikipedia.org/wiki/1970_Miami_Dolphins_season,1370204013,2026-08-19T18:51:21Z,https://en.wikipedia.org/wiki/Don_Shula,1370834928.0,2026-08-23T09:12:27Z,True
1970,MIN,Minnesota Vikings,Bud Grant,Bud Grant,,,Bud Grant,Bud Grant,hc_fallback_no_oc_documented,False,,,False,https://en.wikipedia.org/wiki/1970_Minnesota_Vikings_season,1341319944,2026-03-02T15:14:51Z,https://en.wikipedia.org/wiki/Bud_Grant,1369867100.0,2026-08-17T17:53:03Z,True
1970,NE,Boston Patriots,Clive Rush,Clive Rush,,,Clive Rush,Clive Rush,hc_fallback_no_oc_documented,False,,,True,https://en.wikipedia.org/wiki/1970_Boston_Patriots_season,1349054369,2026-04-15T14:42:08Z,https://en.wikipedia.org/wiki/Clive_Rush,1334397604.0,2026-01-23T08:20:29Z,True
1970,NO,New Orleans Saints,Tom Fears,Tom Fears,,,Tom Fears,Tom Fears,hc_fallback_no_oc_documented,False,,,True,https://en.wikipedia.org/wiki/1970_New_Orleans_Saints_season,1361655139,2026-06-29T09:05:17Z,,,,True
1970,NYG,New York Giants,Alex Webster,Alex Webster (football player),,,Alex Webster,Alex Webster (football player),hc_fallback_no_oc_documented,False,,,False,https://en.wikipedia.org/wiki/1970_New_York_Giants_season,1363260248,2026-07-09T01:42:12Z,,,,True
1970,PHI,Philadelphia Eagles,Jerry Williams,Jerry Williams (American football),,,Jerry Williams,Jerry Williams (American football),hc_fallback_no_oc_documented,False,,,False,https://en.wikipedia.org/wiki/1970_Philadelphia_Eagles_season,1372978618,2026-09-03T08:32:28Z,,,,True
1970,PIT,Pittsburgh Steelers,Chuck Noll,Chuck Noll,,,Chuck Noll,Chuck Noll,hc_fallback_no_oc_documented,False,,,False,https://en.wikipedia.org/wiki/1970_Pittsburgh_Steelers_season,1365942488,2026-07-25T09:35:53Z,,,,True
1970,SF,San Francisco 49ers,Dick Nolan,Dick Nolan (American football),Ed Hughes,Ed Hughes,Ed Hughes,Ed Hughes,offensive_coordinator,False,,,False,https://en.wikipedia.org/wiki/1970_San_Francisco_49ers_season,1372333237,2026-08-31T08:32:49Z,https://en.wikipedia.org/wiki/Ed_Hughes,1370716291.0,2026-08-22T18:07:52Z,False
1970,TEN,Houston Oilers,Wally Lemm,Wally Lemm,,,Wally Lemm,Wally Lemm,hc_fallback_no_oc_documented,False,,,False,https://en.wikipedia.org/wiki/1970_Houston_Oilers_season,1362561811,2026-07-04T20:02:00Z,https://en.wikipedia.org/wiki/Wally_Lemm,1338075583.0,2026-02-13T02:30:50Z,True
1970,WAS,Washington Redskins,Vince Lombardi,Vince Lombardi,,,Vince Lombardi,Vince Lombardi,hc_prior_offensive_coordinator,True,,,True,https://en.wikipedia.org/wiki/1970_Washington_Redskins_season,1343835788,2026-03-16T18:04:30Z,https://en.wikipedia.org/wiki/Vince_Lombardi,1371208179.0,2026-08-25T05:20:38Z,True
1971,ATL,Atlanta Falcons,Norm Van Brocklin,Norm Van Brocklin,,,Norm Van Brocklin,Norm Van Brocklin,hc_fallback_no_oc_documented,False,,,False,https://en.wikipedia.org/wiki/1971_Atlanta_Falcons_season,1341318390,2026-03-02T15:04:18Z,,,,True
1971,BUF,Buffalo Bills,Harvey Johnson,Harvey Johnson (coach),,,Harvey Johnson,Harvey Johnson (coach),hc_fallback_no_oc_documented,False,True,,False,https://en.wikipedia.org/wiki/1971_Buffalo_Bills_season,1364280980,2026-07-15T17:01:24Z,,,,True
1971,CHI,Chicago Bears,Jim Dooley,Jim Dooley,,,Jim Dooley,Jim Dooley,hc_fallback_no_oc_documented,False,False,,False,https://en.wikipedia.org/wiki/1971_Chicago_Bears_season,1359689050,2026-06-16T17:11:50Z,https://en.wikipedia.org/wiki/Jim_Dooley,1372187334.0,2026-08-30T19:56:34Z,True
1971,CIN,Cincinnati Bengals,Paul Brown,Paul Brown,,,Paul Brown,Paul Brown,hc_fallback_no_oc_documented,False,False,,False,https://en.wikipedia.org/wiki/1971_Cincinnati_Bengals_season,1341217563,2026-03-02T01:55:48Z,https://en.wikipedia.org/wiki/Paul_Brown,1366112126.0,2026-07-26T09:49:32Z,True
1971,CLE,Cleveland Browns,Nick Skorich,Nick Skorich,Nick Skorich,Nick Skorich,Nick Skorich,Nick Skorich,hc_prior_offensive_coordinator,True,True,False,False,https://en.wikipedia.org/wiki/1971_Cleveland_Browns_season,1360264472,2026-06-20T08:47:36Z,https://en.wikipedia.org/wiki/Nick_Skorich,1370791599.0,2026-08-23T03:07:28Z,False
1971,DAL,Dallas Cowboys,Tom Landry,Tom Landry,,,Tom Landry,Tom Landry,hc_fallback_no_oc_documented,False,False,,False,https://en.wikipedia.org/wiki/1971_Dallas_Cowboys_season,1358319740,2026-06-08T00:03:48Z,https://en.wikipedia.org/wiki/Tom_Landry,1372424676.0,2026-08-31T17:59:13Z,True
1971,DEN,Denver Broncos,Lou Saban,Lou Saban,,,Lou Saban,Lou Saban,hc_fallback_no_oc_documented,False,False,,False,https://en.wikipedia.org/wiki/1971_Denver_Broncos_season,1367523964,2026-08-03T16:18:25Z,,,,True
1971,DET,Detroit Lions,Joe Schmidt,Joe Schmidt (American football),,,Joe Schmidt,Joe Schmidt (American football),hc_fallback_no_oc_documented,False,False,,False,https://en.wikipedia.org/wiki/1971_Detroit_Lions_season,1367815526,2026-08-05T10:05:57Z,https://en.wikipedia.org/wiki/Joe_Schmidt_(American_football),1370901297.0,2026-08-23T17:10:02Z,True
1971,GB,Green Bay Packers,Dan Devine,Dan Devine,,,Dan Devine,Dan Devine,hc_fallback_no_oc_documented,False,True,,False,https://en.wikipedia.org/wiki/1971_Green_Bay_Packers_season,1356485889,2026-05-28T02:01:26Z,https://en.wikipedia.org/wiki/Dan_Devine,1368431732.0,2026-08-09T00:48:08Z,True
1971,IND,Baltimore Colts,Don McCafferty,Don McCafferty,John Idzik,John Idzik,Don McCafferty,Don McCafferty,hc_prior_offensive_coordinator,True,False,False,False,https://en.wikipedia.org/wiki/1971_Baltimore_Colts_season,1362685244,2026-07-05T16:28:00Z,https://en.wikipedia.org/wiki/Don_McCafferty,1370792934.0,2026-08-23T03:18:06Z,False
1971,KC,Kansas City Chiefs,Hank Stram,Hank Stram,,,Hank Stram,Hank Stram,hc_fallback_no_oc_documented,False,False,,False,https://en.wikipedia.org/wiki/1971_Kansas_City_Chiefs_season,1345575075,2026-03-26T21:22:51Z,https://en.wikipedia.org/wiki/Hank_Stram,1368842342.0,2026-08-11T11:12:31Z,True
1971,LAC,San Diego Chargers,Sid Gillman,Sid Gillman,,,Sid Gillman,Sid Gillman,hc_fallback_no_oc_documented,False,True,,True,https://en.wikipedia.org/wiki/1971_San_Diego_Chargers_season,1363124686,2026-07-08T05:20:34Z,https://en.wikipedia.org/wiki/Sid_Gillman,1362683663.0,2026-07-05T16:16:12Z,True
1971,LAR,Los Angeles Rams,Tommy Prothro,Tommy Prothro,Tommy Prothro,Tommy Prothro,Tommy Prothro,Tommy Prothro,offensive_coordinator,False,True,,False,https://en.wikipedia.org/wiki/1971_Los_Angeles_Rams_season,1341214625,2026-03-02T01:40:56Z,https://en.wikipedia.org/wiki/Tommy_Prothro,1372834674.0,2026-09-02T14:22:44Z,False
1971,LV,Oakland Raiders,John Madden,John Madden,,,John Madden,John Madden,hc_fallback_no_oc_documented,False,False,,False,https://en.wikipedia.org/wiki/1971_Oakland_Raiders_season,1345920167,2026-03-29T00:15:41Z,,,,True
1971,MIA,Miami Dolphins,Don Shula,Don Shula,,,Don Shula,Don Shula,hc_fallback_no_oc_documented,False,False,,False,https://en.wikipedia.org/wiki/1971_Miami_Dolphins_season,1357143498,2026-06-01T00:25:58Z,https://en.wikipedia.org/wiki/Don_Shula,1370834928.0,2026-08-23T09:12:27Z,True
1971,MIN,Minnesota Vikings,Bud Grant,Bud Grant,,,Bud Grant,Bud Grant,hc_fallback_no_oc_documented,False,False,,False,https://en.wikipedia.org/wiki/1971_Minnesota_Vikings_season,1341319962,2026-03-02T15:15:00Z,https://en.wikipedia.org/wiki/Bud_Grant,1369867100.0,2026-08-17T17:53:03Z,True
1971,NE,New England Patriots,John Mazur,John Mazur,,,John Mazur,John Mazur,hc_fallback_no_oc_documented,False,False,,False,https://en.wikipedia.org/wiki/1971_New_England_Patriots_season,1366662568,2026-07-29T11:04:36Z,https://en.wikipedia.org/wiki/John_Mazur,1356645142.0,2026-05-29T00:37:36Z,True
1971,NO,New Orleans Saints,J. D. Roberts,J. D. Roberts,Ken Shipp,Ken Shipp,Ken Shipp,Ken Shipp,offensive_coordinator,False,False,,False,https://en.wikipedia.org/wiki/1971_New_Orleans_Saints_season,1361654744,2026-06-29T08:59:40Z,https://en.wikipedia.org/wiki/Ken_Shipp,1305825248.0,2025-08-14T08:56:51Z,False
1971,NYG,New York Giants,Alex Webster,Alex Webster (American football),,,Alex Webster,Alex Webster (American football),hc_fallback_no_oc_documented,False,True,,False,https://en.wikipedia.org/wiki/1971_New_York_Giants_season,1345186689,2026-03-24T19:57:17Z,,,,True
1971,NYJ,New York Jets,Weeb Ewbank,Weeb Ewbank,,,Weeb Ewbank,Weeb Ewbank,hc_fallback_no_oc_documented,False,,,False,https://en.wikipedia.org/wiki/1971_New_York_Jets_season,1341187727,2026-03-01T23:16:49Z,https://en.wikipedia.org/wiki/Weeb_Ewbank,1370893104.0,2026-08-23T16:34:10Z,True
1971,PHI,Philadelphia Eagles,Jerry Williams,Jerry Williams (American football),Tom Fears,Tom Fears,Tom Fears,Tom Fears,offensive_coordinator,False,False,,True,https://en.wikipedia.org/wiki/1971_Philadelphia_Eagles_season,1341182526,2026-03-01T22:44:32Z,,,,True
1971,PIT,Pittsburgh Steelers,Chuck Noll,Chuck Noll,,,Chuck Noll,Chuck Noll,hc_fallback_no_oc_documented,False,False,,False,https://en.wikipedia.org/wiki/1971_Pittsburgh_Steelers_season,1363500240,2026-07-10T16:11:23Z,,,,True
1971,SF,San Francisco 49ers,Dick Nolan,Dick Nolan (American football),Jim Shofner,,Jim Shofner,,offensive_coordinator,False,False,True,False,https://en.wikipedia.org/wiki/1971_San_Francisco_49ers_season,1372330758,2026-08-31T08:12:37Z,,,,True
1971,WAS,Washington Redskins,George Allen,,Ted Marchibroda,Ted Marchibroda,Ted Marchibroda,Ted Marchibroda,offensive_coordinator,False,True,,False,https://en.wikipedia.org/wiki/1971_Washington_Redskins_season,1364097158,2026-07-14T13:34:20Z,https://en.wikipedia.org/wiki/Ted_Marchibroda,1370891591.0,2026-08-23T16:28:09Z,False
1972,ATL,Atlanta Falcons,Norm Van Brocklin,Norm Van Brocklin,,,Norm Van Brocklin,Norm Van Brocklin,hc_fallback_no_oc_documented,False,False,,False,https://en.wikipedia.org/wiki/1972_Atlanta_Falcons_season,1349720880,2026-04-18T16:38:33Z,,,,True
1972,BUF,Buffalo Bills,Lou Saban,Lou Saban,,,Lou Saban,Lou Saban,hc_fallback_no_oc_documented,False,True,,False,https://en.wikipedia.org/wiki/1972_Buffalo_Bills_season,1356559403,2026-05-28T14:25:45Z,,,,True
1972,CHI,Chicago Bears,Abe Gibron,Abe Gibron,,,Abe Gibron,Abe Gibron,hc_fallback_no_oc_documented,False,True,,False,https://en.wikipedia.org/wiki/1972_Chicago_Bears_season,1359689881,2026-06-16T17:17:26Z,,,,True
1972,CLE,Cleveland Browns,Nick Skorich,Nick Skorich,Nick Skorich,Nick Skorich,Nick Skorich,Nick Skorich,hc_prior_offensive_coordinator,True,False,False,False,https://en.wikipedia.org/wiki/1972_Cleveland_Browns_season,1341394324,2026-03-03T00:25:36Z,https://en.wikipedia.org/wiki/Nick_Skorich,1370791599.0,2026-08-23T03:07:28Z,False
1972,DAL,Dallas Cowboys,Tom Landry,Tom Landry,,,Tom Landry,Tom Landry,hc_fallback_no_oc_documented,False,False,,False,https://en.wikipedia.org/wiki/1972_Dallas_Cowboys_season,1345516175,2026-03-26T13:35:07Z,https://en.wikipedia.org/wiki/Tom_Landry,1372424676.0,2026-08-31T17:59:13Z,True
1972,DEN,Denver Broncos,John Ralston,John Ralston (American football),,,John Ralston,John Ralston (American football),hc_fallback_no_oc_documented,False,True,,False,https://en.wikipedia.org/wiki/1972_Denver_Broncos_season,1367524004,2026-08-03T16:18:47Z,https://en.wikipedia.org/wiki/John_Ralston_(American_football),1316308404.0,2025-10-11T18:05:09Z,True
1972,DET,Detroit Lions,Joe Schmidt,Joe Schmidt (American football),,,Joe Schmidt,Joe Schmidt (American football),hc_fallback_no_oc_documented,False,False,,False,https://en.wikipedia.org/wiki/1972_Detroit_Lions_season,1367815547,2026-08-05T10:06:11Z,https://en.wikipedia.org/wiki/Joe_Schmidt_(American_football),1370901297.0,2026-08-23T17:10:02Z,True
1972,GB,Green Bay Packers,Dan Devine,Dan Devine,,,Dan Devine,Dan Devine,hc_fallback_no_oc_documented,False,False,,False,https://en.wikipedia.org/wiki/1972_Green_Bay_Packers_season,1364082637,2026-07-14T11:03:12Z,https://en.wikipedia.org/wiki/Dan_Devine,1368431732.0,2026-08-09T00:48:08Z,True
1972,IND,Baltimore Colts,Don McCafferty,Don McCafferty,John Idzik,John Idzik,Don McCafferty,Don McCafferty,hc_prior_offensive_coordinator,True,False,False,True,https://en.wikipedia.org/wiki/1972_Baltimore_Colts_season,1362684973,2026-07-05T16:25:38Z,https://en.wikipedia.org/wiki/Don_McCafferty,1370792934.0,2026-08-23T03:18:06Z,True
1972,KC,Kansas City Chiefs,Hank Stram,Hank Stram,,,Hank Stram,Hank Stram,hc_fallback_no_oc_documented,False,False,,False,https://en.wikipedia.org/wiki/1972_Kansas_City_Chiefs_season,1363420286,2026-07-10T02:16:36Z,https://en.wikipedia.org/wiki/Hank_Stram,1368842342.0,2026-08-11T11:12:31Z,True
1972,LAR,Los Angeles Rams,Tommy Prothro,Tommy Prothro,Tommy Prothro,Tommy Prothro,Tommy Prothro,Tommy Prothro,offensive_coordinator,False,False,False,False,https://en.wikipedia.org/wiki/1972_Los_Angeles_Rams_season,1366740836,2026-07-29T22:49:59Z,https://en.wikipedia.org/wiki/Tommy_Prothro,1372834674.0,2026-09-02T14:22:44Z,False
1972,LV,Oakland Raiders,John Madden,John Madden,,,John Madden,John Madden,hc_fallback_no_oc_documented,False,False,,False,https://en.wikipedia.org/wiki/1972_Oakland_Raiders_season,1345919986,2026-03-29T00:14:22Z,,,,True
1972,MIA,Miami Dolphins,Don Shula,,,,Don Shula,,hc_fallback_no_oc_documented,False,True,,False,https://en.wikipedia.org/wiki/1972_Miami_Dolphins_season,1364498034,2026-07-16T22:48:43Z,,,,True
1972,MIN,Minnesota Vikings,Bud Grant,Bud Grant,,,Bud Grant,Bud Grant,hc_fallback_no_oc_documented,False,False,,False,https://en.wikipedia.org/wiki/1972_Minnesota_Vikings_season,1341319995,2026-03-02T15:15:09Z,https://en.wikipedia.org/wiki/Bud_Grant,1369867100.0,2026-08-17T17:53:03Z,True
1972,NE,New England Patriots,John Mazur,John Mazur,Sam Rutigliano,Sam Rutigliano,Sam Rutigliano,Sam Rutigliano,offensive_coordinator,False,False,,False,https://en.wikipedia.org/wiki/1972_New_England_Patriots_season,1371447704,2026-08-26T14:06:35Z,https://en.wikipedia.org/wiki/Sam_Rutigliano,1367516007.0,2026-08-03T15:12:42Z,False
1972,NO,New Orleans Saints,J. D. Roberts,J. D. Roberts,Ken Shipp,Ken Shipp,Ken Shipp,Ken Shipp,offensive_coordinator,False,False,False,False,https://en.wikipedia.org/wiki/1972_New_Orleans_Saints_season,1352484541,2026-05-04T13:38:59Z,https://en.wikipedia.org/wiki/Ken_Shipp,1305825248.0,2025-08-14T08:56:51Z,False
1972,NYG,New York Giants,Alex Webster,Alex Webster (American football),,,Alex Webster,Alex Webster (American football),hc_fallback_no_oc_documented,False,False,,False,https://en.wikipedia.org/wiki/1972_New_York_Giants_season,1349032384,2026-04-15T12:18:29Z,,,,True
1972,PHI,Philadelphia Eagles,Ed Khayat,Ed Khayat,Tom Fears,Tom Fears,Tom Fears,Tom Fears,offensive_coordinator,False,False,False,False,https://en.wikipedia.org/wiki/1972_Philadelphia_Eagles_season,1341182544,2026-03-01T22:44:43Z,,,,True
1972,PIT,Pittsburgh Steelers,Chuck Noll,Chuck Noll,,,Chuck Noll,Chuck Noll,hc_fallback_no_oc_documented,False,False,,False,https://en.wikipedia.org/wiki/1972_Pittsburgh_Steelers_season,1341178642,2026-03-01T22:19:51Z,,,,True
1972,SF,San Francisco 49ers,Dick Nolan,Dick Nolan (American football),Jim Shofner,,Jim Shofner,,offensive_coordinator,False,False,True,False,https://en.wikipedia.org/wiki/1972_San_Francisco_49ers_season,1372333975,2026-08-31T08:38:41Z,,,,True
1972,TEN,Houston Oilers,Bill Peterson,Bill Peterson,,,Bill Peterson,Bill Peterson,hc_fallback_no_oc_documented,False,,,False,https://en.wikipedia.org/wiki/1972_Houston_Oilers_season,1368686961,2026-08-10T14:26:47Z,https://en.wikipedia.org/wiki/Bill_Peterson,1316899138.0,2025-10-15T03:22:52Z,True
1972,WAS,Washington Redskins,George Allen,,Ted Marchibroda,Ted Marchibroda,Ted Marchibroda,Ted Marchibroda,offensive_coordinator,False,True,False,False,https://en.wikipedia.org/wiki/1972_Washington_Redskins_season,1341245242,2026-03-02T04:21:49Z,https://en.wikipedia.org/wiki/Ted_Marchibroda,1370891591.0,2026-08-23T16:28:09Z,False
1973,ATL,Atlanta Falcons,Norm Van Brocklin,Norm Van Brocklin,,,Norm Van Brocklin,Norm Van Brocklin,hc_fallback_no_oc_documented,False,False,,False,https://en.wikipedia.org/wiki/1973_Atlanta_Falcons_season,1371447714,2026-08-26T14:06:43Z,,,,True
1973,BUF,Buffalo Bills,Lou Saban,Lou Saban,,,Lou Saban,Lou Saban,hc_fallback_no_oc_documented,False,False,,False,https://en.wikipedia.org/wiki/1973_Buffalo_Bills_season,1364152218,2026-07-14T20:51:13Z,,,,True
1973,CHI,Chicago Bears,Abe Gibron,Abe Gibron,,,Abe Gibron,Abe Gibron,hc_fallback_no_oc_documented,False,False,,False,https://en.wikipedia.org/wiki/1973_Chicago_Bears_season,1359689910,2026-06-16T17:17:37Z,,,,True
1973,CIN,Cincinnati Bengals,Paul Brown,Paul Brown,,,Paul Brown,Paul Brown,hc_fallback_no_oc_documented,False,,,False,https://en.wikipedia.org/wiki/1973_Cincinnati_Bengals_season,1364121490,2026-07-14T16:55:49Z,https://en.wikipedia.org/wiki/Paul_Brown,1366112126.0,2026-07-26T09:49:32Z,True
1973,CLE,Cleveland Browns,Nick Skorich,Nick Skorich,,,Nick Skorich,Nick Skorich,hc_prior_offensive_coordinator,True,False,True,False,https://en.wikipedia.org/wiki/1973_Cleveland_Browns_season,1341394345,2026-03-03T00:25:47Z,https://en.wikipedia.org/wiki/Nick_Skorich,1370791599.0,2026-08-23T03:07:28Z,True
1973,DAL,Dallas Cowboys,Tom Landry,Tom Landry,,,Tom Landry,Tom Landry,hc_fallback_no_oc_documented,False,False,,False,https://en.wikipedia.org/wiki/1973_Dallas_Cowboys_season,1346822002,2026-04-03T03:51:15Z,https://en.wikipedia.org/wiki/Tom_Landry,1372424676.0,2026-08-31T17:59:13Z,True
1973,DEN,Denver Broncos,John Ralston,John Ralston (American football),,,John Ralston,John Ralston (American football),hc_fallback_no_oc_documented,False,False,,False,https://en.wikipedia.org/wiki/1973_Denver_Broncos_season,1360271660,2026-06-20T10:36:47Z,https://en.wikipedia.org/wiki/John_Ralston_(American_football),1316308404.0,2025-10-11T18:05:09Z,True
1973,DET,Detroit Lions,Don McCafferty,Don McCafferty,Bill McPeak,Bill McPeak,Don McCafferty,Don McCafferty,hc_prior_offensive_coordinator,True,True,,False,https://en.wikipedia.org/wiki/1973_Detroit_Lions_season,1370578346,2026-08-21T22:57:19Z,https://en.wikipedia.org/wiki/Don_McCafferty,1370792934.0,2026-08-23T03:18:06Z,False
1973,GB,Green Bay Packers,Dan Devine,Dan Devine,,,Dan Devine,Dan Devine,hc_fallback_no_oc_documented,False,False,,False,https://en.wikipedia.org/wiki/1973_Green_Bay_Packers_season,1364164800,2026-07-14T22:37:41Z,https://en.wikipedia.org/wiki/Dan_Devine,1368431732.0,2026-08-09T00:48:08Z,True
1973,IND,Baltimore Colts,Howard Schnellenberger,Howard Schnellenberger,,,Howard Schnellenberger,Howard Schnellenberger,hc_fallback_no_oc_documented,False,True,True,False,https://en.wikipedia.org/wiki/1973_Baltimore_Colts_season,1362684826,2026-07-05T16:24:39Z,https://en.wikipedia.org/wiki/Howard_Schnellenberger,1370115219.0,2026-08-19T05:34:12Z,True
1973,KC,Kansas City Chiefs,Hank Stram,Hank Stram,,,Hank Stram,Hank Stram,hc_fallback_no_oc_documented,False,False,,False,https://en.wikipedia.org/wiki/1973_Kansas_City_Chiefs_season,1341194979,2026-03-01T23:59:08Z,https://en.wikipedia.org/wiki/Hank_Stram,1368842342.0,2026-08-11T11:12:31Z,True
1973,LAR,Los Angeles Rams,Chuck Knox,Chuck Knox,Ken Meyer,Ken Meyer,Ken Meyer,Ken Meyer,offensive_coordinator,False,True,True,False,https://en.wikipedia.org/wiki/1973_Los_Angeles_Rams_season,1347628397,2026-04-07T20:18:35Z,https://en.wikipedia.org/wiki/Ken_Meyer,1363051895.0,2026-07-07T19:22:13Z,False
1973,LV,Oakland Raiders,John Madden,John Madden,,,John Madden,John Madden,hc_fallback_no_oc_documented,False,False,,False,https://en.wikipedia.org/wiki/1973_Oakland_Raiders_season,1371950671,2026-08-29T15:03:07Z,,,,True
1973,MIA,Miami Dolphins,Don Shula,,,,Don Shula,,hc_fallback_no_oc_documented,False,True,,False,https://en.wikipedia.org/wiki/1973_Miami_Dolphins_season,1362794448,2026-07-06T06:34:45Z,,,,True
1973,MIN,Minnesota Vikings,Bud Grant,Bud Grant,,,Bud Grant,Bud Grant,hc_fallback_no_oc_documented,False,False,,False,https://en.wikipedia.org/wiki/1973_Minnesota_Vikings_season,1347470325,2026-04-06T22:34:09Z,https://en.wikipedia.org/wiki/Bud_Grant,1369867100.0,2026-08-17T17:53:03Z,True
1973,NE,New England Patriots,Chuck Fairbanks,Chuck Fairbanks,,,Chuck Fairbanks,Chuck Fairbanks,hc_fallback_no_oc_documented,False,True,True,False,https://en.wikipedia.org/wiki/1973_New_England_Patriots_season,1367523993,2026-08-03T16:18:40Z,https://en.wikipedia.org/wiki/Chuck_Fairbanks,1367531711.0,2026-08-03T17:18:31Z,True
1973,NO,New Orleans Saints,John North,John North (American football),,,John North,John North (American football),hc_fallback_no_oc_documented,False,True,True,False,https://en.wikipedia.org/wiki/1973_New_Orleans_Saints_season,1347628280,2026-04-07T20:17:42Z,,,,True
1973,NYG,New York Giants,Alex Webster,Alex Webster (American football),Joe Walton,Joe Walton,Joe Walton,Joe Walton,offensive_coordinator,False,False,,False,https://en.wikipedia.org/wiki/1973_New_York_Giants_season,1352950291,2026-05-07T05:49:34Z,,,,True
1973,NYJ,New York Jets,Weeb Ewbank,Weeb Ewbank,,,Weeb Ewbank,Weeb Ewbank,hc_fallback_no_oc_documented,False,,,False,https://en.wikipedia.org/wiki/1973_New_York_Jets_season,1341187781,2026-03-01T23:17:06Z,https://en.wikipedia.org/wiki/Weeb_Ewbank,1370893104.0,2026-08-23T16:34:10Z,True
1973,PHI,Philadelphia Eagles,Mike McCormack,Mike McCormack (American football),,,Mike McCormack,Mike McCormack (American football),hc_fallback_no_oc_documented,False,True,True,False,https://en.wikipedia.org/wiki/1973_Philadelphia_Eagles_season,1341182572,2026-03-01T22:44:55Z,https://en.wikipedia.org/wiki/Mike_McCormack_(American_football),1352686700.0,2026-05-05T17:45:31Z,True
1973,PIT,Pittsburgh Steelers,Chuck Noll,Chuck Noll,,,Chuck Noll,Chuck Noll,hc_fallback_no_oc_documented,False,False,,False,https://en.wikipedia.org/wiki/1973_Pittsburgh_Steelers_season,1360204319,2026-06-19T22:21:40Z,,,,True
1973,SF,San Francisco 49ers,Dick Nolan,Dick Nolan (American football),Jim Shofner,,Jim Shofner,,offensive_coordinator,False,False,True,False,https://en.wikipedia.org/wiki/1973_San_Francisco_49ers_season,1372336962,2026-08-31T09:01:26Z,,,,True
1973,TEN,Houston Oilers,Bill Peterson,Bill Peterson,,,Bill Peterson,Bill Peterson,hc_fallback_no_oc_documented,False,False,,True,https://en.wikipedia.org/wiki/1973_Houston_Oilers_season,1369377944,2026-08-14T16:26:13Z,https://en.wikipedia.org/wiki/Bill_Peterson,1316899138.0,2025-10-15T03:22:52Z,True
1973,WAS,Washington Redskins,George Allen,,Ted Marchibroda,Ted Marchibroda,Ted Marchibroda,Ted Marchibroda,offensive_coordinator,False,True,False,False,https://en.wikipedia.org/wiki/1973_Washington_Redskins_season,1364097167,2026-07-14T13:34:24Z,https://en.wikipedia.org/wiki/Ted_Marchibroda,1370891591.0,2026-08-23T16:28:09Z,False
1974,ATL,Atlanta Falcons,Norm Van Brocklin,Norm Van Brocklin,,,Norm Van Brocklin,Norm Van Brocklin,hc_fallback_no_oc_documented,False,False,,True,https://en.wikipedia.org/wiki/1974_Atlanta_Falcons_season,1341318469,2026-03-02T15:04:48Z,,,,True
1974,BUF,Buffalo Bills,Lou Saban,Lou Saban,,,Lou Saban,Lou Saban,hc_fallback_no_oc_documented,False,False,,False,https://en.wikipedia.org/wiki/1974_Buffalo_Bills_season,1340283727,2026-02-24T22:02:24Z,,,,True
1974,CHI,Chicago Bears,Abe Gibron,Abe Gibron,,,Abe Gibron,Abe Gibron,hc_fallback_no_oc_documented,False,False,,False,https://en.wikipedia.org/wiki/1974_Chicago_Bears_season,1359689937,2026-06-16T17:17:47Z,,,,True
1974,CIN,Cincinnati Bengals,Paul Brown,Paul Brown,,,Paul Brown,Paul Brown,hc_fallback_no_oc_documented,False,False,,False,https://en.wikipedia.org/wiki/1974_Cincinnati_Bengals_season,1341217692,2026-03-02T01:56:22Z,https://en.wikipedia.org/wiki/Paul_Brown,1366112126.0,2026-07-26T09:49:32Z,True
1974,CLE,Cleveland Browns,Nick Skorich,Nick Skorich,,,Nick Skorich,Nick Skorich,hc_prior_offensive_coordinator,True,False,,False,https://en.wikipedia.org/wiki/1974_Cleveland_Browns_season,1351610545,2026-04-29T01:53:41Z,https://en.wikipedia.org/wiki/Nick_Skorich,1370791599.0,2026-08-23T03:07:28Z,True
1974,DAL,Dallas Cowboys,Tom Landry,Tom Landry,,,Tom Landry,Tom Landry,hc_fallback_no_oc_documented,False,False,,False,https://en.wikipedia.org/wiki/1974_Dallas_Cowboys_season,1365996710,2026-07-25T17:23:52Z,https://en.wikipedia.org/wiki/Tom_Landry,1372424676.0,2026-08-31T17:59:13Z,True
1974,DEN,Denver Broncos,John Ralston,John Ralston (American football),,,John Ralston,John Ralston (American football),hc_fallback_no_oc_documented,False,False,,False,https://en.wikipedia.org/wiki/1974_Denver_Broncos_season,1370128859,2026-08-19T07:30:27Z,https://en.wikipedia.org/wiki/John_Ralston_(American_football),1316308404.0,2025-10-11T18:05:09Z,True
1974,DET,Detroit Lions,Rick Forzano,Rick Forzano,Rick Forzano,Rick Forzano,Rick Forzano,Rick Forzano,offensive_coordinator,False,True,True,False,https://en.wikipedia.org/wiki/1974_Detroit_Lions_season,1370578420,2026-08-21T22:57:48Z,https://en.wikipedia.org/wiki/Rick_Forzano,1343002909.0,2026-03-11T18:28:32Z,False
1974,GB,Green Bay Packers,Dan Devine,Dan Devine,,,Dan Devine,Dan Devine,hc_fallback_no_oc_documented,False,False,,False,https://en.wikipedia.org/wiki/1974_Green_Bay_Packers_season,1364232548,2026-07-15T09:16:53Z,https://en.wikipedia.org/wiki/Dan_Devine,1368431732.0,2026-08-09T00:48:08Z,True
1974,IND,Baltimore Colts,Howard Schnellenberger,Howard Schnellenberger,,,Howard Schnellenberger,Howard Schnellenberger,hc_fallback_no_oc_documented,False,False,,True,https://en.wikipedia.org/wiki/1974_Baltimore_Colts_season,1365030477,2026-07-19T21:40:14Z,https://en.wikipedia.org/wiki/Howard_Schnellenberger,1370115219.0,2026-08-19T05:34:12Z,True
1974,KC,Kansas City Chiefs,Hank Stram,Hank Stram,,,Hank Stram,Hank Stram,hc_fallback_no_oc_documented,False,False,,False,https://en.wikipedia.org/wiki/1974_Kansas_City_Chiefs_season,1351164594,2026-04-26T09:23:01Z,https://en.wikipedia.org/wiki/Hank_Stram,1368842342.0,2026-08-11T11:12:31Z,True
1974,LAR,Los Angeles Rams,Chuck Knox,Chuck Knox,Ken Meyer,Ken Meyer,Ken Meyer,Ken Meyer,offensive_coordinator,False,False,False,False,https://en.wikipedia.org/wiki/1974_Los_Angeles_Rams_season,1347628449,2026-04-07T20:18:54Z,https://en.wikipedia.org/wiki/Ken_Meyer,1363051895.0,2026-07-07T19:22:13Z,False
1974,LV,Oakland Raiders,John Madden,John Madden,,,John Madden,John Madden,hc_fallback_no_oc_documented,False,False,,False,https://en.wikipedia.org/wiki/1974_Oakland_Raiders_season,1345919054,2026-03-29T00:07:32Z,,,,True
1974,MIA,Miami Dolphins,Don Shula,,,,Don Shula,,hc_fallback_no_oc_documented,False,True,,False,https://en.wikipedia.org/wiki/1974_Miami_Dolphins_season,1355581412,2026-05-22T18:29:45Z,,,,True
1974,MIN,Minnesota Vikings,Bud Grant,Bud Grant,,,Bud Grant,Bud Grant,hc_fallback_no_oc_documented,False,False,,False,https://en.wikipedia.org/wiki/1974_Minnesota_Vikings_season,1352349935,2026-05-03T18:08:52Z,https://en.wikipedia.org/wiki/Bud_Grant,1369867100.0,2026-08-17T17:53:03Z,True
1974,NE,New England Patriots,Phil Bengtson,Phil Bengtson,,,Phil Bengtson,Phil Bengtson,hc_fallback_no_oc_documented,False,True,,False,https://en.wikipedia.org/wiki/1974_New_England_Patriots_season,1367523952,2026-08-03T16:18:15Z,https://en.wikipedia.org/wiki/Phil_Bengtson,1365146784.0,2026-07-20T15:13:59Z,True
1974,NO,New Orleans Saints,John North,John North (American football),,,John North,John North (American football),hc_fallback_no_oc_documented,False,False,,False,https://en.wikipedia.org/wiki/1974_New_Orleans_Saints_season,1341200037,2026-03-02T00:23:08Z,,,,True
1974,NYG,New York Giants,Bill Arnsparger,Bill Arnsparger,,,Bill Arnsparger,Bill Arnsparger,hc_fallback_no_oc_documented,False,True,True,False,https://en.wikipedia.org/wiki/1974_New_York_Giants_season,1368857710,2026-08-11T13:14:58Z,https://en.wikipedia.org/wiki/Bill_Arnsparger,1333858438.0,2026-01-20T03:46:45Z,True
1974,NYJ,New York Jets,Charley Winner,Charley Winner,,,Charley Winner,Charley Winner,hc_fallback_no_oc_documented,False,True,,False,https://en.wikipedia.org/wiki/1974_New_York_Jets_season,1352165968,2026-05-02T13:52:24Z,https://en.wikipedia.org/wiki/Charley_Winner,1370829246.0,2026-08-23T08:13:42Z,True
1974,PHI,Philadelphia Eagles,Mike McCormack,Mike McCormack (American football),,,Mike McCormack,Mike McCormack (American football),hc_fallback_no_oc_documented,False,False,,False,https://en.wikipedia.org/wiki/1974_Philadelphia_Eagles_season,1341182598,2026-03-01T22:45:05Z,https://en.wikipedia.org/wiki/Mike_McCormack_(American_football),1352686700.0,2026-05-05T17:45:31Z,True
1974,PIT,Pittsburgh Steelers,Chuck Noll,Chuck Noll,,,Chuck Noll,Chuck Noll,hc_fallback_no_oc_documented,False,False,,False,https://en.wikipedia.org/wiki/1974_Pittsburgh_Steelers_season,1360204454,2026-06-19T22:23:03Z,,,,True
1974,SF,San Francisco 49ers,Dick Nolan,Dick Nolan (American football),,,Dick Nolan,Dick Nolan (American football),hc_fallback_no_oc_documented,False,False,True,False,https://en.wikipedia.org/wiki/1974_San_Francisco_49ers_season,1371687261,2026-08-27T21:53:28Z,https://en.wikipedia.org/wiki/Dick_Nolan_(American_football),1372510017.0,2026-09-01T01:46:40Z,True
1974,WAS,Washington Redskins,George Allen,,Ted Marchibroda,Ted Marchibroda,Ted Marchibroda,Ted Marchibroda,offensive_coordinator,False,True,False,False,https://en.wikipedia.org/wiki/1974_Washington_Redskins_season,1364097169,2026-07-14T13:34:23Z,https://en.wikipedia.org/wiki/Ted_Marchibroda,1370891591.0,2026-08-23T16:28:09Z,False
1975,ATL,Atlanta Falcons,Marion Campbell,Marion Campbell,Bill Nelsen,Bill Nelsen,Bill Nelsen,Bill Nelsen,offensive_coordinator,False,False,,False,https://en.wikipedia.org/wiki/1975_Atlanta_Falcons_season,1341318479,2026-03-02T15:04:56Z,,,,True
1975,BUF,Buffalo Bills,Lou Saban,Lou Saban,,,Lou Saban,Lou Saban,hc_fallback_no_oc_documented,False,False,,False,https://en.wikipedia.org/wiki/1975_Buffalo_Bills_season,1340283824,2026-02-24T22:02:55Z,,,,True
1975,CHI,Chicago Bears,Jack Pardee,Jack Pardee,,,Jack Pardee,Jack Pardee,hc_fallback_no_oc_documented,False,True,,False,https://en.wikipedia.org/wiki/1975_Chicago_Bears_season,1359689069,2026-06-16T17:11:58Z,,,,True
1975,CIN,Cincinnati Bengals,Paul Brown,Paul Brown,,,Paul Brown,Paul Brown,hc_fallback_no_oc_documented,False,False,,False,https://en.wikipedia.org/wiki/1975_Cincinnati_Bengals_season,1346371108,2026-03-31T13:32:34Z,https://en.wikipedia.org/wiki/Paul_Brown,1366112126.0,2026-07-26T09:49:32Z,True
1975,CLE,Cleveland Browns,Forrest Gregg,Forrest Gregg,,,Forrest Gregg,Forrest Gregg,hc_fallback_no_oc_documented,False,True,,False,https://en.wikipedia.org/wiki/1975_Cleveland_Browns_season,1348122402,2026-04-10T20:40:07Z,,,,True
1975,DAL,Dallas Cowboys,Tom Landry,Tom Landry,,,Tom Landry,Tom Landry,hc_fallback_no_oc_documented,False,False,,False,https://en.wikipedia.org/wiki/1975_Dallas_Cowboys_season,1345516486,2026-03-26T13:37:59Z,https://en.wikipedia.org/wiki/Tom_Landry,1372424676.0,2026-08-31T17:59:13Z,True
1975,DEN,Denver Broncos,John Ralston,John Ralston (American football),,,John Ralston,John Ralston (American football),hc_fallback_no_oc_documented,False,False,,False,https://en.wikipedia.org/wiki/1975_Denver_Broncos_season,1360361808,2026-06-21T00:44:39Z,https://en.wikipedia.org/wiki/John_Ralston_(American_football),1316308404.0,2025-10-11T18:05:09Z,True
1975,DET,Detroit Lions,Rick Forzano,Rick Forzano,Rick Forzano,Rick Forzano,Rick Forzano,Rick Forzano,offensive_coordinator,False,False,False,False,https://en.wikipedia.org/wiki/1975_Detroit_Lions_season,1363828423,2026-07-12T18:34:20Z,https://en.wikipedia.org/wiki/Rick_Forzano,1343002909.0,2026-03-11T18:28:32Z,False
1975,GB,Green Bay Packers,Bart Starr,Bart Starr,,,Bart Starr,Bart Starr,hc_fallback_no_oc_documented,False,True,,False,https://en.wikipedia.org/wiki/1975_Green_Bay_Packers_season,1364301377,2026-07-15T19:53:22Z,,,,True
1975,IND,Baltimore Colts,Ted Marchibroda,Ted Marchibroda,,,Ted Marchibroda,Ted Marchibroda,hc_prior_offensive_coordinator,True,True,,False,https://en.wikipedia.org/wiki/1975_Baltimore_Colts_season,1362684381,2026-07-05T16:20:55Z,https://en.wikipedia.org/wiki/Ted_Marchibroda,1370891591.0,2026-08-23T16:28:09Z,True
1975,KC,Kansas City Chiefs,Paul Wiggin,Paul Wiggin,,,Paul Wiggin,Paul Wiggin,hc_fallback_no_oc_documented,False,True,,False,https://en.wikipedia.org/wiki/1975_Kansas_City_Chiefs_season,1341195036,2026-03-01T23:59:24Z,,,,True
1975,LAC,San Diego Chargers,Tommy Prothro,Tommy Prothro,John David Crow,John David Crow,John David Crow,John David Crow,offensive_coordinator,False,,,False,https://en.wikipedia.org/wiki/1975_San_Diego_Chargers_season,1341204611,2026-03-02T00:47:42Z,,,,True
1975,LAR,Los Angeles Rams,Chuck Knox,Chuck Knox,Ken Meyer,Ken Meyer,Ken Meyer,Ken Meyer,offensive_coordinator,False,False,False,False,https://en.wikipedia.org/wiki/1975_Los_Angeles_Rams_season,1341725967,2026-03-04T18:28:52Z,https://en.wikipedia.org/wiki/Ken_Meyer,1363051895.0,2026-07-07T19:22:13Z,False
1975,LV,Oakland Raiders,John Madden,John Madden,,,John Madden,John Madden,hc_fallback_no_oc_documented,False,False,,False,https://en.wikipedia.org/wiki/1975_Oakland_Raiders_season,1372137352,2026-08-30T15:03:03Z,,,,True
1975,MIA,Miami Dolphins,Don Shula,Don Shula,,,Don Shula,Don Shula,hc_fallback_no_oc_documented,False,,,False,https://en.wikipedia.org/wiki/1975_Miami_Dolphins_season,1365772923,2026-07-24T09:45:36Z,https://en.wikipedia.org/wiki/Don_Shula,1370834928.0,2026-08-23T09:12:27Z,True
1975,MIN,Minnesota Vikings,Bud Grant,Bud Grant,,,Bud Grant,Bud Grant,hc_fallback_no_oc_documented,False,False,,False,https://en.wikipedia.org/wiki/1975_Minnesota_Vikings_season,1341320055,2026-03-02T15:15:37Z,https://en.wikipedia.org/wiki/Bud_Grant,1369867100.0,2026-08-17T17:53:03Z,True
1975,NE,New England Patriots,Chuck Fairbanks,Chuck Fairbanks,,,Chuck Fairbanks,Chuck Fairbanks,hc_fallback_no_oc_documented,False,True,,False,https://en.wikipedia.org/wiki/1975_New_England_Patriots_season,1367523977,2026-08-03T16:18:32Z,https://en.wikipedia.org/wiki/Chuck_Fairbanks,1367531711.0,2026-08-03T17:18:31Z,True
1975,NO,New Orleans Saints,John North,John North (American football),,,John North,John North (American football),hc_fallback_no_oc_documented,False,False,,True,https://en.wikipedia.org/wiki/1975_New_Orleans_Saints_season,1341200057,2026-03-02T00:23:18Z,,,,True
1975,NYG,New York Giants,Bill Arnsparger,Bill Arnsparger,,,Bill Arnsparger,Bill Arnsparger,hc_fallback_no_oc_documented,False,False,,False,https://en.wikipedia.org/wiki/1975_New_York_Giants_season,1357693897,2026-06-04T02:57:42Z,https://en.wikipedia.org/wiki/Bill_Arnsparger,1333858438.0,2026-01-20T03:46:45Z,True
1975,NYJ,New York Jets,Charley Winner,Charley Winner,,,Charley Winner,Charley Winner,hc_fallback_no_oc_documented,False,False,,True,https://en.wikipedia.org/wiki/1975_New_York_Jets_season,1366333205,2026-07-27T12:00:13Z,https://en.wikipedia.org/wiki/Charley_Winner,1370829246.0,2026-08-23T08:13:42Z,True
1975,PHI,Philadelphia Eagles,Mike McCormack,Mike McCormack (American football),,,Mike McCormack,Mike McCormack (American football),hc_fallback_no_oc_documented,False,False,,False,https://en.wikipedia.org/wiki/1975_Philadelphia_Eagles_season,1352685701,2026-05-05T17:37:33Z,https://en.wikipedia.org/wiki/Mike_McCormack_(American_football),1352686700.0,2026-05-05T17:45:31Z,True
1975,PIT,Pittsburgh Steelers,Chuck Noll,Chuck Noll,,,Chuck Noll,Chuck Noll,hc_fallback_no_oc_documented,False,False,,False,https://en.wikipedia.org/wiki/1975_Pittsburgh_Steelers_season,1363061562,2026-07-07T20:23:45Z,,,,True
1975,SF,San Francisco 49ers,Dick Nolan,Dick Nolan (American football),Dick Stanfel,Dick Stanfel,Dick Stanfel,Dick Stanfel,offensive_coordinator,False,False,,False,https://en.wikipedia.org/wiki/1975_San_Francisco_49ers_season,1357339076,2026-06-02T02:27:36Z,,,,True
1975,WAS,Washington Redskins,George Allen,,Charlie Waller,Charlie Waller (American football),Charlie Waller,Charlie Waller (American football),offensive_coordinator,False,True,True,False,https://en.wikipedia.org/wiki/1975_Washington_Redskins_season,1356250840,2026-05-26T16:43:25Z,https://en.wikipedia.org/wiki/Charlie_Waller_(American_football),1320476313.0,2025-11-04T22:41:41Z,False
1976,ATL,Atlanta Falcons,Marion Campbell,Marion Campbell,Bill Nelsen,Bill Nelsen,Bill Nelsen,Bill Nelsen,offensive_coordinator,False,False,False,True,https://en.wikipedia.org/wiki/1976_Atlanta_Falcons_season,1356557719,2026-05-28T14:11:19Z,,,,True
1976,BUF,Buffalo Bills,Lou Saban,Lou Saban,,,Lou Saban,Lou Saban,hc_fallback_no_oc_documented,False,False,,False,https://en.wikipedia.org/wiki/1976_Buffalo_Bills_season,1340283901,2026-02-24T22:03:21Z,,,,True
1976,CHI,Chicago Bears,Jack Pardee,Jack Pardee,,,Jack Pardee,Jack Pardee,hc_fallback_no_oc_documented,False,False,,False,https://en.wikipedia.org/wiki/1976_Chicago_Bears_season,1359689978,2026-06-16T17:17:58Z,,,,True
1976,CIN,Cincinnati Bengals,Bill Johnson,Bill Johnson (center),,,Bill Johnson,Bill Johnson (center),hc_fallback_no_oc_documented,False,True,,False,https://en.wikipedia.org/wiki/1976_Cincinnati_Bengals_season,1364121519,2026-07-14T16:56:01Z,,,,True
1976,CLE,Cleveland Browns,Forrest Gregg,Forrest Gregg,,,Forrest Gregg,Forrest Gregg,hc_fallback_no_oc_documented,False,False,,False,https://en.wikipedia.org/wiki/1976_Cleveland_Browns_season,1368509654,2026-08-09T13:25:53Z,,,,True
1976,DAL,Dallas Cowboys,Tom Landry,Tom Landry,,,Tom Landry,Tom Landry,hc_fallback_no_oc_documented,False,False,,False,https://en.wikipedia.org/wiki/1976_Dallas_Cowboys_season,1345597227,2026-03-27T00:22:21Z,https://en.wikipedia.org/wiki/Tom_Landry,1372424676.0,2026-08-31T17:59:13Z,True
1976,DEN,Denver Broncos,John Ralston,John Ralston (American football),,,John Ralston,John Ralston (American football),hc_fallback_no_oc_documented,False,False,,False,https://en.wikipedia.org/wiki/1976_Denver_Broncos_season,1363067063,2026-07-07T21:00:33Z,https://en.wikipedia.org/wiki/John_Ralston_(American_football),1316308404.0,2025-10-11T18:05:09Z,True
1976,DET,Detroit Lions,Rick Forzano,Rick Forzano,,,Rick Forzano,Rick Forzano,hc_fallback_no_oc_documented,False,False,True,True,https://en.wikipedia.org/wiki/1976_Detroit_Lions_season,1363861583,2026-07-12T23:08:31Z,https://en.wikipedia.org/wiki/Rick_Forzano,1343002909.0,2026-03-11T18:28:32Z,True
1976,GB,Green Bay Packers,Bart Starr,Bart Starr,,,Bart Starr,Bart Starr,hc_fallback_no_oc_documented,False,False,,False,https://en.wikipedia.org/wiki/1976_Green_Bay_Packers_season,1364388757,2026-07-16T06:35:43Z,,,,True
1976,IND,Baltimore Colts,Ted Marchibroda,Ted Marchibroda,,,Ted Marchibroda,Ted Marchibroda,hc_prior_offensive_coordinator,True,False,,False,https://en.wikipedia.org/wiki/1976_Baltimore_Colts_season,1341175635,2026-03-01T21:58:18Z,https://en.wikipedia.org/wiki/Ted_Marchibroda,1370891591.0,2026-08-23T16:28:09Z,True
1976,KC,Kansas City Chiefs,Paul Wiggin,Paul Wiggin,,,Paul Wiggin,Paul Wiggin,hc_fallback_no_oc_documented,False,False,,False,https://en.wikipedia.org/wiki/1976_Kansas_City_Chiefs_season,1343825568,2026-03-16T16:48:22Z,,,,True
1976,LAC,San Diego Chargers,Tommy Prothro,Tommy Prothro,Bill Walsh,Bill Walsh (American football coach),Bill Walsh,Bill Walsh (American football coach),offensive_coordinator,False,False,True,False,https://en.wikipedia.org/wiki/1976_San_Diego_Chargers_season,1341204637,2026-03-02T00:47:51Z,,,,True
1976,LAR,Los Angeles Rams,Chuck Knox,Chuck Knox,Ken Meyer,Ken Meyer,Ken Meyer,Ken Meyer,offensive_coordinator,False,False,False,False,https://en.wikipedia.org/wiki/1976_Los_Angeles_Rams_season,1341776870,2026-03-05T00:29:58Z,https://en.wikipedia.org/wiki/Ken_Meyer,1363051895.0,2026-07-07T19:22:13Z,False
1976,LV,Oakland Raiders,John Madden,John Madden,,,John Madden,John Madden,hc_fallback_no_oc_documented,False,False,,False,https://en.wikipedia.org/wiki/1976_Oakland_Raiders_season,1371054696,2026-08-24T09:19:49Z,,,,True
1976,MIA,Miami Dolphins,Don Shula,Don Shula,,,Don Shula,Don Shula,hc_fallback_no_oc_documented,False,False,,False,https://en.wikipedia.org/wiki/1976_Miami_Dolphins_season,1341325801,2026-03-02T16:02:46Z,https://en.wikipedia.org/wiki/Don_Shula,1370834928.0,2026-08-23T09:12:27Z,True
1976,MIN,Minnesota Vikings,Bud Grant,Bud Grant,Jerry Burns,Jerry Burns,Jerry Burns,Jerry Burns,offensive_coordinator,False,False,,False,https://en.wikipedia.org/wiki/1976_Minnesota_Vikings_season,1358915293,2026-06-11T20:21:44Z,https://en.wikipedia.org/wiki/Jerry_Burns,1350311272.0,2026-04-21T06:02:07Z,False
1976,NE,New England Patriots,Chuck Fairbanks,Chuck Fairbanks,,,Chuck Fairbanks,Chuck Fairbanks,hc_fallback_no_oc_documented,False,False,,False,https://en.wikipedia.org/wiki/1976_New_England_Patriots_season,1341198021,2026-03-02T00:12:08Z,https://en.wikipedia.org/wiki/Chuck_Fairbanks,1367531711.0,2026-08-03T17:18:31Z,True
1976,NO,New Orleans Saints,Hank Stram,Hank Stram,,,Hank Stram,Hank Stram,hc_fallback_no_oc_documented,False,True,,False,https://en.wikipedia.org/wiki/1976_New_Orleans_Saints_season,1341200079,2026-03-02T00:23:28Z,https://en.wikipedia.org/wiki/Hank_Stram,1368842342.0,2026-08-11T11:12:31Z,True
1976,NYG,New York Giants,Bill Arnsparger,Bill Arnsparger,,,Bill Arnsparger,Bill Arnsparger,hc_fallback_no_oc_documented,False,False,,True,https://en.wikipedia.org/wiki/1976_New_York_Giants_season,1349291197,2026-04-16T17:16:18Z,https://en.wikipedia.org/wiki/Bill_Arnsparger,1333858438.0,2026-01-20T03:46:45Z,True
1976,NYJ,New York Jets,Lou Holtz,Lou Holtz,,,Lou Holtz,Lou Holtz,hc_fallback_no_oc_documented,False,True,,True,https://en.wikipedia.org/wiki/1976_New_York_Jets_season,1341187847,2026-03-01T23:17:31Z,https://en.wikipedia.org/wiki/Lou_Holtz,1369766856.0,2026-08-17T01:18:23Z,True
1976,PHI,Philadelphia Eagles,Dick Vermeil,Dick Vermeil,John Idzik,John Idzik,Dick Vermeil,Dick Vermeil,hc_prior_offensive_coordinator,True,True,,False,https://en.wikipedia.org/wiki/1976_Philadelphia_Eagles_season,1352684336,2026-05-05T17:26:44Z,https://en.wikipedia.org/wiki/Dick_Vermeil,1367619607.0,2026-08-04T04:35:19Z,False
1976,PIT,Pittsburgh Steelers,Chuck Noll,Chuck Noll,,,Chuck Noll,Chuck Noll,hc_fallback_no_oc_documented,False,False,,False,https://en.wikipedia.org/wiki/1976_Pittsburgh_Steelers_season,1360204967,2026-06-19T22:27:21Z,,,,True
1976,SEA,Seattle Seahawks,Jack Patera,Jack Patera,,,Jack Patera,Jack Patera,hc_fallback_no_oc_documented,False,,,False,https://en.wikipedia.org/wiki/1976_Seattle_Seahawks_season,1360208340,2026-06-19T23:01:00Z,https://en.wikipedia.org/wiki/Jack_Patera,1370218029.0,2026-08-19T20:34:47Z,True
1976,SF,San Francisco 49ers,Monte Clark,Monte Clark,,,Monte Clark,Monte Clark,hc_fallback_no_oc_documented,False,True,True,False,https://en.wikipedia.org/wiki/1976_San_Francisco_49ers_season,1341322318,2026-03-02T15:35:05Z,,,,True
1976,TB,Tampa Bay Buccaneers,John McKay,John McKay (American football),,,John McKay,John McKay (American football),hc_fallback_no_oc_documented,False,,,False,https://en.wikipedia.org/wiki/1976_Tampa_Bay_Buccaneers_season,1369884406,2026-08-17T20:04:28Z,https://en.wikipedia.org/wiki/John_McKay_(American_football),1369453231.0,2026-08-15T02:13:57Z,True
1976,WAS,Washington Redskins,George Allen,,Charlie Waller,Charlie Waller (American football),Charlie Waller,Charlie Waller (American football),offensive_coordinator,False,True,False,False,https://en.wikipedia.org/wiki/1976_Washington_Redskins_season,1356250884,2026-05-26T16:43:51Z,https://en.wikipedia.org/wiki/Charlie_Waller_(American_football),1320476313.0,2025-11-04T22:41:41Z,False
1977,ATL,Atlanta Falcons,Leeman Bennett,Leeman Bennett,,,Leeman Bennett,Leeman Bennett,hc_prior_offensive_coordinator,True,True,True,False,https://en.wikipedia.org/wiki/1977_Atlanta_Falcons_season,1347717133,2026-04-08T10:22:34Z,https://en.wikipedia.org/wiki/Leeman_Bennett,1350310167.0,2026-04-21T05:53:52Z,True
1977,BUF,Buffalo Bills,Jim Ringo,Jim Ringo,,,Jim Ringo,Jim Ringo,hc_fallback_no_oc_documented,False,True,,False,https://en.wikipedia.org/wiki/1977_Buffalo_Bills_season,1372991732,2026-09-03T11:08:20Z,,,,True
1977,CHI,Chicago Bears,Jack Pardee,Jack Pardee,,,Jack Pardee,Jack Pardee,hc_fallback_no_oc_documented,False,False,,False,https://en.wikipedia.org/wiki/1977_Chicago_Bears_season,1370115184,2026-08-19T05:33:51Z,,,,True
1977,CIN,Cincinnati Bengals,Bill Johnson,Bill Johnson (center),,,Bill Johnson,Bill Johnson (center),hc_fallback_no_oc_documented,False,False,,False,https://en.wikipedia.org/wiki/1977_Cincinnati_Bengals_season,1341232651,2026-03-02T03:12:36Z,,,,True
1977,CLE,Cleveland Browns,Forrest Gregg,Forrest Gregg,,,Forrest Gregg,Forrest Gregg,hc_fallback_no_oc_documented,False,False,,True,https://en.wikipedia.org/wiki/1977_Cleveland_Browns_season,1367333043,2026-08-02T12:44:39Z,,,,True
1977,DAL,Dallas Cowboys,Tom Landry,Tom Landry,,,Tom Landry,Tom Landry,hc_fallback_no_oc_documented,False,False,,False,https://en.wikipedia.org/wiki/1977_Dallas_Cowboys_season,1345679722,2026-03-27T13:49:08Z,https://en.wikipedia.org/wiki/Tom_Landry,1372424676.0,2026-08-31T17:59:13Z,True
1977,DEN,Denver Broncos,Red Miller,Red Miller,,,Red Miller,Red Miller,hc_fallback_no_oc_documented,False,True,,False,https://en.wikipedia.org/wiki/1977_Denver_Broncos_season,1345885838,2026-03-28T19:45:53Z,https://en.wikipedia.org/wiki/Red_Miller,1350309551.0,2026-04-21T05:50:15Z,True
1977,DET,Detroit Lions,Tommy Hudspeth,Tommy Hudspeth,,,Tommy Hudspeth,Tommy Hudspeth,hc_fallback_no_oc_documented,False,False,,False,https://en.wikipedia.org/wiki/1977_Detroit_Lions_season,1364557129,2026-07-17T05:15:47Z,https://en.wikipedia.org/wiki/Tommy_Hudspeth,1278048343.0,2025-02-28T05:20:10Z,True
1977,GB,Green Bay Packers,Bart Starr,Bart Starr,,,Bart Starr,Bart Starr,hc_fallback_no_oc_documented,False,False,,False,https://en.wikipedia.org/wiki/1977_Green_Bay_Packers_season,1364472974,2026-07-16T19:37:28Z,,,,True
1977,IND,Baltimore Colts,Ted Marchibroda,Ted Marchibroda,,,Ted Marchibroda,Ted Marchibroda,hc_prior_offensive_coordinator,True,False,,False,https://en.wikipedia.org/wiki/1977_Baltimore_Colts_season,1364458466,2026-07-16T17:46:06Z,https://en.wikipedia.org/wiki/Ted_Marchibroda,1370891591.0,2026-08-23T16:28:09Z,True
1977,KC,Kansas City Chiefs,Paul Wiggin,Paul Wiggin,,,Paul Wiggin,Paul Wiggin,hc_fallback_no_oc_documented,False,False,,True,https://en.wikipedia.org/wiki/1977_Kansas_City_Chiefs_season,1350464718,2026-04-22T02:43:37Z,,,,True
1977,LAR,Los Angeles Rams,Chuck Knox,Chuck Knox,,,Chuck Knox,Chuck Knox,hc_fallback_no_oc_documented,False,False,True,False,https://en.wikipedia.org/wiki/1977_Los_Angeles_Rams_season,1341214831,2026-03-02T01:42:05Z,https://en.wikipedia.org/wiki/Chuck_Knox,1363857388.0,2026-07-12T22:29:43Z,True
1977,LV,Oakland Raiders,John Madden,John Madden,,,John Madden,John Madden,hc_fallback_no_oc_documented,False,False,,False,https://en.wikipedia.org/wiki/1977_Oakland_Raiders_season,1367177244,2026-08-01T14:06:07Z,,,,True
1977,MIA,Miami Dolphins,Don Shula,Don Shula,,,Don Shula,Don Shula,hc_fallback_no_oc_documented,False,False,,False,https://en.wikipedia.org/wiki/1977_Miami_Dolphins_season,1368686999,2026-08-10T14:27:06Z,https://en.wikipedia.org/wiki/Don_Shula,1370834928.0,2026-08-23T09:12:27Z,True
1977,MIN,Minnesota Vikings,Bud Grant,Bud Grant,Jerry Burns,Jerry Burns,Jerry Burns,Jerry Burns,offensive_coordinator,False,False,False,False,https://en.wikipedia.org/wiki/1977_Minnesota_Vikings_season,1360129476,2026-06-19T12:26:57Z,https://en.wikipedia.org/wiki/Jerry_Burns,1350311272.0,2026-04-21T06:02:07Z,False
1977,NE,New England Patriots,Chuck Fairbanks,Chuck Fairbanks,,,Chuck Fairbanks,Chuck Fairbanks,hc_fallback_no_oc_documented,False,False,,False,https://en.wikipedia.org/wiki/1977_New_England_Patriots_season,1341198054,2026-03-02T00:12:19Z,https://en.wikipedia.org/wiki/Chuck_Fairbanks,1367531711.0,2026-08-03T17:18:31Z,True
1977,NO,New Orleans Saints,Hank Stram,Hank Stram,,,Hank Stram,Hank Stram,hc_fallback_no_oc_documented,False,False,,False,https://en.wikipedia.org/wiki/1977_New_Orleans_Saints_season,1372743315,2026-09-02T02:19:23Z,https://en.wikipedia.org/wiki/Hank_Stram,1368842342.0,2026-08-11T11:12:31Z,True
1977,NYG,New York Giants,John McVay,John McVay,Bob Gibson,Bob Gibson (American football),Bob Gibson,Bob Gibson (American football),offensive_coordinator,False,False,,False,https://en.wikipedia.org/wiki/1977_New_York_Giants_season,1365484689,2026-07-22T19:18:21Z,https://en.wikipedia.org/wiki/Bob_Gibson_(American_football),1332966763.0,2026-01-14T22:33:40Z,False
1977,PHI,Philadelphia Eagles,Dick Vermeil,Dick Vermeil,Marion Campbell,Marion Campbell,Dick Vermeil,Dick Vermeil,hc_prior_offensive_coordinator,True,False,True,False,https://en.wikipedia.org/wiki/1977_Philadelphia_Eagles_season,1356558507,2026-05-28T14:18:34Z,https://en.wikipedia.org/wiki/Dick_Vermeil,1367619607.0,2026-08-04T04:35:19Z,False
1977,PIT,Pittsburgh Steelers,Chuck Noll,Chuck Noll,,,Chuck Noll,Chuck Noll,hc_fallback_no_oc_documented,False,False,,False,https://en.wikipedia.org/wiki/1977_Pittsburgh_Steelers_season,1358915431,2026-06-11T20:22:53Z,,,,True
1977,SEA,Seattle Seahawks,Jack Patera,Jack Patera,,,Jack Patera,Jack Patera,hc_fallback_no_oc_documented,False,False,,False,https://en.wikipedia.org/wiki/1977_Seattle_Seahawks_season,1361446001,2026-06-27T23:33:48Z,https://en.wikipedia.org/wiki/Jack_Patera,1370218029.0,2026-08-19T20:34:47Z,True
1977,SF,San Francisco 49ers,Ken Meyer,Ken Meyer,,,Ken Meyer,Ken Meyer,hc_prior_offensive_coordinator,True,True,,False,https://en.wikipedia.org/wiki/1977_San_Francisco_49ers_season,1357344334,2026-06-02T03:06:56Z,https://en.wikipedia.org/wiki/Ken_Meyer,1363051895.0,2026-07-07T19:22:13Z,True
1977,TB,Tampa Bay Buccaneers,John McKay,John McKay (American football),,,John McKay,John McKay (American football),hc_fallback_no_oc_documented,False,False,,False,https://en.wikipedia.org/wiki/1977_Tampa_Bay_Buccaneers_season,1364132659,2026-07-14T18:24:24Z,https://en.wikipedia.org/wiki/John_McKay_(American_football),1369453231.0,2026-08-15T02:13:57Z,True
1977,TEN,Houston Oilers,Bum Phillips,Bum Phillips,,,Bum Phillips,Bum Phillips,hc_fallback_no_oc_documented,False,,,False,https://en.wikipedia.org/wiki/1977_Houston_Oilers_season,1356558801,2026-05-28T14:21:33Z,https://en.wikipedia.org/wiki/Bum_Phillips,1335716839.0,2026-01-30T20:19:32Z,True
1977,WAS,Washington Redskins,George Allen,George Allen (American football coach),Charlie Waller,Charlie Waller (American football),Charlie Waller,Charlie Waller (American football),offensive_coordinator,False,True,False,False,https://en.wikipedia.org/wiki/1977_Washington_Redskins_season,1355947530,2026-05-24T21:28:51Z,https://en.wikipedia.org/wiki/Charlie_Waller_(American_football),1320476313.0,2025-11-04T22:41:41Z,False
1978,ATL,Atlanta Falcons,Leeman Bennett,Leeman Bennett,,,Leeman Bennett,Leeman Bennett,hc_prior_offensive_coordinator,True,False,,False,https://en.wikipedia.org/wiki/1978_Atlanta_Falcons_season,1347714933,2026-04-08T09:54:31Z,https://en.wikipedia.org/wiki/Leeman_Bennett,1350310167.0,2026-04-21T05:53:52Z,True
1978,BUF,Buffalo Bills,Chuck Knox,Chuck Knox,,,Chuck Knox,Chuck Knox,hc_fallback_no_oc_documented,False,True,,False,https://en.wikipedia.org/wiki/1978_Buffalo_Bills_season,1356962810,2026-05-30T22:55:41Z,https://en.wikipedia.org/wiki/Chuck_Knox,1363857388.0,2026-07-12T22:29:43Z,True
1978,CHI,Chicago Bears,Neill Armstrong,Neill Armstrong,,,Neill Armstrong,Neill Armstrong,hc_fallback_no_oc_documented,False,True,,False,https://en.wikipedia.org/wiki/1978_Chicago_Bears_season,1359690027,2026-06-16T17:18:17Z,,,,True
1978,CIN,Cincinnati Bengals,Bill Johnson,Bill Johnson (center),,,Bill Johnson,Bill Johnson (center),hc_fallback_no_oc_documented,False,False,,True,https://en.wikipedia.org/wiki/1978_Cincinnati_Bengals_season,1341232684,2026-03-02T03:12:46Z,,,,True
1978,CLE,Cleveland Browns,Sam Rutigliano,Sam Rutigliano,,,Sam Rutigliano,Sam Rutigliano,hc_fallback_no_oc_documented,False,True,,False,https://en.wikipedia.org/wiki/1978_Cleveland_Browns_season,1361472625,2026-06-28T03:45:55Z,https://en.wikipedia.org/wiki/Sam_Rutigliano,1367516007.0,2026-08-03T15:12:42Z,True
1978,DEN,Denver Broncos,Red Miller,Red Miller,,,Red Miller,Red Miller,hc_fallback_no_oc_documented,False,False,,False,https://en.wikipedia.org/wiki/1978_Denver_Broncos_season,1345885853,2026-03-28T19:46:01Z,https://en.wikipedia.org/wiki/Red_Miller,1350309551.0,2026-04-21T05:50:15Z,True
1978,DET,Detroit Lions,Monte Clark,Monte Clark,,,Monte Clark,Monte Clark,hc_fallback_no_oc_documented,False,True,,False,https://en.wikipedia.org/wiki/1978_Detroit_Lions_season,1364556775,2026-07-17T05:12:28Z,,,,True
1978,GB,Green Bay Packers,Bart Starr,Bart Starr,,,Bart Starr,Bart Starr,hc_fallback_no_oc_documented,False,False,,False,https://en.wikipedia.org/wiki/1978_Green_Bay_Packers_season,1348063764,2026-04-10T13:26:48Z,,,,True
1978,IND,Baltimore Colts,Ted Marchibroda,Ted Marchibroda,,,Ted Marchibroda,Ted Marchibroda,hc_prior_offensive_coordinator,True,False,,False,https://en.wikipedia.org/wiki/1978_Baltimore_Colts_season,1350003545,2026-04-19T21:18:56Z,https://en.wikipedia.org/wiki/Ted_Marchibroda,1370891591.0,2026-08-23T16:28:09Z,True
1978,KC,Kansas City Chiefs,Marv Levy,Marv Levy,,,Marv Levy,Marv Levy,hc_fallback_no_oc_documented,False,True,,False,https://en.wikipedia.org/wiki/1978_Kansas_City_Chiefs_season,1341195100,2026-03-01T23:59:50Z,,,,True
1978,LAC,San Diego Chargers,Tommy Prothro,Tommy Prothro,,,Tommy Prothro,Tommy Prothro,hc_fallback_no_oc_documented,False,,,True,https://en.wikipedia.org/wiki/1978_San_Diego_Chargers_season,1341204707,2026-03-02T00:48:10Z,https://en.wikipedia.org/wiki/Tommy_Prothro,1372834674.0,2026-09-02T14:22:44Z,True
1978,LAR,Los Angeles Rams,Ray Malavasi,Ray Malavasi,,,Ray Malavasi,Ray Malavasi,hc_fallback_no_oc_documented,False,True,,False,https://en.wikipedia.org/wiki/1978_Los_Angeles_Rams_season,1356891789,2026-05-30T13:32:04Z,https://en.wikipedia.org/wiki/Ray_Malavasi,1370899633.0,2026-08-23T17:03:00Z,True
1978,LV,Oakland Raiders,John Madden,John Madden,,,John Madden,John Madden,hc_fallback_no_oc_documented,False,False,,False,https://en.wikipedia.org/wiki/1978_Oakland_Raiders_season,1345845627,2026-03-28T14:39:55Z,,,,True
1978,MIA,Miami Dolphins,Don Shula,Don Shula,,,Don Shula,Don Shula,hc_fallback_no_oc_documented,False,False,,False,https://en.wikipedia.org/wiki/1978_Miami_Dolphins_season,1369582022,2026-08-15T21:43:14Z,https://en.wikipedia.org/wiki/Don_Shula,1370834928.0,2026-08-23T09:12:27Z,True
1978,MIN,Minnesota Vikings,Bud Grant,Bud Grant,,,Bud Grant,Bud Grant,hc_fallback_no_oc_documented,False,False,True,False,https://en.wikipedia.org/wiki/1978_Minnesota_Vikings_season,1369205554,2026-08-13T13:56:01Z,https://en.wikipedia.org/wiki/Bud_Grant,1369867100.0,2026-08-17T17:53:03Z,True
1978,NE,New England Patriots,Chuck Fairbanks,Chuck Fairbanks,,,Chuck Fairbanks,Chuck Fairbanks,hc_fallback_no_oc_documented,False,False,,False,https://en.wikipedia.org/wiki/1978_New_England_Patriots_season,1363048690,2026-07-07T19:02:45Z,https://en.wikipedia.org/wiki/Chuck_Fairbanks,1367531711.0,2026-08-03T17:18:31Z,True
1978,NO,New Orleans Saints,Dick Nolan,Dick Nolan (American football),Ed Hughes,Ed Hughes,Ed Hughes,Ed Hughes,offensive_coordinator,False,True,,False,https://en.wikipedia.org/wiki/1978_New_Orleans_Saints_season,1353504576,2026-05-10T17:28:28Z,https://en.wikipedia.org/wiki/Ed_Hughes,1370716291.0,2026-08-22T18:07:52Z,False
1978,NYG,New York Giants,John McVay,John McVay,,,John McVay,John McVay,hc_fallback_no_oc_documented,False,False,True,False,https://en.wikipedia.org/wiki/1978_New_York_Giants_season,1357820038,2026-06-04T21:28:05Z,https://en.wikipedia.org/wiki/John_McVay,1343226365.0,2026-03-13T02:04:39Z,True
1978,NYJ,New York Jets,Walt Michaels,Walt Michaels,,,Walt Michaels,Walt Michaels,hc_fallback_no_oc_documented,False,,,False,https://en.wikipedia.org/wiki/1978_New_York_Jets_season,1368217703,2026-08-07T19:17:42Z,,,,True
1978,PHI,Philadelphia Eagles,Dick Vermeil,Dick Vermeil,John Ralston,John Ralston (American football),Dick Vermeil,Dick Vermeil,hc_prior_offensive_coordinator,True,False,True,False,https://en.wikipedia.org/wiki/1978_Philadelphia_Eagles_season,1360172088,2026-06-19T17:59:57Z,https://en.wikipedia.org/wiki/Dick_Vermeil,1367619607.0,2026-08-04T04:35:19Z,False
1978,PIT,Pittsburgh Steelers,Chuck Noll,Chuck Noll,,,Chuck Noll,Chuck Noll,hc_fallback_no_oc_documented,False,False,,False,https://en.wikipedia.org/wiki/1978_Pittsburgh_Steelers_season,1364618422,2026-07-17T15:41:48Z,,,,True
1978,SEA,Seattle Seahawks,Jack Patera,Jack Patera,,,Jack Patera,Jack Patera,hc_fallback_no_oc_documented,False,False,,False,https://en.wikipedia.org/wiki/1978_Seattle_Seahawks_season,1365901194,2026-07-25T02:25:00Z,https://en.wikipedia.org/wiki/Jack_Patera,1370218029.0,2026-08-19T20:34:47Z,True
1978,SF,San Francisco 49ers,Pete McCulley,Pete McCulley,Fred O'Connor,,Fred O'Connor,,offensive_coordinator,False,True,,True,https://en.wikipedia.org/wiki/1978_San_Francisco_49ers_season,1341322358,2026-03-02T15:35:22Z,,,,True
1978,TB,Tampa Bay Buccaneers,John McKay,John McKay (football coach),,,John McKay,John McKay (football coach),hc_fallback_no_oc_documented,False,True,,False,https://en.wikipedia.org/wiki/1978_Tampa_Bay_Buccaneers_season,1364630894,2026-07-17T16:57:36Z,,,,True
1978,WAS,Washington Redskins,Jack Pardee,Jack Pardee,Joe Walton,Joe Walton,Joe Walton,Joe Walton,offensive_coordinator,False,True,True,False,https://en.wikipedia.org/wiki/1978_Washington_Redskins_season,1368553708,2026-08-09T19:30:34Z,,,,True
1979,ATL,Atlanta Falcons,Leeman Bennett,Leeman Bennett,,,Leeman Bennett,Leeman Bennett,hc_prior_offensive_coordinator,True,False,,False,https://en.wikipedia.org/wiki/1979_Atlanta_Falcons_season,1341318678,2026-03-02T15:05:38Z,https://en.wikipedia.org/wiki/Leeman_Bennett,1350310167.0,2026-04-21T05:53:52Z,True
1979,BUF,Buffalo Bills,Chuck Knox,Chuck Knox,,,Chuck Knox,Chuck Knox,hc_fallback_no_oc_documented,False,False,,False,https://en.wikipedia.org/wiki/1979_Buffalo_Bills_season,1343541813,2026-03-14T23:52:46Z,https://en.wikipedia.org/wiki/Chuck_Knox,1363857388.0,2026-07-12T22:29:43Z,True
1979,CHI,Chicago Bears,Neill Armstrong,Neill Armstrong,,,Neill Armstrong,Neill Armstrong,hc_fallback_no_oc_documented,False,False,,False,https://en.wikipedia.org/wiki/1979_Chicago_Bears_season,1359690044,2026-06-16T17:18:24Z,,,,True
1979,CIN,Cincinnati Bengals,Homer Rice,Homer Rice,,,Homer Rice,Homer Rice,hc_fallback_no_oc_documented,False,False,,False,https://en.wikipedia.org/wiki/1979_Cincinnati_Bengals_season,1343544381,2026-03-15T00:10:53Z,https://en.wikipedia.org/wiki/Homer_Rice,1324864717.0,2025-11-29T23:34:25Z,True
1979,CLE,Cleveland Browns,Sam Rutigliano,Sam Rutigliano,,,Sam Rutigliano,Sam Rutigliano,hc_fallback_no_oc_documented,False,False,,False,https://en.wikipedia.org/wiki/1979_Cleveland_Browns_season,1356835823,2026-05-30T03:07:02Z,https://en.wikipedia.org/wiki/Sam_Rutigliano,1367516007.0,2026-08-03T15:12:42Z,True
1979,DAL,Dallas Cowboys,Tom Landry,Tom Landry,,,Tom Landry,Tom Landry,hc_fallback_no_oc_documented,False,,,False,https://en.wikipedia.org/wiki/1979_Dallas_Cowboys_season,1358236347,2026-06-07T13:00:16Z,https://en.wikipedia.org/wiki/Tom_Landry,1372424676.0,2026-08-31T17:59:13Z,True
1979,DEN,Denver Broncos,Red Miller,Red Miller,,,Red Miller,Red Miller,hc_fallback_no_oc_documented,False,False,,False,https://en.wikipedia.org/wiki/1979_Denver_Broncos_season,1345885871,2026-03-28T19:46:10Z,https://en.wikipedia.org/wiki/Red_Miller,1350309551.0,2026-04-21T05:50:15Z,True
1979,DET,Detroit Lions,Monte Clark,Monte Clark,,,Monte Clark,Monte Clark,hc_fallback_no_oc_documented,False,False,,False,https://en.wikipedia.org/wiki/1979_Detroit_Lions_season,1352389951,2026-05-03T22:51:25Z,,,,True
1979,GB,Green Bay Packers,Bart Starr,Bart Starr,,,Bart Starr,Bart Starr,hc_fallback_no_oc_documented,False,False,,False,https://en.wikipedia.org/wiki/1979_Green_Bay_Packers_season,1364733628,2026-07-18T05:30:31Z,,,,True
1979,IND,Baltimore Colts,Ted Marchibroda,Ted Marchibroda,,,Ted Marchibroda,Ted Marchibroda,hc_prior_offensive_coordinator,True,False,,False,https://en.wikipedia.org/wiki/1979_Baltimore_Colts_season,1341175706,2026-03-01T21:58:47Z,https://en.wikipedia.org/wiki/Ted_Marchibroda,1370891591.0,2026-08-23T16:28:09Z,True
1979,KC,Kansas City Chiefs,Marv Levy,Marv Levy,,,Marv Levy,Marv Levy,hc_fallback_no_oc_documented,False,False,,False,https://en.wikipedia.org/wiki/1979_Kansas_City_Chiefs_season,1341195123,2026-03-01T23:59:58Z,,,,True
1979,LAR,Los Angeles Rams,Ray Malavasi,Ray Malavasi,,,Ray Malavasi,Ray Malavasi,hc_fallback_no_oc_documented,False,False,,False,https://en.wikipedia.org/wiki/1979_Los_Angeles_Rams_season,1359299938,2026-06-14T13:20:43Z,https://en.wikipedia.org/wiki/Ray_Malavasi,1370899633.0,2026-08-23T17:03:00Z,True
1979,LV,Oakland Raiders,Tom Flores,Tom Flores,,,Tom Flores,Tom Flores,hc_fallback_no_oc_documented,False,True,,False,https://en.wikipedia.org/wiki/1979_Oakland_Raiders_season,1352228550,2026-05-02T23:00:17Z,,,,True
1979,MIA,Miami Dolphins,Don Shula,Don Shula,,,Don Shula,Don Shula,hc_fallback_no_oc_documented,False,False,,False,https://en.wikipedia.org/wiki/1979_Miami_Dolphins_season,1358328246,2026-06-08T01:14:45Z,https://en.wikipedia.org/wiki/Don_Shula,1370834928.0,2026-08-23T09:12:27Z,True
1979,MIN,Minnesota Vikings,Bud Grant,Bud Grant,,,Bud Grant,Bud Grant,hc_fallback_no_oc_documented,False,False,,False,https://en.wikipedia.org/wiki/1979_Minnesota_Vikings_season,1356661551,2026-05-29T02:37:05Z,https://en.wikipedia.org/wiki/Bud_Grant,1369867100.0,2026-08-17T17:53:03Z,True
1979,NE,New England Patriots,Ron Erhardt,Ron Erhardt,,,Ron Erhardt,Ron Erhardt,hc_fallback_no_oc_documented,False,True,,False,https://en.wikipedia.org/wiki/1979_New_England_Patriots_season,1355530295,2026-05-22T11:14:31Z,https://en.wikipedia.org/wiki/Ron_Erhardt,1361270314.0,2026-06-26T20:56:47Z,True
1979,NO,New Orleans Saints,Dick Nolan,Dick Nolan (American football),Ed Hughes,Ed Hughes,Ed Hughes,Ed Hughes,offensive_coordinator,False,False,False,False,https://en.wikipedia.org/wiki/1979_New_Orleans_Saints_season,1353505399,2026-05-10T17:31:52Z,https://en.wikipedia.org/wiki/Ed_Hughes,1370716291.0,2026-08-22T18:07:52Z,False
1979,NYG,New York Giants,Ray Perkins,Ray Perkins (wide receiver),,,Ray Perkins,Ray Perkins (wide receiver),hc_fallback_no_oc_documented,False,True,,False,https://en.wikipedia.org/wiki/1979_New_York_Giants_season,1345187265,2026-03-24T20:00:58Z,,,,True
1979,NYJ,New York Jets,Walt Michaels,Walt Michaels,,,Walt Michaels,Walt Michaels,hc_fallback_no_oc_documented,False,False,,False,https://en.wikipedia.org/wiki/1979_New_York_Jets_season,1348589366,2026-04-13T11:24:29Z,,,,True
1979,PHI,Philadelphia Eagles,Dick Vermeil,Dick Vermeil,,,Dick Vermeil,Dick Vermeil,hc_prior_offensive_coordinator,True,False,True,False,https://en.wikipedia.org/wiki/1979_Philadelphia_Eagles_season,1371561223,2026-08-27T03:35:27Z,https://en.wikipedia.org/wiki/Dick_Vermeil,1367619607.0,2026-08-04T04:35:19Z,True
1979,PIT,Pittsburgh Steelers,Chuck Noll,Chuck Noll,,,Chuck Noll,Chuck Noll,hc_fallback_no_oc_documented,False,False,,False,https://en.wikipedia.org/wiki/1979_Pittsburgh_Steelers_season,1367980333,2026-08-06T09:21:46Z,,,,True
1979,SEA,Seattle Seahawks,Jack Patera,Jack Patera,,,Jack Patera,Jack Patera,hc_fallback_no_oc_documented,False,False,,False,https://en.wikipedia.org/wiki/1979_Seattle_Seahawks_season,1366725126,2026-07-29T20:24:54Z,https://en.wikipedia.org/wiki/Jack_Patera,1370218029.0,2026-08-19T20:34:47Z,True
1979,SF,San Francisco 49ers,Bill Walsh,,,,Bill Walsh,,hc_fallback_no_oc_documented,False,True,True,False,https://en.wikipedia.org/wiki/1979_San_Francisco_49ers_season,1357778066,2026-06-04T16:51:29Z,,,,True
1979,TB,Tampa Bay Buccaneers,John McKay,John McKay (football coach),,,John McKay,John McKay (football coach),hc_fallback_no_oc_documented,False,False,,False,https://en.wikipedia.org/wiki/1979_Tampa_Bay_Buccaneers_season,1365774980,2026-07-24T10:10:07Z,,,,True
1979,TEN,Houston Oilers,Bum Phillips,,,,Bum Phillips,,hc_fallback_no_oc_documented,False,,,False,https://en.wikipedia.org/wiki/1979_Houston_Oilers_season,1364097149,2026-07-14T13:34:19Z,,,,True
1979,WAS,Washington Redskins,Jack Pardee,Jack Pardee,Joe Walton,Joe Walton,Joe Walton,Joe Walton,offensive_coordinator,False,False,False,False,https://en.wikipedia.org/wiki/1979_Washington_Redskins_season,1359271452,2026-06-14T07:23:11Z,,,,True
1980,ATL,Atlanta Falcons,Leeman Bennett,Leeman Bennett,,,Leeman Bennett,Leeman Bennett,hc_prior_offensive_coordinator,True,False,,False,https://en.wikipedia.org/wiki/1980_Atlanta_Falcons_season,1352274035,2026-05-03T06:26:38Z,https://en.wikipedia.org/wiki/Leeman_Bennett,1350310167.0,2026-04-21T05:53:52Z,True
1980,BUF,Buffalo Bills,Chuck Knox,Chuck Knox,Ray Prochaska,Ray Prochaska,Ray Prochaska,Ray Prochaska,offensive_coordinator,False,False,,False,https://en.wikipedia.org/wiki/1980_Buffalo_Bills_season,1365181385,2026-07-20T20:12:21Z,,,,True
1980,CHI,Chicago Bears,Neill Armstrong,Neill Armstrong,,,Neill Armstrong,Neill Armstrong,hc_fallback_no_oc_documented,False,False,,False,https://en.wikipedia.org/wiki/1980_Chicago_Bears_season,1360144881,2026-06-19T14:43:28Z,,,,True
1980,CIN,Cincinnati Bengals,Forrest Gregg,Forrest Gregg,,,Forrest Gregg,Forrest Gregg,hc_fallback_no_oc_documented,False,True,,False,https://en.wikipedia.org/wiki/1980_Cincinnati_Bengals_season,1347001313,2026-04-04T02:56:02Z,,,,True
1980,CLE,Cleveland Browns,Sam Rutigliano,Sam Rutigliano,,,Sam Rutigliano,Sam Rutigliano,hc_fallback_no_oc_documented,False,False,,False,https://en.wikipedia.org/wiki/1980_Cleveland_Browns_season,1341394461,2026-03-03T00:27:00Z,https://en.wikipedia.org/wiki/Sam_Rutigliano,1367516007.0,2026-08-03T15:12:42Z,True
1980,DEN,Denver Broncos,Red Miller,Red Miller,Rod Dowhower,Rod Dowhower,Rod Dowhower,Rod Dowhower,offensive_coordinator,False,False,,False,https://en.wikipedia.org/wiki/1980_Denver_Broncos_season,1363949115,2026-07-13T14:08:37Z,https://en.wikipedia.org/wiki/Rod_Dowhower,1321932634.0,2025-11-13T13:17:02Z,False
1980,DET,Detroit Lions,Monte Clark,Monte Clark,,,Monte Clark,Monte Clark,hc_fallback_no_oc_documented,False,False,,False,https://en.wikipedia.org/wiki/1980_Detroit_Lions_season,1365429614,2026-07-22T10:25:30Z,,,,True
1980,GB,Green Bay Packers,Bart Starr,Bart Starr,,,Bart Starr,Bart Starr,hc_fallback_no_oc_documented,False,False,,False,https://en.wikipedia.org/wiki/1980_Green_Bay_Packers_season,1358156413,2026-06-06T23:25:19Z,,,,True
1980,IND,Baltimore Colts,Mike McCormack,Mike McCormack (American football),,,Mike McCormack,Mike McCormack (American football),hc_fallback_no_oc_documented,False,True,,False,https://en.wikipedia.org/wiki/1980_Baltimore_Colts_season,1341175725,2026-03-01T21:58:55Z,https://en.wikipedia.org/wiki/Mike_McCormack_(American_football),1352686700.0,2026-05-05T17:45:31Z,True
1980,KC,Kansas City Chiefs,Marv Levy,Marv Levy,,,Marv Levy,Marv Levy,hc_fallback_no_oc_documented,False,False,,False,https://en.wikipedia.org/wiki/1980_Kansas_City_Chiefs_season,1366021456,2026-07-25T20:38:56Z,,,,True
1980,LAC,San Diego Chargers,Don Coryell,Don Coryell,Joe Gibbs,Joe Gibbs,Joe Gibbs,Joe Gibbs,offensive_coordinator,False,,,False,https://en.wikipedia.org/wiki/1980_San_Diego_Chargers_season,1365456770,2026-07-22T14:54:39Z,,,,True
1980,LAR,Los Angeles Rams,Ray Malavasi,Ray Malavasi,Lionel Taylor,Lionel Taylor,Lionel Taylor,Lionel Taylor,offensive_coordinator,False,False,,False,https://en.wikipedia.org/wiki/1980_Los_Angeles_Rams_season,1341214994,2026-03-02T01:42:47Z,,,,True
1980,LV,Oakland Raiders,Tom Flores,Tom Flores,,,Tom Flores,Tom Flores,hc_fallback_no_oc_documented,False,False,,False,https://en.wikipedia.org/wiki/1980_Oakland_Raiders_season,1370366904,2026-08-20T18:41:38Z,,,,True
1980,MIA,Miami Dolphins,Don Shula,Don Shula,,,Don Shula,Don Shula,hc_fallback_no_oc_documented,False,False,,False,https://en.wikipedia.org/wiki/1980_Miami_Dolphins_season,1357143548,2026-06-01T00:26:24Z,https://en.wikipedia.org/wiki/Don_Shula,1370834928.0,2026-08-23T09:12:27Z,True
1980,MIN,Minnesota Vikings,Bud Grant,Bud Grant,Jerry Burns,Jerry Burns,Jerry Burns,Jerry Burns,offensive_coordinator,False,False,,False,https://en.wikipedia.org/wiki/1980_Minnesota_Vikings_season,1361582211,2026-06-28T21:45:25Z,https://en.wikipedia.org/wiki/Jerry_Burns,1350311272.0,2026-04-21T06:02:07Z,False
1980,NE,New England Patriots,Ron Erhardt,Ron Erhardt,,,Ron Erhardt,Ron Erhardt,hc_fallback_no_oc_documented,False,False,,False,https://en.wikipedia.org/wiki/1980_New_England_Patriots_season,1341198146,2026-03-02T00:12:51Z,https://en.wikipedia.org/wiki/Ron_Erhardt,1361270314.0,2026-06-26T20:56:47Z,True
1980,NO,New Orleans Saints,Dick Nolan,Dick Nolan (American football),Ed Hughes,Ed Hughes,Ed Hughes,Ed Hughes,offensive_coordinator,False,False,False,True,https://en.wikipedia.org/wiki/1980_New_Orleans_Saints_season,1368404671,2026-08-08T21:46:45Z,https://en.wikipedia.org/wiki/Ed_Hughes,1370716291.0,2026-08-22T18:07:52Z,True
1980,NYG,New York Giants,Ray Perkins,Ray Perkins (wide receiver),,,Ray Perkins,Ray Perkins (wide receiver),hc_fallback_no_oc_documented,False,False,,False,https://en.wikipedia.org/wiki/1980_New_York_Giants_season,1345187387,2026-03-24T20:01:47Z,,,,True
1980,NYJ,New York Jets,Walt Michaels,Walt Michaels,,,Walt Michaels,Walt Michaels,hc_fallback_no_oc_documented,False,False,,False,https://en.wikipedia.org/wiki/1980_New_York_Jets_season,1352225084,2026-05-02T22:22:31Z,,,,True
1980,PHI,Philadelphia Eagles,Dick Vermeil,Dick Vermeil,,,Dick Vermeil,Dick Vermeil,hc_prior_offensive_coordinator,True,False,,False,https://en.wikipedia.org/wiki/1980_Philadelphia_Eagles_season,1352683045,2026-05-05T17:16:30Z,https://en.wikipedia.org/wiki/Dick_Vermeil,1367619607.0,2026-08-04T04:35:19Z,True
1980,PIT,Pittsburgh Steelers,Chuck Noll,Chuck Noll,,,Chuck Noll,Chuck Noll,hc_fallback_no_oc_documented,False,False,,False,https://en.wikipedia.org/wiki/1980_Pittsburgh_Steelers_season,1360205489,2026-06-19T22:32:02Z,,,,True
1980,SEA,Seattle Seahawks,Jack Patera,Jack Patera,,,Jack Patera,Jack Patera,hc_fallback_no_oc_documented,False,False,,False,https://en.wikipedia.org/wiki/1980_Seattle_Seahawks_season,1369980111,2026-08-18T11:05:59Z,https://en.wikipedia.org/wiki/Jack_Patera,1370218029.0,2026-08-19T20:34:47Z,True
1980,SF,San Francisco 49ers,Bill Walsh,,,,Bill Walsh,,hc_fallback_no_oc_documented,False,True,,False,https://en.wikipedia.org/wiki/1980_San_Francisco_49ers_season,1371101695,2026-08-24T15:55:40Z,,,,True
1980,TB,Tampa Bay Buccaneers,John McKay,John McKay (football coach),,,John McKay,John McKay (football coach),hc_fallback_no_oc_documented,False,False,,False,https://en.wikipedia.org/wiki/1980_Tampa_Bay_Buccaneers_season,1351159178,2026-04-26T08:06:13Z,,,,True
1980,TEN,Houston Oilers,Bum Phillips,Bum Phillips,,,Bum Phillips,Bum Phillips,hc_fallback_no_oc_documented,False,,,False,https://en.wikipedia.org/wiki/1980_Houston_Oilers_season,1341327635,2026-03-02T16:15:08Z,https://en.wikipedia.org/wiki/Bum_Phillips,1335716839.0,2026-01-30T20:19:32Z,True
1980,WAS,Washington Redskins,Jack Pardee,Jack Pardee,Joe Walton,Joe Walton,Joe Walton,Joe Walton,offensive_coordinator,False,False,False,False,https://en.wikipedia.org/wiki/1980_Washington_Redskins_season,1368644019,2026-08-10T07:05:50Z,,,,True
1981,ATL,Atlanta Falcons,Leeman Bennett,Leeman Bennett,,,Leeman Bennett,Leeman Bennett,hc_prior_offensive_coordinator,True,False,,False,https://en.wikipedia.org/wiki/1981_Atlanta_Falcons_season,1341318709,2026-03-02T15:05:55Z,https://en.wikipedia.org/wiki/Leeman_Bennett,1350310167.0,2026-04-21T05:53:52Z,True
1981,BUF,Buffalo Bills,Chuck Knox,Chuck Knox,,,Chuck Knox,Chuck Knox,hc_fallback_no_oc_documented,False,False,True,False,https://en.wikipedia.org/wiki/1981_Buffalo_Bills_season,1355566375,2026-05-22T16:31:45Z,https://en.wikipedia.org/wiki/Chuck_Knox,1363857388.0,2026-07-12T22:29:43Z,True
1981,CHI,Chicago Bears,Neill Armstrong,Neill Armstrong,,,Neill Armstrong,Neill Armstrong,hc_fallback_no_oc_documented,False,False,,False,https://en.wikipedia.org/wiki/1981_Chicago_Bears_season,1360145039,2026-06-19T14:44:37Z,,,,True
1981,CIN,Cincinnati Bengals,Forrest Gregg,Forrest Gregg,Lindy Infante,Lindy Infante,Lindy Infante,Lindy Infante,offensive_coordinator,False,False,,False,https://en.wikipedia.org/wiki/1981_Cincinnati_Bengals_season,1365528545,2026-07-23T00:59:12Z,,,,True
1981,CLE,Cleveland Browns,Sam Rutigliano,Sam Rutigliano,,,Sam Rutigliano,Sam Rutigliano,hc_fallback_no_oc_documented,False,False,,False,https://en.wikipedia.org/wiki/1981_Cleveland_Browns_season,1341394485,2026-03-03T00:27:12Z,https://en.wikipedia.org/wiki/Sam_Rutigliano,1367516007.0,2026-08-03T15:12:42Z,True
1981,DAL,Dallas Cowboys,Tom Landry,Tom Landry,,,Tom Landry,Tom Landry,hc_fallback_no_oc_documented,False,,,False,https://en.wikipedia.org/wiki/1981_Dallas_Cowboys_season,1358236486,2026-06-07T13:01:51Z,https://en.wikipedia.org/wiki/Tom_Landry,1372424676.0,2026-08-31T17:59:13Z,True
1981,DEN,Denver Broncos,Dan Reeves,Dan Reeves,,,Dan Reeves,Dan Reeves,hc_fallback_no_oc_documented,False,True,True,False,https://en.wikipedia.org/wiki/1981_Denver_Broncos_season,1345885908,2026-03-28T19:46:26Z,,,,True
1981,DET,Detroit Lions,Monte Clark,Monte Clark,,,Monte Clark,Monte Clark,hc_fallback_no_oc_documented,False,False,,False,https://en.wikipedia.org/wiki/1981_Detroit_Lions_season,1352388855,2026-05-03T22:42:09Z,,,,True
1981,GB,Green Bay Packers,Bart Starr,Bart Starr,,,Bart Starr,Bart Starr,hc_fallback_no_oc_documented,False,False,,False,https://en.wikipedia.org/wiki/1981_Green_Bay_Packers_season,1364503205,2026-07-16T23:29:56Z,,,,True
1981,IND,Baltimore Colts,Mike McCormack,Mike McCormack (American football),,,Mike McCormack,Mike McCormack (American football),hc_fallback_no_oc_documented,False,False,,False,https://en.wikipedia.org/wiki/1981_Baltimore_Colts_season,1341175746,2026-03-01T21:59:05Z,https://en.wikipedia.org/wiki/Mike_McCormack_(American_football),1352686700.0,2026-05-05T17:45:31Z,True
1981,KC,Kansas City Chiefs,Marv Levy,Marv Levy,,,Marv Levy,Marv Levy,hc_fallback_no_oc_documented,False,False,,False,https://en.wikipedia.org/wiki/1981_Kansas_City_Chiefs_season,1356661095,2026-05-29T02:34:07Z,,,,True
1981,LAC,San Diego Chargers,Don Coryell,Don Coryell,Larrye Weaver,Larrye Weaver,Larrye Weaver,Larrye Weaver,offensive_coordinator,False,False,True,False,https://en.wikipedia.org/wiki/1981_San_Diego_Chargers_season,1365572031,2026-07-23T05:52:36Z,https://en.wikipedia.org/wiki/Larrye_Weaver,1278804718.0,2025-03-04T18:25:58Z,False
1981,LAR,Los Angeles Rams,Ray Malavasi,Ray Malavasi,Lionel Taylor,Lionel Taylor,Lionel Taylor,Lionel Taylor,offensive_coordinator,False,False,False,False,https://en.wikipedia.org/wiki/1981_Los_Angeles_Rams_season,1341215031,2026-03-02T01:42:59Z,,,,True
1981,LV,Oakland Raiders,Tom Flores,Tom Flores,,,Tom Flores,Tom Flores,hc_fallback_no_oc_documented,False,False,,False,https://en.wikipedia.org/wiki/1981_Oakland_Raiders_season,1345968351,2026-03-29T05:49:46Z,,,,True
1981,MIA,Miami Dolphins,Don Shula,Don Shula,,,Don Shula,Don Shula,hc_fallback_no_oc_documented,False,False,,False,https://en.wikipedia.org/wiki/1981_Miami_Dolphins_season,1367177454,2026-08-01T14:08:39Z,https://en.wikipedia.org/wiki/Don_Shula,1370834928.0,2026-08-23T09:12:27Z,True
1981,MIN,Minnesota Vikings,Bud Grant,Bud Grant,,,Bud Grant,Bud Grant,hc_fallback_no_oc_documented,False,False,True,False,https://en.wikipedia.org/wiki/1981_Minnesota_Vikings_season,1341320176,2026-03-02T15:16:36Z,https://en.wikipedia.org/wiki/Bud_Grant,1369867100.0,2026-08-17T17:53:03Z,True
1981,NE,New England Patriots,Ron Erhardt,Ron Erhardt,,,Ron Erhardt,Ron Erhardt,hc_fallback_no_oc_documented,False,False,,False,https://en.wikipedia.org/wiki/1981_New_England_Patriots_season,1341198175,2026-03-02T00:13:00Z,https://en.wikipedia.org/wiki/Ron_Erhardt,1361270314.0,2026-06-26T20:56:47Z,True
1981,NO,New Orleans Saints,Bum Phillips,Bum Phillips,King Hill,King Hill,King Hill,King Hill,offensive_coordinator,False,True,True,False,https://en.wikipedia.org/wiki/1981_New_Orleans_Saints_season,1368177709,2026-08-07T13:45:13Z,https://en.wikipedia.org/wiki/King_Hill,1369312383.0,2026-08-14T05:50:06Z,False
1981,NYG,New York Giants,Ray Perkins,Ray Perkins (wide receiver),,,Ray Perkins,Ray Perkins (wide receiver),hc_fallback_no_oc_documented,False,False,,False,https://en.wikipedia.org/wiki/1981_New_York_Giants_season,1369207488,2026-08-13T14:12:53Z,,,,True
1981,NYJ,New York Jets,Walt Michaels,Walt Michaels,Joe Walton,Joe Walton,Joe Walton,Joe Walton,offensive_coordinator,False,False,,False,https://en.wikipedia.org/wiki/1981_New_York_Jets_season,1341191425,2026-03-01T23:39:33Z,,,,True
1981,PHI,Philadelphia Eagles,Dick Vermeil,Dick Vermeil,,,Dick Vermeil,Dick Vermeil,hc_prior_offensive_coordinator,True,False,,False,https://en.wikipedia.org/wiki/1981_Philadelphia_Eagles_season,1352682286,2026-05-05T17:10:15Z,https://en.wikipedia.org/wiki/Dick_Vermeil,1367619607.0,2026-08-04T04:35:19Z,True
1981,PIT,Pittsburgh Steelers,Chuck Noll,Chuck Noll,,,Chuck Noll,Chuck Noll,hc_fallback_no_oc_documented,False,False,,False,https://en.wikipedia.org/wiki/1981_Pittsburgh_Steelers_season,1360205643,2026-06-19T22:33:26Z,,,,True
1981,SEA,Seattle Seahawks,Jack Patera,Jack Patera,,,Jack Patera,Jack Patera,hc_fallback_no_oc_documented,False,False,,False,https://en.wikipedia.org/wiki/1981_Seattle_Seahawks_season,1369980174,2026-08-18T11:06:50Z,https://en.wikipedia.org/wiki/Jack_Patera,1370218029.0,2026-08-19T20:34:47Z,True
1981,SF,San Francisco 49ers,Bill Walsh,,,,Bill Walsh,,hc_fallback_no_oc_documented,False,True,,False,https://en.wikipedia.org/wiki/1981_San_Francisco_49ers_season,1367748007,2026-08-04T23:53:01Z,,,,True
1981,TB,Tampa Bay Buccaneers,John McKay,John McKay (football coach),,,John McKay,John McKay (football coach),hc_fallback_no_oc_documented,False,False,,False,https://en.wikipedia.org/wiki/1981_Tampa_Bay_Buccaneers_season,1351159307,2026-04-26T08:07:35Z,,,,True
1981,TEN,Houston Oilers,Ed Biles,Ed Biles,Jim Shofner,Jim Shofner,Jim Shofner,Jim Shofner,offensive_coordinator,False,True,,False,https://en.wikipedia.org/wiki/1981_Houston_Oilers_season,1358811939,2026-06-11T03:08:13Z,https://en.wikipedia.org/wiki/Jim_Shofner,1368938064.0,2026-08-11T23:55:21Z,False
1981,WAS,Washington Redskins,Joe Gibbs,Joe Gibbs,Joe Bugel,Joe Bugel,Joe Bugel,Joe Bugel,offensive_coordinator,False,True,True,False,https://en.wikipedia.org/wiki/1981_Washington_Redskins_season,1368644288,2026-08-10T07:07:42Z,https://en.wikipedia.org/wiki/Joe_Bugel,1368242009.0,2026-08-07T22:22:19Z,False
1982,ATL,Atlanta Falcons,Leeman Bennett,Leeman Bennett,,,Leeman Bennett,Leeman Bennett,hc_prior_offensive_coordinator,True,False,,False,https://en.wikipedia.org/wiki/1982_Atlanta_Falcons_season,1341318733,2026-03-02T15:06:05Z,https://en.wikipedia.org/wiki/Leeman_Bennett,1350310167.0,2026-04-21T05:53:52Z,True
1982,BUF,Buffalo Bills,Chuck Knox,Chuck Knox,,,Chuck Knox,Chuck Knox,hc_fallback_no_oc_documented,False,False,,False,https://en.wikipedia.org/wiki/1982_Buffalo_Bills_season,1358236608,2026-06-07T13:03:20Z,https://en.wikipedia.org/wiki/Chuck_Knox,1363857388.0,2026-07-12T22:29:43Z,True
1982,CHI,Chicago Bears,Mike Ditka,Mike Ditka,,,Mike Ditka,Mike Ditka,hc_fallback_no_oc_documented,False,True,,False,https://en.wikipedia.org/wiki/1982_Chicago_Bears_season,1341141869,2026-03-01T18:15:35Z,,,,True
1982,CIN,Cincinnati Bengals,Forrest Gregg,Forrest Gregg,Lindy Infante,Lindy Infante,Lindy Infante,Lindy Infante,offensive_coordinator,False,False,False,False,https://en.wikipedia.org/wiki/1982_Cincinnati_Bengals_season,1341232813,2026-03-02T03:13:28Z,,,,True
1982,CLE,Cleveland Browns,Sam Rutigliano,Sam Rutigliano,Larrye Weaver,Larrye Weaver,Larrye Weaver,Larrye Weaver,offensive_coordinator,False,False,,False,https://en.wikipedia.org/wiki/1982_Cleveland_Browns_season,1341394509,2026-03-03T00:27:22Z,https://en.wikipedia.org/wiki/Larrye_Weaver,1278804718.0,2025-03-04T18:25:58Z,False
1982,DAL,Dallas Cowboys,Tom Landry,Tom Landry,,,Tom Landry,Tom Landry,hc_fallback_no_oc_documented,False,False,,False,https://en.wikipedia.org/wiki/1982_Dallas_Cowboys_season,1354705194,2026-05-17T21:59:02Z,https://en.wikipedia.org/wiki/Tom_Landry,1372424676.0,2026-08-31T17:59:13Z,True
1982,DEN,Denver Broncos,Dan Reeves,Dan Reeves,,,Dan Reeves,Dan Reeves,hc_fallback_no_oc_documented,False,False,,False,https://en.wikipedia.org/wiki/1982_Denver_Broncos_season,1354070834,2026-05-14T03:28:48Z,,,,True
1982,DET,Detroit Lions,Monte Clark,Monte Clark,Ted Marchibroda,Ted Marchibroda,Ted Marchibroda,Ted Marchibroda,offensive_coordinator,False,False,,False,https://en.wikipedia.org/wiki/1982_Detroit_Lions_season,1354170325,2026-05-14T19:19:49Z,https://en.wikipedia.org/wiki/Ted_Marchibroda,1370891591.0,2026-08-23T16:28:09Z,False
1982,GB,Green Bay Packers,Bart Starr,Bart Starr,Bob Schnelker,Bob Schnelker,Bob Schnelker,Bob Schnelker,offensive_coordinator,False,False,,False,https://en.wikipedia.org/wiki/1982_Green_Bay_Packers_season,1351133151,2026-04-26T03:06:55Z,https://en.wikipedia.org/wiki/Bob_Schnelker,1364833285.0,2026-07-18T19:57:26Z,False
1982,IND,Baltimore Colts,Frank Kush,Frank Kush,,,Frank Kush,Frank Kush,hc_fallback_no_oc_documented,False,True,,False,https://en.wikipedia.org/wiki/1982_Baltimore_Colts_season,1341175760,2026-03-01T21:59:16Z,https://en.wikipedia.org/wiki/Frank_Kush,1359664064.0,2026-06-16T14:06:15Z,True
1982,KC,Kansas City Chiefs,Marv Levy,Marv Levy,,,Marv Levy,Marv Levy,hc_fallback_no_oc_documented,False,False,,False,https://en.wikipedia.org/wiki/1982_Kansas_City_Chiefs_season,1354071290,2026-05-14T03:32:42Z,,,,True
1982,LAC,San Diego Chargers,Don Coryell,Don Coryell,Larrye Weaver,Larrye Weaver,Larrye Weaver,Larrye Weaver,offensive_coordinator,False,False,False,False,https://en.wikipedia.org/wiki/1982_San_Diego_Chargers_season,1357245218,2026-06-01T15:40:41Z,https://en.wikipedia.org/wiki/Larrye_Weaver,1278804718.0,2025-03-04T18:25:58Z,False
1982,LAR,Los Angeles Rams,Ray Malavasi,Ray Malavasi,,,Ray Malavasi,Ray Malavasi,hc_fallback_no_oc_documented,False,False,True,False,https://en.wikipedia.org/wiki/1982_Los_Angeles_Rams_season,1341215083,2026-03-02T01:43:16Z,https://en.wikipedia.org/wiki/Ray_Malavasi,1370899633.0,2026-08-23T17:03:00Z,True
1982,LV,Los Angeles Raiders,Tom Flores,Tom Flores,,,Tom Flores,Tom Flores,hc_fallback_no_oc_documented,False,False,,False,https://en.wikipedia.org/wiki/1982_Los_Angeles_Raiders_season,1345968226,2026-03-29T05:48:34Z,,,,True
1982,MIA,Miami Dolphins,Don Shula,,,,Don Shula,,hc_fallback_no_oc_documented,False,True,,False,https://en.wikipedia.org/wiki/1982_Miami_Dolphins_season,1341325918,2026-03-02T16:03:37Z,,,,True
1982,MIN,Minnesota Vikings,Bud Grant,Bud Grant,Jerry Burns,Jerry Burns,Jerry Burns,Jerry Burns,offensive_coordinator,False,False,,False,https://en.wikipedia.org/wiki/1982_Minnesota_Vikings_season,1341320197,2026-03-02T15:16:45Z,https://en.wikipedia.org/wiki/Jerry_Burns,1350311272.0,2026-04-21T06:02:07Z,False
1982,NE,New England Patriots,Ron Meyer,Ron Meyer,,,Ron Meyer,Ron Meyer,hc_fallback_no_oc_documented,False,True,,False,https://en.wikipedia.org/wiki/1982_New_England_Patriots_season,1372960246,2026-09-03T04:56:41Z,https://en.wikipedia.org/wiki/Ron_Meyer,1328880333.0,2025-12-22T09:12:20Z,True
1982,NO,New Orleans Saints,Bum Phillips,Bum Phillips,King Hill,King Hill,King Hill,King Hill,offensive_coordinator,False,False,False,False,https://en.wikipedia.org/wiki/1982_New_Orleans_Saints_season,1341200226,2026-03-02T00:24:27Z,https://en.wikipedia.org/wiki/King_Hill,1369312383.0,2026-08-14T05:50:06Z,False
1982,NYG,New York Giants,Ray Perkins,Ray Perkins,Ron Erhardt,Ron Erhardt,Ron Erhardt,Ron Erhardt,offensive_coordinator,False,True,,False,https://en.wikipedia.org/wiki/1982_New_York_Giants_season,1345187804,2026-03-24T20:04:28Z,https://en.wikipedia.org/wiki/Ron_Erhardt,1361270314.0,2026-06-26T20:56:47Z,False
1982,PHI,Philadelphia Eagles,Dick Vermeil,Dick Vermeil,,,Dick Vermeil,Dick Vermeil,hc_prior_offensive_coordinator,True,False,,False,https://en.wikipedia.org/wiki/1982_Philadelphia_Eagles_season,1352681903,2026-05-05T17:07:08Z,https://en.wikipedia.org/wiki/Dick_Vermeil,1367619607.0,2026-08-04T04:35:19Z,True
1982,PIT,Pittsburgh Steelers,Chuck Noll,Chuck Noll,,,Chuck Noll,Chuck Noll,hc_fallback_no_oc_documented,False,False,,False,https://en.wikipedia.org/wiki/1982_Pittsburgh_Steelers_season,1369372338,2026-08-14T15:42:36Z,,,,True
1982,SEA,Seattle Seahawks,Jack Patera,Jack Patera,,,Jack Patera,Jack Patera,hc_fallback_no_oc_documented,False,False,,True,https://en.wikipedia.org/wiki/1982_Seattle_Seahawks_season,1369980263,2026-08-18T11:07:55Z,https://en.wikipedia.org/wiki/Jack_Patera,1370218029.0,2026-08-19T20:34:47Z,True
1982,SF,San Francisco 49ers,Bill Walsh,,,,Bill Walsh,,hc_fallback_no_oc_documented,False,True,,False,https://en.wikipedia.org/wiki/1982_San_Francisco_49ers_season,1341322426,2026-03-02T15:35:58Z,,,,True
1982,TB,Tampa Bay Buccaneers,John McKay,John McKay (football coach),,,John McKay,John McKay (football coach),hc_fallback_no_oc_documented,False,False,,False,https://en.wikipedia.org/wiki/1982_Tampa_Bay_Buccaneers_season,1369602669,2026-08-16T00:32:57Z,,,,True
1982,TEN,Houston Oilers,Ed Biles,Ed Biles,Jim Shofner,Jim Shofner,Jim Shofner,Jim Shofner,offensive_coordinator,False,False,False,False,https://en.wikipedia.org/wiki/1982_Houston_Oilers_season,1355662862,2026-05-23T04:16:25Z,https://en.wikipedia.org/wiki/Jim_Shofner,1368938064.0,2026-08-11T23:55:21Z,False
1982,WAS,Washington Redskins,Joe Gibbs,Joe Gibbs,Joe Bugel,Joe Bugel,Joe Bugel,Joe Bugel,offensive_coordinator,False,False,False,False,https://en.wikipedia.org/wiki/1982_Washington_Redskins_season,1369712566,2026-08-16T17:42:12Z,https://en.wikipedia.org/wiki/Joe_Bugel,1368242009.0,2026-08-07T22:22:19Z,False
1983,ATL,Atlanta Falcons,Dan Henning,Dan Henning,,,Dan Henning,Dan Henning,hc_fallback_no_oc_documented,False,True,,False,https://en.wikipedia.org/wiki/1983_Atlanta_Falcons_season,1344837983,2026-03-22T21:17:40Z,https://en.wikipedia.org/wiki/Dan_Henning,1366044797.0,2026-07-25T23:33:18Z,True
1983,BUF,Buffalo Bills,Kay Stephenson,Kay Stephenson,,,Kay Stephenson,Kay Stephenson,hc_fallback_no_oc_documented,False,True,,False,https://en.wikipedia.org/wiki/1983_Buffalo_Bills_season,1341138895,2026-03-01T17:56:12Z,,,,True
1983,CHI,Chicago Bears,Mike Ditka,Mike Ditka,,,Mike Ditka,Mike Ditka,hc_fallback_no_oc_documented,False,False,,False,https://en.wikipedia.org/wiki/1983_Chicago_Bears_season,1341141893,2026-03-01T18:15:43Z,,,,True
1983,CIN,Cincinnati Bengals,Forrest Gregg,Forrest Gregg,,,Forrest Gregg,Forrest Gregg,hc_fallback_no_oc_documented,False,False,True,False,https://en.wikipedia.org/wiki/1983_Cincinnati_Bengals_season,1341232838,2026-03-02T03:13:37Z,,,,True
1983,CLE,Cleveland Browns,Sam Rutigliano,Sam Rutigliano,Larrye Weaver,Larrye Weaver,Larrye Weaver,Larrye Weaver,offensive_coordinator,False,False,False,False,https://en.wikipedia.org/wiki/1983_Cleveland_Browns_season,1358237006,2026-06-07T13:07:46Z,https://en.wikipedia.org/wiki/Larrye_Weaver,1278804718.0,2025-03-04T18:25:58Z,False
1983,DAL,Dallas Cowboys,Tom Landry,Tom Landry,,,Tom Landry,Tom Landry,hc_fallback_no_oc_documented,False,False,,False,https://en.wikipedia.org/wiki/1983_Dallas_Cowboys_season,1360114473,2026-06-19T09:31:03Z,https://en.wikipedia.org/wiki/Tom_Landry,1372424676.0,2026-08-31T17:59:13Z,True
1983,DEN,Denver Broncos,Dan Reeves,Dan Reeves,John Hadl,John Hadl,John Hadl,John Hadl,offensive_coordinator,False,False,,False,https://en.wikipedia.org/wiki/1983_Denver_Broncos_season,1354070981,2026-05-14T03:30:02Z,,,,True
1983,DET,Detroit Lions,Monte Clark,Monte Clark,Ted Marchibroda,Ted Marchibroda,Ted Marchibroda,Ted Marchibroda,offensive_coordinator,False,False,False,False,https://en.wikipedia.org/wiki/1983_Detroit_Lions_season,1365772964,2026-07-24T09:46:01Z,https://en.wikipedia.org/wiki/Ted_Marchibroda,1370891591.0,2026-08-23T16:28:09Z,False
1983,GB,Green Bay Packers,Bart Starr,Bart Starr,Bob Schnelker,Bob Schnelker,Bob Schnelker,Bob Schnelker,offensive_coordinator,False,False,False,False,https://en.wikipedia.org/wiki/1983_Green_Bay_Packers_season,1365779349,2026-07-24T10:48:50Z,https://en.wikipedia.org/wiki/Bob_Schnelker,1364833285.0,2026-07-18T19:57:26Z,False
1983,IND,Baltimore Colts,Frank Kush,Frank Kush,,,Frank Kush,Frank Kush,hc_fallback_no_oc_documented,False,False,,False,https://en.wikipedia.org/wiki/1983_Baltimore_Colts_season,1366560988,2026-07-28T19:00:09Z,https://en.wikipedia.org/wiki/Frank_Kush,1359664064.0,2026-06-16T14:06:15Z,True
1983,KC,Kansas City Chiefs,John Mackovic,John Mackovic,,,John Mackovic,John Mackovic,hc_fallback_no_oc_documented,False,True,,False,https://en.wikipedia.org/wiki/1983_Kansas_City_Chiefs_season,1354071111,2026-05-14T03:31:05Z,https://en.wikipedia.org/wiki/John_Mackovic,1363417058.0,2026-07-10T01:53:39Z,True
1983,LAR,Los Angeles Rams,John Robinson,John Robinson (American football coach),Jimmy Raye,Jimmy Raye II,Jimmy Raye,Jimmy Raye II,offensive_coordinator,False,True,,False,https://en.wikipedia.org/wiki/1983_Los_Angeles_Rams_season,1341215129,2026-03-02T01:43:29Z,,,,True
1983,LV,Los Angeles Raiders,Tom Flores,Tom Flores,,,Tom Flores,Tom Flores,hc_fallback_no_oc_documented,False,False,,False,https://en.wikipedia.org/wiki/1983_Los_Angeles_Raiders_season,1363297024,2026-07-09T08:33:49Z,,,,True
1983,MIA,Miami Dolphins,Don Shula,,,,Don Shula,,hc_fallback_no_oc_documented,False,True,,False,https://en.wikipedia.org/wiki/1983_Miami_Dolphins_season,1341325928,2026-03-02T16:03:46Z,,,,True
1983,MIN,Minnesota Vikings,Bud Grant,Bud Grant,,,Bud Grant,Bud Grant,hc_fallback_no_oc_documented,False,False,True,False,https://en.wikipedia.org/wiki/1983_Minnesota_Vikings_season,1341320216,2026-03-02T15:16:54Z,https://en.wikipedia.org/wiki/Bud_Grant,1369867100.0,2026-08-17T17:53:03Z,True
1983,NE,New England Patriots,Ron Meyer,Ron Meyer,,,Ron Meyer,Ron Meyer,hc_fallback_no_oc_documented,False,False,,False,https://en.wikipedia.org/wiki/1983_New_England_Patriots_season,1341198228,2026-03-02T00:13:22Z,https://en.wikipedia.org/wiki/Ron_Meyer,1328880333.0,2025-12-22T09:12:20Z,True
1983,NO,New Orleans Saints,Bum Phillips,Bum Phillips,King Hill,King Hill,King Hill,King Hill,offensive_coordinator,False,False,False,False,https://en.wikipedia.org/wiki/1983_New_Orleans_Saints_season,1341200251,2026-03-02T00:24:38Z,https://en.wikipedia.org/wiki/King_Hill,1369312383.0,2026-08-14T05:50:06Z,False
1983,NYG,New York Giants,Bill Parcells,Bill Parcells,Ron Erhardt,Ron Erhardt,Ron Erhardt,Ron Erhardt,offensive_coordinator,False,True,False,False,https://en.wikipedia.org/wiki/1983_New_York_Giants_season,1345187879,2026-03-24T20:04:58Z,https://en.wikipedia.org/wiki/Ron_Erhardt,1361270314.0,2026-06-26T20:56:47Z,False
1983,PHI,Philadelphia Eagles,Marion Campbell,Marion Campbell,Dick Wood,Dick Wood,Dick Wood,Dick Wood,offensive_coordinator,False,True,,False,https://en.wikipedia.org/wiki/1983_Philadelphia_Eagles_season,1341182814,2026-03-01T22:46:26Z,,,,True
1983,PIT,Pittsburgh Steelers,Chuck Noll,Chuck Noll,Tom Moore,"Tom Moore (American football coach, born 1938)",Tom Moore,"Tom Moore (American football coach, born 1938)",offensive_coordinator,False,False,,False,https://en.wikipedia.org/wiki/1983_Pittsburgh_Steelers_season,1360205827,2026-06-19T22:35:17Z,"https://en.wikipedia.org/wiki/Tom_Moore_(American_football_coach,_born_1938)",1364279725.0,2026-07-15T16:51:14Z,False
1983,SEA,Seattle Seahawks,Chuck Knox,Chuck Knox,Ray Prochaska,Ray Prochaska,Ray Prochaska,Ray Prochaska,offensive_coordinator,False,True,,False,https://en.wikipedia.org/wiki/1983_Seattle_Seahawks_season,1369980374,2026-08-18T11:09:20Z,,,,True
1983,SF,San Francisco 49ers,Bill Walsh,Bill Walsh (American football coach),,,Bill Walsh,Bill Walsh (American football coach),hc_fallback_no_oc_documented,False,,,False,https://en.wikipedia.org/wiki/1983_San_Francisco_49ers_season,1341322438,2026-03-02T15:36:08Z,,,,True
1983,TB,Tampa Bay Buccaneers,John McKay,John McKay (football coach),,,John McKay,John McKay (football coach),hc_fallback_no_oc_documented,False,False,,False,https://en.wikipedia.org/wiki/1983_Tampa_Bay_Buccaneers_season,1351159600,2026-04-26T08:10:34Z,,,,True
1983,TEN,Houston Oilers,Ed Biles,Ed Biles,Kay Dalton,Kay Dalton,Kay Dalton,Kay Dalton,offensive_coordinator,False,False,True,True,https://en.wikipedia.org/wiki/1983_Houston_Oilers_season,1341327695,2026-03-02T16:15:33Z,https://en.wikipedia.org/wiki/Kay_Dalton,1353818162.0,2026-05-12T15:13:16Z,True
1983,WAS,Washington Redskins,Joe Gibbs,Joe Gibbs,Joe Bugel,Joe Bugel,Joe Bugel,Joe Bugel,offensive_coordinator,False,False,False,False,https://en.wikipedia.org/wiki/1983_Washington_Redskins_season,1368647137,2026-08-10T07:29:21Z,https://en.wikipedia.org/wiki/Joe_Bugel,1368242009.0,2026-08-07T22:22:19Z,False
1984,ATL,Atlanta Falcons,Dan Henning,Dan Henning,,,Dan Henning,Dan Henning,hc_fallback_no_oc_documented,False,False,,False,https://en.wikipedia.org/wiki/1984_Atlanta_Falcons_season,1344837846,2026-03-22T21:16:47Z,https://en.wikipedia.org/wiki/Dan_Henning,1366044797.0,2026-07-25T23:33:18Z,True
1984,BUF,Buffalo Bills,Kay Stephenson,Kay Stephenson,,,Kay Stephenson,Kay Stephenson,hc_fallback_no_oc_documented,False,False,,False,https://en.wikipedia.org/wiki/1984_Buffalo_Bills_season,1341138915,2026-03-01T17:56:23Z,,,,True
1984,CHI,Chicago Bears,Mike Ditka,Mike Ditka,Ed Hughes,Ed Hughes,Ed Hughes,Ed Hughes,offensive_coordinator,False,False,,False,https://en.wikipedia.org/wiki/1984_Chicago_Bears_season,1341141911,2026-03-01T18:15:52Z,https://en.wikipedia.org/wiki/Ed_Hughes,1370716291.0,2026-08-22T18:07:52Z,False
1984,CIN,Cincinnati Bengals,Sam Wyche,Sam Wyche,,,Sam Wyche,Sam Wyche,hc_fallback_no_oc_documented,False,True,,False,https://en.wikipedia.org/wiki/1984_Cincinnati_Bengals_season,1370080118,2026-08-19T00:53:56Z,,,,True
1984,CLE,Cleveland Browns,Sam Rutigliano,Sam Rutigliano,Joe Scannella,Joe Scannella,Joe Scannella,Joe Scannella,offensive_coordinator,False,False,True,True,https://en.wikipedia.org/wiki/1984_Cleveland_Browns_season,1341394541,2026-03-03T00:27:42Z,,,,True
1984,DAL,Dallas Cowboys,Tom Landry,Tom Landry,,,Tom Landry,Tom Landry,hc_fallback_no_oc_documented,False,False,,False,https://en.wikipedia.org/wiki/1984_Dallas_Cowboys_season,1341386394,2026-03-02T23:16:00Z,https://en.wikipedia.org/wiki/Tom_Landry,1372424676.0,2026-08-31T17:59:13Z,True
1984,DEN,Denver Broncos,Dan Reeves,Dan Reeves,,,Dan Reeves,Dan Reeves,hc_fallback_no_oc_documented,False,False,True,False,https://en.wikipedia.org/wiki/1984_Denver_Broncos_season,1345885968,2026-03-28T19:46:56Z,,,,True
1984,DET,Detroit Lions,Monte Clark,Monte Clark,,,Monte Clark,Monte Clark,hc_fallback_no_oc_documented,False,False,True,False,https://en.wikipedia.org/wiki/1984_Detroit_Lions_season,1365904072,2026-07-25T02:46:06Z,,,,True
1984,GB,Green Bay Packers,Forrest Gregg,Forrest Gregg,Bob Schnelker,Bob Schnelker,Bob Schnelker,Bob Schnelker,offensive_coordinator,False,True,False,False,https://en.wikipedia.org/wiki/1984_Green_Bay_Packers_season,1365913419,2026-07-25T04:19:18Z,https://en.wikipedia.org/wiki/Bob_Schnelker,1364833285.0,2026-07-18T19:57:26Z,False
1984,IND,Indianapolis Colts,Frank Kush,Frank Kush,,,Frank Kush,Frank Kush,hc_fallback_no_oc_documented,False,False,,False,https://en.wikipedia.org/wiki/1984_Indianapolis_Colts_season,1366560941,2026-07-28T18:59:46Z,https://en.wikipedia.org/wiki/Frank_Kush,1359664064.0,2026-06-16T14:06:15Z,True
1984,KC,Kansas City Chiefs,John Mackovic,John Mackovic,,,John Mackovic,John Mackovic,hc_fallback_no_oc_documented,False,False,,False,https://en.wikipedia.org/wiki/1984_Kansas_City_Chiefs_season,1341195333,2026-03-02T00:00:46Z,https://en.wikipedia.org/wiki/John_Mackovic,1363417058.0,2026-07-10T01:53:39Z,True
1984,LAR,Los Angeles Rams,John Robinson,John Robinson (American football coach),Jimmy Raye,Jimmy Raye II,Jimmy Raye,Jimmy Raye II,offensive_coordinator,False,False,False,False,https://en.wikipedia.org/wiki/1984_Los_Angeles_Rams_season,1365093254,2026-07-20T05:41:24Z,,,,True
1984,LV,Los Angeles Raiders,Tom Flores,Tom Flores,,,Tom Flores,Tom Flores,hc_fallback_no_oc_documented,False,False,,False,https://en.wikipedia.org/wiki/1984_Los_Angeles_Raiders_season,1341192772,2026-03-01T23:47:29Z,,,,True
1984,MIA,Miami Dolphins,Don Shula,Don Shula,,,Don Shula,Don Shula,hc_fallback_no_oc_documented,False,,,False,https://en.wikipedia.org/wiki/1984_Miami_Dolphins_season,1360204783,2026-06-19T22:25:40Z,https://en.wikipedia.org/wiki/Don_Shula,1370834928.0,2026-08-23T09:12:27Z,True
1984,MIN,Minnesota Vikings,Les Steckel,Les Steckel,Jerry Burns,Jerry Burns,Jerry Burns,Jerry Burns,offensive_coordinator,False,True,,False,https://en.wikipedia.org/wiki/1984_Minnesota_Vikings_season,1371971232,2026-08-29T17:12:44Z,https://en.wikipedia.org/wiki/Jerry_Burns,1350311272.0,2026-04-21T06:02:07Z,False
1984,NE,New England Patriots,Ron Meyer,Ron Meyer,,,Ron Meyer,Ron Meyer,hc_fallback_no_oc_documented,False,False,,False,https://en.wikipedia.org/wiki/1984_New_England_Patriots_season,1341198266,2026-03-02T00:13:33Z,https://en.wikipedia.org/wiki/Ron_Meyer,1328880333.0,2025-12-22T09:12:20Z,True
1984,NO,New Orleans Saints,Bum Phillips,Bum Phillips,King Hill,King Hill,King Hill,King Hill,offensive_coordinator,False,False,False,False,https://en.wikipedia.org/wiki/1984_New_Orleans_Saints_season,1341200283,2026-03-02T00:24:50Z,https://en.wikipedia.org/wiki/King_Hill,1369312383.0,2026-08-14T05:50:06Z,False
1984,NYG,New York Giants,Bill Parcells,Bill Parcells,Ron Erhardt,Ron Erhardt,Ron Erhardt,Ron Erhardt,offensive_coordinator,False,False,False,False,https://en.wikipedia.org/wiki/1984_New_York_Giants_season,1369219829,2026-08-13T16:15:39Z,https://en.wikipedia.org/wiki/Ron_Erhardt,1361270314.0,2026-06-26T20:56:47Z,False
1984,NYJ,New York Jets,Joe Walton,Joe Walton,,,Joe Walton,Joe Walton,hc_fallback_no_oc_documented,False,,,False,https://en.wikipedia.org/wiki/1984_New_York_Jets_season,1341191584,2026-03-01T23:40:25Z,,,,True
1984,PHI,Philadelphia Eagles,Marion Campbell,Marion Campbell,Ted Marchibroda,Ted Marchibroda,Ted Marchibroda,Ted Marchibroda,offensive_coordinator,False,False,True,False,https://en.wikipedia.org/wiki/1984_Philadelphia_Eagles_season,1341182831,2026-03-01T22:46:35Z,https://en.wikipedia.org/wiki/Ted_Marchibroda,1370891591.0,2026-08-23T16:28:09Z,False
1984,PIT,Pittsburgh Steelers,Chuck Noll,Chuck Noll,Tom Moore,"Tom Moore (American football coach, born 1938)",Tom Moore,"Tom Moore (American football coach, born 1938)",offensive_coordinator,False,False,False,False,https://en.wikipedia.org/wiki/1984_Pittsburgh_Steelers_season,1368646651,2026-08-10T07:23:57Z,"https://en.wikipedia.org/wiki/Tom_Moore_(American_football_coach,_born_1938)",1364279725.0,2026-07-15T16:51:14Z,False
1984,SEA,Seattle Seahawks,Chuck Knox,Chuck Knox,Ray Prochaska,Ray Prochaska,Ray Prochaska,Ray Prochaska,offensive_coordinator,False,False,False,False,https://en.wikipedia.org/wiki/1984_Seattle_Seahawks_season,1358329485,2026-06-08T01:25:00Z,,,,True
1984,SF,San Francisco 49ers,Bill Walsh,Bill Walsh (American football coach),,,Bill Walsh,Bill Walsh (American football coach),hc_fallback_no_oc_documented,False,False,,False,https://en.wikipedia.org/wiki/1984_San_Francisco_49ers_season,1370272153,2026-08-20T03:53:19Z,,,,True
1984,TB,Tampa Bay Buccaneers,John McKay,John McKay (American football),,,John McKay,John McKay (American football),hc_fallback_no_oc_documented,False,True,,False,https://en.wikipedia.org/wiki/1984_Tampa_Bay_Buccaneers_season,1351159689,2026-04-26T08:11:49Z,https://en.wikipedia.org/wiki/John_McKay_(American_football),1369453231.0,2026-08-15T02:13:57Z,True
1984,TEN,Houston Oilers,Hugh Campbell,Hugh Campbell,Kay Dalton,Kay Dalton,Kay Dalton,Kay Dalton,offensive_coordinator,False,True,False,False,https://en.wikipedia.org/wiki/1984_Houston_Oilers_season,1355665521,2026-05-23T04:49:35Z,https://en.wikipedia.org/wiki/Kay_Dalton,1353818162.0,2026-05-12T15:13:16Z,False
1984,WAS,Washington Redskins,Joe Gibbs,Joe Gibbs,Joe Bugel,Joe Bugel,Joe Bugel,Joe Bugel,offensive_coordinator,False,False,False,False,https://en.wikipedia.org/wiki/1984_Washington_Redskins_season,1368648152,2026-08-10T07:42:15Z,https://en.wikipedia.org/wiki/Joe_Bugel,1368242009.0,2026-08-07T22:22:19Z,False
1985,ATL,Atlanta Falcons,Dan Henning,Dan Henning,,,Dan Henning,Dan Henning,hc_fallback_no_oc_documented,False,False,,False,https://en.wikipedia.org/wiki/1985_Atlanta_Falcons_season,1360101714,2026-06-19T06:46:13Z,https://en.wikipedia.org/wiki/Dan_Henning,1366044797.0,2026-07-25T23:33:18Z,True
1985,BUF,Buffalo Bills,Kay Stephenson,Kay Stephenson,,,Kay Stephenson,Kay Stephenson,hc_fallback_no_oc_documented,False,False,,True,https://en.wikipedia.org/wiki/1985_Buffalo_Bills_season,1341138933,2026-03-01T17:56:32Z,,,,True
1985,CHI,Chicago Bears,Mike Ditka,Mike Ditka,Ed Hughes,Ed Hughes,Ed Hughes,Ed Hughes,offensive_coordinator,False,False,False,False,https://en.wikipedia.org/wiki/1985_Chicago_Bears_season,1370130379,2026-08-19T07:50:16Z,https://en.wikipedia.org/wiki/Ed_Hughes,1370716291.0,2026-08-22T18:07:52Z,False
1985,CIN,Cincinnati Bengals,Sam Wyche,Sam Wyche,Bruce Coslet,Bruce Coslet,Bruce Coslet,Bruce Coslet,offensive_coordinator,False,False,,False,https://en.wikipedia.org/wiki/1985_Cincinnati_Bengals_season,1341232891,2026-03-02T03:13:55Z,,,,True
1985,CLE,Cleveland Browns,Marty Schottenheimer,Marty Schottenheimer,Joe Pendry,Joe Pendry,Joe Pendry,Joe Pendry,offensive_coordinator,False,False,True,False,https://en.wikipedia.org/wiki/1985_Cleveland_Browns_season,1341394566,2026-03-03T00:27:54Z,https://en.wikipedia.org/wiki/Joe_Pendry,1336690578.0,2026-02-05T04:46:36Z,False
1985,DAL,Dallas Cowboys,Tom Landry,Tom Landry,Jim Myers,Jim Myers,Jim Myers,Jim Myers,offensive_coordinator,False,False,,False,https://en.wikipedia.org/wiki/1985_Dallas_Cowboys_season,1354703179,2026-05-17T21:48:32Z,https://en.wikipedia.org/wiki/Jim_Myers,1371125036.0,2026-08-24T18:58:19Z,False
1985,DEN,Denver Broncos,Dan Reeves,Dan Reeves,,,Dan Reeves,Dan Reeves,hc_fallback_no_oc_documented,False,False,,False,https://en.wikipedia.org/wiki/1985_Denver_Broncos_season,1362579086,2026-07-04T22:10:15Z,,,,True
1985,DET,Detroit Lions,Darryl Rogers,Darryl Rogers,Bob Baker,Bob Baker (American football),Bob Baker,Bob Baker (American football),offensive_coordinator,False,True,,False,https://en.wikipedia.org/wiki/1985_Detroit_Lions_season,1341173814,2026-03-01T21:45:43Z,https://en.wikipedia.org/wiki/Bob_Baker_(American_football),1315411561.0,2025-10-06T14:31:21Z,False
1985,GB,Green Bay Packers,Forrest Gregg,Forrest Gregg,Bob Schnelker,Bob Schnelker,Bob Schnelker,Bob Schnelker,offensive_coordinator,False,False,False,False,https://en.wikipedia.org/wiki/1985_Green_Bay_Packers_season,1370212587,2026-08-19T19:55:56Z,https://en.wikipedia.org/wiki/Bob_Schnelker,1364833285.0,2026-07-18T19:57:26Z,False
1985,IND,Indianapolis Colts,Rod Dowhower,Rod Dowhower,,,Rod Dowhower,Rod Dowhower,hc_fallback_no_oc_documented,False,True,,False,https://en.wikipedia.org/wiki/1985_Indianapolis_Colts_season,1359474074,2026-06-15T13:45:01Z,https://en.wikipedia.org/wiki/Rod_Dowhower,1321932634.0,2025-11-13T13:17:02Z,True
1985,KC,Kansas City Chiefs,John Mackovic,John Mackovic,,,John Mackovic,John Mackovic,hc_fallback_no_oc_documented,False,False,,False,https://en.wikipedia.org/wiki/1985_Kansas_City_Chiefs_season,1341195369,2026-03-02T00:00:55Z,https://en.wikipedia.org/wiki/John_Mackovic,1363417058.0,2026-07-10T01:53:39Z,True
1985,LAC,San Diego Chargers,Don Coryell,Don Coryell,Dave Levy,,Dave Levy,,offensive_coordinator,False,,,False,https://en.wikipedia.org/wiki/1985_San_Diego_Chargers_season,1366090393,2026-07-26T05:37:07Z,,,,True
1985,LAR,Los Angeles Rams,John Robinson,John Robinson (American football coach),,,John Robinson,John Robinson (American football coach),hc_fallback_no_oc_documented,False,False,True,False,https://en.wikipedia.org/wiki/1985_Los_Angeles_Rams_season,1356906186,2026-05-30T15:24:03Z,,,,True
1985,LV,Los Angeles Raiders,Tom Flores,Tom Flores,,,Tom Flores,Tom Flores,hc_fallback_no_oc_documented,False,False,,False,https://en.wikipedia.org/wiki/1985_Los_Angeles_Raiders_season,1345441231,2026-03-26T02:58:06Z,,,,True
1985,MIA,Miami Dolphins,Don Shula,Don Shula,,,Don Shula,Don Shula,hc_fallback_no_oc_documented,False,False,,False,https://en.wikipedia.org/wiki/1985_Miami_Dolphins_season,1354328570,2026-05-15T19:04:15Z,https://en.wikipedia.org/wiki/Don_Shula,1370834928.0,2026-08-23T09:12:27Z,True
1985,MIN,Minnesota Vikings,Bud Grant,Bud Grant,Jerry Burns,Jerry Burns,Jerry Burns,Jerry Burns,offensive_coordinator,False,True,False,False,https://en.wikipedia.org/wiki/1985_Minnesota_Vikings_season,1360206512,2026-06-19T22:42:27Z,https://en.wikipedia.org/wiki/Jerry_Burns,1350311272.0,2026-04-21T06:02:07Z,False
1985,NE,New England Patriots,Raymond Berry,Raymond Berry,,,Raymond Berry,Raymond Berry,hc_fallback_no_oc_documented,False,True,,False,https://en.wikipedia.org/wiki/1985_New_England_Patriots_season,1341198308,2026-03-02T00:13:44Z,,,,True
1985,NO,New Orleans Saints,Bum Phillips,Bum Phillips,King Hill,King Hill,King Hill,King Hill,offensive_coordinator,False,False,False,True,https://en.wikipedia.org/wiki/1985_New_Orleans_Saints_season,1371253446,2026-08-25T13:12:16Z,https://en.wikipedia.org/wiki/King_Hill,1369312383.0,2026-08-14T05:50:06Z,True
1985,NYG,New York Giants,Bill Parcells,Bill Parcells,Ron Erhardt,Ron Erhardt,Ron Erhardt,Ron Erhardt,offensive_coordinator,False,False,False,False,https://en.wikipedia.org/wiki/1985_New_York_Giants_season,1369219813,2026-08-13T16:15:32Z,https://en.wikipedia.org/wiki/Ron_Erhardt,1361270314.0,2026-06-26T20:56:47Z,False
1985,NYJ,New York Jets,Joe Walton,Joe Walton,Rich Kotite,Rich Kotite,Rich Kotite,Rich Kotite,offensive_coordinator,False,False,,False,https://en.wikipedia.org/wiki/1985_New_York_Jets_season,1364097446,2026-07-14T13:36:10Z,,,,True
1985,PHI,Philadelphia Eagles,Marion Campbell,Marion Campbell,Ted Marchibroda,Ted Marchibroda,Ted Marchibroda,Ted Marchibroda,offensive_coordinator,False,False,False,False,https://en.wikipedia.org/wiki/1985_Philadelphia_Eagles_season,1341182853,2026-03-01T22:46:43Z,https://en.wikipedia.org/wiki/Ted_Marchibroda,1370891591.0,2026-08-23T16:28:09Z,False
1985,PIT,Pittsburgh Steelers,Chuck Noll,Chuck Noll,Tom Moore,"Tom Moore (American football coach, born 1938)",Tom Moore,"Tom Moore (American football coach, born 1938)",offensive_coordinator,False,False,False,False,https://en.wikipedia.org/wiki/1985_Pittsburgh_Steelers_season,1360206019,2026-06-19T22:37:18Z,"https://en.wikipedia.org/wiki/Tom_Moore_(American_football_coach,_born_1938)",1364279725.0,2026-07-15T16:51:14Z,False
1985,SEA,Seattle Seahawks,Chuck Knox,Chuck Knox,Ray Prochaska,Ray Prochaska,Ray Prochaska,Ray Prochaska,offensive_coordinator,False,False,False,False,https://en.wikipedia.org/wiki/1985_Seattle_Seahawks_season,1358329951,2026-06-08T01:28:31Z,,,,True
1985,SF,San Francisco 49ers,Bill Walsh,Bill Walsh (American football coach),,,Bill Walsh,Bill Walsh (American football coach),hc_fallback_no_oc_documented,False,False,,False,https://en.wikipedia.org/wiki/1985_San_Francisco_49ers_season,1357344702,2026-06-02T03:10:03Z,,,,True
1985,TB,Tampa Bay Buccaneers,Leeman Bennett,Leeman Bennett,,,Leeman Bennett,Leeman Bennett,hc_prior_offensive_coordinator,True,True,,False,https://en.wikipedia.org/wiki/1985_Tampa_Bay_Buccaneers_season,1341180282,2026-03-01T22:30:45Z,https://en.wikipedia.org/wiki/Leeman_Bennett,1350310167.0,2026-04-21T05:53:52Z,True
1985,TEN,Houston Oilers,Hugh Campbell,Hugh Campbell,Joe Faragalli,Joe Faragalli,Joe Faragalli,Joe Faragalli,offensive_coordinator,False,False,True,False,https://en.wikipedia.org/wiki/1985_Houston_Oilers_season,1341327728,2026-03-02T16:15:51Z,,,,True
1985,WAS,Washington Redskins,Joe Gibbs,Joe Gibbs,Joe Bugel,Joe Bugel,Joe Bugel,Joe Bugel,offensive_coordinator,False,False,False,False,https://en.wikipedia.org/wiki/1985_Washington_Redskins_season,1368648510,2026-08-10T07:47:13Z,https://en.wikipedia.org/wiki/Joe_Bugel,1368242009.0,2026-08-07T22:22:19Z,False
1986,ATL,Atlanta Falcons,Dan Henning,Dan Henning,,,Dan Henning,Dan Henning,hc_fallback_no_oc_documented,False,False,,False,https://en.wikipedia.org/wiki/1986_Atlanta_Falcons_season,1369284952,2026-08-14T01:47:43Z,https://en.wikipedia.org/wiki/Dan_Henning,1366044797.0,2026-07-25T23:33:18Z,True
1986,BUF,Buffalo Bills,Jim Valek,Jim Valek,,,Jim Valek,Jim Valek,hc_fallback_no_oc_documented,False,True,,False,https://en.wikipedia.org/wiki/1986_Buffalo_Bills_season,1367408109,2026-08-02T22:48:53Z,https://en.wikipedia.org/wiki/Jim_Valek,1370564629.0,2026-08-21T21:27:53Z,True
1986,CHI,Chicago Bears,Mike Ditka,Mike Ditka,Ed Hughes,Ed Hughes,Ed Hughes,Ed Hughes,offensive_coordinator,False,False,False,False,https://en.wikipedia.org/wiki/1986_Chicago_Bears_season,1341141951,2026-03-01T18:16:11Z,https://en.wikipedia.org/wiki/Ed_Hughes,1370716291.0,2026-08-22T18:07:52Z,False
1986,CIN,Cincinnati Bengals,Sam Wyche,Sam Wyche,,,Sam Wyche,Sam Wyche,hc_fallback_no_oc_documented,False,False,True,False,https://en.wikipedia.org/wiki/1986_Cincinnati_Bengals_season,1341232926,2026-03-02T03:14:07Z,,,,True
1986,CLE,Cleveland Browns,Marty Schottenheimer,Marty Schottenheimer,Lindy Infante,Lindy Infante,Lindy Infante,Lindy Infante,offensive_coordinator,False,False,True,False,https://en.wikipedia.org/wiki/1986_Cleveland_Browns_season,1370511735,2026-08-21T15:10:29Z,,,,True
1986,DAL,Dallas Cowboys,Tom Landry,Tom Landry,,,Tom Landry,Tom Landry,hc_fallback_no_oc_documented,False,False,True,False,https://en.wikipedia.org/wiki/1986_Dallas_Cowboys_season,1343069561,2026-03-12T02:21:54Z,https://en.wikipedia.org/wiki/Tom_Landry,1372424676.0,2026-08-31T17:59:13Z,True
1986,DEN,Denver Broncos,Dan Reeves,Dan Reeves,Mike Shanahan,Mike Shanahan,Mike Shanahan,Mike Shanahan,offensive_coordinator,False,False,,False,https://en.wikipedia.org/wiki/1986_Denver_Broncos_season,1345885988,2026-03-28T19:47:13Z,https://en.wikipedia.org/wiki/Mike_Shanahan,1372773449.0,2026-09-02T05:30:07Z,False
1986,DET,Detroit Lions,Darryl Rogers,Darryl Rogers,,,Darryl Rogers,Darryl Rogers,hc_fallback_no_oc_documented,False,False,True,False,https://en.wikipedia.org/wiki/1986_Detroit_Lions_season,1341173846,2026-03-01T21:45:55Z,https://en.wikipedia.org/wiki/Darryl_Rogers,1369133270.0,2026-08-13T02:55:28Z,True
1986,GB,Green Bay Packers,Forrest Gregg,Forrest Gregg,,,Forrest Gregg,Forrest Gregg,hc_fallback_no_oc_documented,False,False,True,False,https://en.wikipedia.org/wiki/1986_Green_Bay_Packers_season,1351133847,2026-04-26T03:13:25Z,,,,True
1986,IND,Indianapolis Colts,Rod Dowhower,Rod Dowhower,,,Rod Dowhower,Rod Dowhower,hc_fallback_no_oc_documented,False,False,,True,https://en.wikipedia.org/wiki/1986_Indianapolis_Colts_season,1352388353,2026-05-03T22:37:01Z,https://en.wikipedia.org/wiki/Rod_Dowhower,1321932634.0,2025-11-13T13:17:02Z,True
1986,KC,Kansas City Chiefs,John Mackovic,John Mackovic,,,John Mackovic,John Mackovic,hc_fallback_no_oc_documented,False,False,,False,https://en.wikipedia.org/wiki/1986_Kansas_City_Chiefs_season,1363418847,2026-07-10T02:06:44Z,https://en.wikipedia.org/wiki/John_Mackovic,1363417058.0,2026-07-10T01:53:39Z,True
1986,LAC,San Diego Chargers,Don Coryell,Don Coryell,,,Don Coryell,Don Coryell,hc_fallback_no_oc_documented,False,False,True,True,https://en.wikipedia.org/wiki/1986_San_Diego_Chargers_season,1369998468,2026-08-18T14:13:37Z,https://en.wikipedia.org/wiki/Don_Coryell,1369183383.0,2026-08-13T10:32:25Z,True
1986,LAR,Los Angeles Rams,John Robinson,John Robinson (American football coach),,,John Robinson,John Robinson (American football coach),hc_fallback_no_oc_documented,False,False,,False,https://en.wikipedia.org/wiki/1986_Los_Angeles_Rams_season,1341215306,2026-03-02T01:44:18Z,,,,True
1986,LV,Los Angeles Raiders,Tom Flores,Tom Flores,,,Tom Flores,Tom Flores,hc_fallback_no_oc_documented,False,False,,False,https://en.wikipedia.org/wiki/1986_Los_Angeles_Raiders_season,1345441127,2026-03-26T02:57:08Z,,,,True
1986,MIA,Miami Dolphins,Don Shula,,,,Don Shula,,hc_fallback_no_oc_documented,False,True,,False,https://en.wikipedia.org/wiki/1986_Miami_Dolphins_season,1360207738,2026-06-19T22:55:09Z,,,,True
1986,MIN,Minnesota Vikings,Jerry Burns,Jerry Burns,Bob Schnelker,Bob Schnelker,Jerry Burns,Jerry Burns,hc_prior_offensive_coordinator,True,True,True,False,https://en.wikipedia.org/wiki/1986_Minnesota_Vikings_season,1360207583,2026-06-19T22:53:30Z,https://en.wikipedia.org/wiki/Jerry_Burns,1350311272.0,2026-04-21T06:02:07Z,False
1986,NE,New England Patriots,John Polonchek,John Polonchek,,,John Polonchek,John Polonchek,hc_fallback_no_oc_documented,False,True,,False,https://en.wikipedia.org/wiki/1986_New_England_Patriots_season,1341198334,2026-03-02T00:13:54Z,,,,True
1986,NO,New Orleans Saints,Jim Mora,Jim E. Mora,,,Jim Mora,Jim E. Mora,hc_fallback_no_oc_documented,False,True,True,False,https://en.wikipedia.org/wiki/1986_New_Orleans_Saints_season,1341200340,2026-03-02T00:25:10Z,https://en.wikipedia.org/wiki/Jim_E._Mora,1338880763.0,2026-02-17T20:04:56Z,True
1986,NYG,New York Giants,Bill Parcells,Bill Parcells,Ron Erhardt,Ron Erhardt,Ron Erhardt,Ron Erhardt,offensive_coordinator,False,False,False,False,https://en.wikipedia.org/wiki/1986_New_York_Giants_season,1369216589,2026-08-13T15:43:34Z,https://en.wikipedia.org/wiki/Ron_Erhardt,1361270314.0,2026-06-26T20:56:47Z,False
1986,NYJ,New York Jets,Joe Walton,Joe Walton,Rich Kotite,Rich Kotite,Rich Kotite,Rich Kotite,offensive_coordinator,False,False,False,False,https://en.wikipedia.org/wiki/1986_New_York_Jets_season,1343336176,2026-03-13T17:26:29Z,,,,True
1986,PHI,Philadelphia Eagles,Buddy Ryan,Buddy Ryan,,,Buddy Ryan,Buddy Ryan,hc_fallback_no_oc_documented,False,True,True,False,https://en.wikipedia.org/wiki/1986_Philadelphia_Eagles_season,1341182886,2026-03-01T22:46:55Z,https://en.wikipedia.org/wiki/Buddy_Ryan,1363141206.0,2026-07-08T08:48:56Z,True
1986,PIT,Pittsburgh Steelers,Chuck Noll,Chuck Noll,Tom Moore,"Tom Moore (American football coach, born 1938)",Tom Moore,"Tom Moore (American football coach, born 1938)",offensive_coordinator,False,False,False,False,https://en.wikipedia.org/wiki/1986_Pittsburgh_Steelers_season,1370204083,2026-08-19T18:52:06Z,"https://en.wikipedia.org/wiki/Tom_Moore_(American_football_coach,_born_1938)",1364279725.0,2026-07-15T16:51:14Z,False
1986,SEA,Seattle Seahawks,Chuck Knox,Chuck Knox,Steve Moore,,Steve Moore,,offensive_coordinator,False,False,True,False,https://en.wikipedia.org/wiki/1986_Seattle_Seahawks_season,1369980758,2026-08-18T11:14:23Z,,,,True
1986,SF,San Francisco 49ers,Bill Walsh,Bill Walsh (American football coach),,,Bill Walsh,Bill Walsh (American football coach),hc_fallback_no_oc_documented,False,False,,False,https://en.wikipedia.org/wiki/1986_San_Francisco_49ers_season,1358025635,2026-06-06T02:52:57Z,,,,True
1986,TB,Tampa Bay Buccaneers,Leeman Bennett,Leeman Bennett,,,Leeman Bennett,Leeman Bennett,hc_prior_offensive_coordinator,True,False,,False,https://en.wikipedia.org/wiki/1986_Tampa_Bay_Buccaneers_season,1366240446,2026-07-27T00:26:12Z,https://en.wikipedia.org/wiki/Leeman_Bennett,1350310167.0,2026-04-21T05:53:52Z,True
1986,TEN,Houston Oilers,Jerry Glanville,Jerry Glanville,,,Jerry Glanville,Jerry Glanville,hc_fallback_no_oc_documented,False,True,True,False,https://en.wikipedia.org/wiki/1986_Houston_Oilers_season,1341327747,2026-03-02T16:16:00Z,https://en.wikipedia.org/wiki/Jerry_Glanville,1370844548.0,2026-08-23T10:52:53Z,True
1986,WAS,Washington Redskins,Joe Gibbs,Joe Gibbs,Joe Bugel,Joe Bugel,Joe Bugel,Joe Bugel,offensive_coordinator,False,False,False,False,https://en.wikipedia.org/wiki/1986_Washington_Redskins_season,1368778238,2026-08-11T01:51:29Z,https://en.wikipedia.org/wiki/Joe_Bugel,1368242009.0,2026-08-07T22:22:19Z,False
1987,ATL,Atlanta Falcons,Marion Campbell,Marion Campbell,Rod Dowhower,Rod Dowhower,Rod Dowhower,Rod Dowhower,offensive_coordinator,False,True,,False,https://en.wikipedia.org/wiki/1987_Atlanta_Falcons_season,1371953911,2026-08-29T15:28:59Z,https://en.wikipedia.org/wiki/Rod_Dowhower,1321932634.0,2025-11-13T13:17:02Z,False
1987,BUF,Buffalo Bills,Marv Levy,Marv Levy,,,Marv Levy,Marv Levy,hc_fallback_no_oc_documented,False,True,,False,https://en.wikipedia.org/wiki/1987_Buffalo_Bills_season,1341138977,2026-03-01T17:56:49Z,,,,True
1987,CHI,Chicago Bears,Mike Ditka,Mike Ditka,Ed Hughes,Ed Hughes,Ed Hughes,Ed Hughes,offensive_coordinator,False,False,False,False,https://en.wikipedia.org/wiki/1987_Chicago_Bears_season,1369758861,2026-08-17T00:08:22Z,https://en.wikipedia.org/wiki/Ed_Hughes,1370716291.0,2026-08-22T18:07:52Z,False
1987,CIN,Cincinnati Bengals,Sam Wyche,Sam Wyche,Bruce Coslet,Bruce Coslet,Bruce Coslet,Bruce Coslet,offensive_coordinator,False,False,,False,https://en.wikipedia.org/wiki/1987_Cincinnati_Bengals_season,1359156918,2026-06-13T13:38:07Z,,,,True
1987,CLE,Cleveland Browns,Marty Schottenheimer,Marty Schottenheimer,Lindy Infante,Lindy Infante,Lindy Infante,Lindy Infante,offensive_coordinator,False,False,False,False,https://en.wikipedia.org/wiki/1987_Cleveland_Browns_season,1353822149,2026-05-12T15:43:50Z,,,,True
1987,DAL,Dallas Cowboys,Tom Landry,Tom Landry,,,Tom Landry,Tom Landry,hc_fallback_no_oc_documented,False,False,,False,https://en.wikipedia.org/wiki/1987_Dallas_Cowboys_season,1344445361,2026-03-20T14:06:41Z,https://en.wikipedia.org/wiki/Tom_Landry,1372424676.0,2026-08-31T17:59:13Z,True
1987,DEN,Denver Broncos,Dan Reeves,Dan Reeves,Mike Shanahan,Mike Shanahan,Mike Shanahan,Mike Shanahan,offensive_coordinator,False,False,False,False,https://en.wikipedia.org/wiki/1987_Denver_Broncos_season,1369758942,2026-08-17T00:09:16Z,https://en.wikipedia.org/wiki/Mike_Shanahan,1372773449.0,2026-09-02T05:30:07Z,False
1987,DET,Detroit Lions,Darryl Rogers,Darryl Rogers,,,Darryl Rogers,Darryl Rogers,hc_fallback_no_oc_documented,False,False,,False,https://en.wikipedia.org/wiki/1987_Detroit_Lions_season,1370619802,2026-08-22T03:24:58Z,https://en.wikipedia.org/wiki/Darryl_Rogers,1369133270.0,2026-08-13T02:55:28Z,True
1987,GB,Green Bay Packers,Forrest Gregg,Forrest Gregg,,,Forrest Gregg,Forrest Gregg,hc_fallback_no_oc_documented,False,False,,False,https://en.wikipedia.org/wiki/1987_Green_Bay_Packers_season,1366951170,2026-07-31T01:23:11Z,,,,True
1987,IND,Indianapolis Colts,Ron Meyer,Ron Meyer,John Becker,,John Becker,,offensive_coordinator,False,False,,False,https://en.wikipedia.org/wiki/1987_Indianapolis_Colts_season,1372148126,2026-08-30T16:18:04Z,,,,True
1987,KC,Kansas City Chiefs,Frank Gansz,Frank Gansz,,,Frank Gansz,Frank Gansz,hc_prior_offensive_coordinator,True,True,,False,https://en.wikipedia.org/wiki/1987_Kansas_City_Chiefs_season,1367710237,2026-08-04T18:31:23Z,https://en.wikipedia.org/wiki/Frank_Gansz,1370035518.0,2026-08-18T19:23:16Z,True
1987,LAC,San Diego Chargers,Al Saunders,Al Saunders,Dave Levy,,Al Saunders,Al Saunders,hc_prior_offensive_coordinator,True,False,,False,https://en.wikipedia.org/wiki/1987_San_Diego_Chargers_season,1368895865,2026-08-11T18:09:38Z,https://en.wikipedia.org/wiki/Al_Saunders,1344029967.0,2026-03-17T21:39:39Z,False
1987,LAR,Los Angeles Rams,John Robinson,John Robinson (American football coach),Ernie Zampese,Ernie Zampese,Ernie Zampese,Ernie Zampese,offensive_coordinator,False,False,,False,https://en.wikipedia.org/wiki/1987_Los_Angeles_Rams_season,1341215344,2026-03-02T01:44:30Z,https://en.wikipedia.org/wiki/Ernie_Zampese,1369311597.0,2026-08-14T05:40:03Z,False
1987,LV,Los Angeles Raiders,Tom Flores,Tom Flores,,,Tom Flores,Tom Flores,hc_fallback_no_oc_documented,False,False,,False,https://en.wikipedia.org/wiki/1987_Los_Angeles_Raiders_season,1356901087,2026-05-30T14:48:01Z,,,,True
1987,MIA,Miami Dolphins,Don Shula,Don Shula,,,Don Shula,Don Shula,hc_fallback_no_oc_documented,False,,,False,https://en.wikipedia.org/wiki/1987_Miami_Dolphins_season,1354175556,2026-05-14T19:56:25Z,https://en.wikipedia.org/wiki/Don_Shula,1370834928.0,2026-08-23T09:12:27Z,True
1987,MIN,Minnesota Vikings,Jerry Burns,Jerry Burns,Bob Schnelker,Bob Schnelker,Jerry Burns,Jerry Burns,hc_prior_offensive_coordinator,True,False,False,False,https://en.wikipedia.org/wiki/1987_Minnesota_Vikings_season,1360207623,2026-06-19T22:53:58Z,https://en.wikipedia.org/wiki/Jerry_Burns,1350311272.0,2026-04-21T06:02:07Z,False
1987,NE,New England Patriots,Raymond Berry,Raymond Berry,Rod Humenuik,Rod Humenuik,Rod Humenuik,Rod Humenuik,offensive_coordinator,False,True,,False,https://en.wikipedia.org/wiki/1987_New_England_Patriots_season,1341198367,2026-03-02T00:14:02Z,https://en.wikipedia.org/wiki/Rod_Humenuik,1355508330.0,2026-05-22T07:20:17Z,False
1987,NO,New Orleans Saints,Jim Mora,Jim E. Mora,Carl Smith,Carl Smith (American football),Carl Smith,Carl Smith (American football),offensive_coordinator,False,False,,False,https://en.wikipedia.org/wiki/1987_New_Orleans_Saints_season,1353152153,2026-05-08T14:13:34Z,https://en.wikipedia.org/wiki/Carl_Smith_(American_football),1358275048.0,2026-06-07T18:21:55Z,False
1987,NYG,New York Giants,Bill Parcells,Bill Parcells,Ron Erhardt,Ron Erhardt,Ron Erhardt,Ron Erhardt,offensive_coordinator,False,False,False,False,https://en.wikipedia.org/wiki/1987_New_York_Giants_season,1359405643,2026-06-15T02:57:02Z,https://en.wikipedia.org/wiki/Ron_Erhardt,1361270314.0,2026-06-26T20:56:47Z,False
1987,NYJ,New York Jets,Joe Walton,Joe Walton,Rich Kotite,Rich Kotite,Rich Kotite,Rich Kotite,offensive_coordinator,False,False,False,False,https://en.wikipedia.org/wiki/1987_New_York_Jets_season,1370042719,2026-08-18T20:19:37Z,,,,True
1987,PHI,Philadelphia Eagles,Buddy Ryan,Buddy Ryan,,,Buddy Ryan,Buddy Ryan,hc_fallback_no_oc_documented,False,False,,False,https://en.wikipedia.org/wiki/1987_Philadelphia_Eagles_season,1341182909,2026-03-01T22:47:05Z,https://en.wikipedia.org/wiki/Buddy_Ryan,1363141206.0,2026-07-08T08:48:56Z,True
1987,PIT,Pittsburgh Steelers,Chuck Noll,Chuck Noll,Tom Moore,"Tom Moore (American football coach, born 1938)",Tom Moore,"Tom Moore (American football coach, born 1938)",offensive_coordinator,False,False,False,False,https://en.wikipedia.org/wiki/1987_Pittsburgh_Steelers_season,1370204044,2026-08-19T18:51:40Z,"https://en.wikipedia.org/wiki/Tom_Moore_(American_football_coach,_born_1938)",1364279725.0,2026-07-15T16:51:14Z,False
1987,SEA,Seattle Seahawks,Chuck Knox,Chuck Knox,Steve Moore,,Steve Moore,,offensive_coordinator,False,False,True,False,https://en.wikipedia.org/wiki/1987_Seattle_Seahawks_season,1371953468,2026-08-29T15:25:39Z,,,,True
1987,SF,San Francisco 49ers,Bill Walsh,Bill Walsh (American football coach),,,Bill Walsh,Bill Walsh (American football coach),hc_fallback_no_oc_documented,False,False,,False,https://en.wikipedia.org/wiki/1987_San_Francisco_49ers_season,1358153438,2026-06-06T22:53:41Z,,,,True
1987,TB,Tampa Bay Buccaneers,Ray Perkins,Ray Perkins (wide receiver),,,Ray Perkins,Ray Perkins (wide receiver),hc_fallback_no_oc_documented,False,True,,False,https://en.wikipedia.org/wiki/1987_Tampa_Bay_Buccaneers_season,1369285031,2026-08-14T01:48:30Z,,,,True
1987,TEN,Houston Oilers,Jerry Glanville,Jerry Glanville,,,Jerry Glanville,Jerry Glanville,hc_fallback_no_oc_documented,False,False,,False,https://en.wikipedia.org/wiki/1987_Houston_Oilers_season,1366821169,2026-07-30T12:35:40Z,https://en.wikipedia.org/wiki/Jerry_Glanville,1370844548.0,2026-08-23T10:52:53Z,True
1987,WAS,Washington Redskins,Joe Gibbs,Joe Gibbs,Joe Bugel,Joe Bugel,Joe Bugel,Joe Bugel,offensive_coordinator,False,False,False,False,https://en.wikipedia.org/wiki/1987_Washington_Redskins_season,1371562220,2026-08-27T03:41:54Z,https://en.wikipedia.org/wiki/Joe_Bugel,1368242009.0,2026-08-07T22:22:19Z,False
1988,ARI,Phoenix Cardinals,Gene Stallings,Gene Stallings,Jim Shofner,Jim Shofner,Jim Shofner,Jim Shofner,offensive_coordinator,False,,,False,https://en.wikipedia.org/wiki/1988_Phoenix_Cardinals_season,1372610637,2026-09-01T13:10:46Z,https://en.wikipedia.org/wiki/Jim_Shofner,1368938064.0,2026-08-11T23:55:21Z,False
1988,ATL,Atlanta Falcons,Marion Campbell,Marion Campbell,Rod Dowhower,Rod Dowhower,Rod Dowhower,Rod Dowhower,offensive_coordinator,False,False,False,False,https://en.wikipedia.org/wiki/1988_Atlanta_Falcons_season,1344837892,2026-03-22T21:17:05Z,https://en.wikipedia.org/wiki/Rod_Dowhower,1321932634.0,2025-11-13T13:17:02Z,False
1988,BUF,Buffalo Bills,Marv Levy,Marv Levy,Jim Ringo,Jim Ringo,Jim Ringo,Jim Ringo,offensive_coordinator,False,False,,False,https://en.wikipedia.org/wiki/1988_Buffalo_Bills_season,1367000083,2026-07-31T09:25:10Z,,,,True
1988,CHI,Chicago Bears,Mike Ditka,Mike Ditka,Ed Hughes,Ed Hughes,Ed Hughes,Ed Hughes,offensive_coordinator,False,False,False,False,https://en.wikipedia.org/wiki/1988_Chicago_Bears_season,1363160183,2026-07-08T12:32:43Z,https://en.wikipedia.org/wiki/Ed_Hughes,1370716291.0,2026-08-22T18:07:52Z,False
1988,CIN,Cincinnati Bengals,Sam Wyche,Sam Wyche,Bruce Coslet,Bruce Coslet,Bruce Coslet,Bruce Coslet,offensive_coordinator,False,False,False,False,https://en.wikipedia.org/wiki/1988_Cincinnati_Bengals_season,1352668749,2026-05-05T15:38:01Z,,,,True
1988,CLE,Cleveland Browns,Marty Schottenheimer,Marty Schottenheimer,,,Marty Schottenheimer,Marty Schottenheimer,hc_fallback_no_oc_documented,False,False,True,False,https://en.wikipedia.org/wiki/1988_Cleveland_Browns_season,1364099433,2026-07-14T13:54:47Z,,,,True
1988,DAL,Dallas Cowboys,Tom Landry,Tom Landry,,,Tom Landry,Tom Landry,hc_fallback_no_oc_documented,False,False,,False,https://en.wikipedia.org/wiki/1988_Dallas_Cowboys_season,1352709746,2026-05-05T20:21:10Z,https://en.wikipedia.org/wiki/Tom_Landry,1372424676.0,2026-08-31T17:59:13Z,True
1988,DEN,Denver Broncos,Dan Reeves,Dan Reeves,Mike Shanahan,Mike Shanahan,Mike Shanahan,Mike Shanahan,offensive_coordinator,False,False,False,False,https://en.wikipedia.org/wiki/1988_Denver_Broncos_season,1369759010,2026-08-17T00:09:51Z,https://en.wikipedia.org/wiki/Mike_Shanahan,1372773449.0,2026-09-02T05:30:07Z,False
1988,DET,Detroit Lions,Darryl Rogers,Darryl Rogers,,,Darryl Rogers,Darryl Rogers,hc_fallback_no_oc_documented,False,False,,True,https://en.wikipedia.org/wiki/1988_Detroit_Lions_season,1341173886,2026-03-01T21:46:13Z,https://en.wikipedia.org/wiki/Darryl_Rogers,1369133270.0,2026-08-13T02:55:28Z,True
1988,GB,Green Bay Packers,Lindy Infante,Lindy Infante,,,Lindy Infante,Lindy Infante,hc_fallback_no_oc_documented,False,True,,False,https://en.wikipedia.org/wiki/1988_Green_Bay_Packers_season,1364097559,2026-07-14T13:37:15Z,,,,True
1988,IND,Indianapolis Colts,Ron Meyer,Ron Meyer,John Becker,,John Becker,,offensive_coordinator,False,False,True,False,https://en.wikipedia.org/wiki/1988_Indianapolis_Colts_season,1341175843,2026-03-01T22:00:04Z,,,,True
1988,KC,Kansas City Chiefs,Frank Gansz,Frank Gansz,George Sefcik,George Sefcik,Frank Gansz,Frank Gansz,hc_prior_offensive_coordinator,True,False,,False,https://en.wikipedia.org/wiki/1988_Kansas_City_Chiefs_season,1364096943,2026-07-14T13:32:24Z,https://en.wikipedia.org/wiki/Frank_Gansz,1370035518.0,2026-08-18T19:23:16Z,False
1988,LAC,San Diego Chargers,Al Saunders,Al Saunders,Jerry Rhome,Jerry Rhome,Al Saunders,Al Saunders,hc_prior_offensive_coordinator,True,False,True,False,https://en.wikipedia.org/wiki/1988_San_Diego_Chargers_season,1367022146,2026-07-31T13:29:39Z,https://en.wikipedia.org/wiki/Al_Saunders,1344029967.0,2026-03-17T21:39:39Z,False
1988,LAR,Los Angeles Rams,John Robinson,John Robinson (American football coach),Ernie Zampese,Ernie Zampese,Ernie Zampese,Ernie Zampese,offensive_coordinator,False,False,False,False,https://en.wikipedia.org/wiki/1988_Los_Angeles_Rams_season,1364096440,2026-07-14T13:27:32Z,https://en.wikipedia.org/wiki/Ernie_Zampese,1369311597.0,2026-08-14T05:40:03Z,False
1988,LV,Los Angeles Raiders,Mike Shanahan,Mike Shanahan,,,Mike Shanahan,Mike Shanahan,hc_prior_offensive_coordinator,True,True,,False,https://en.wikipedia.org/wiki/1988_Los_Angeles_Raiders_season,1345440517,2026-03-26T02:51:39Z,https://en.wikipedia.org/wiki/Mike_Shanahan,1372773449.0,2026-09-02T05:30:07Z,True
1988,MIA,Miami Dolphins,Don Shula,Don Shula,,,Don Shula,Don Shula,hc_fallback_no_oc_documented,False,False,,False,https://en.wikipedia.org/wiki/1988_Miami_Dolphins_season,1357143453,2026-06-01T00:25:37Z,https://en.wikipedia.org/wiki/Don_Shula,1370834928.0,2026-08-23T09:12:27Z,True
1988,MIN,Minnesota Vikings,Jerry Burns,Jerry Burns,Bob Schnelker,Bob Schnelker,Jerry Burns,Jerry Burns,hc_prior_offensive_coordinator,True,False,False,False,https://en.wikipedia.org/wiki/1988_Minnesota_Vikings_season,1360207661,2026-06-19T22:54:26Z,https://en.wikipedia.org/wiki/Jerry_Burns,1350311272.0,2026-04-21T06:02:07Z,False
1988,NE,New England Patriots,John Polonchek,,Rod Humenuik,Rod Humenuik,Rod Humenuik,Rod Humenuik,offensive_coordinator,False,True,False,False,https://en.wikipedia.org/wiki/1988_New_England_Patriots_season,1371563587,2026-08-27T03:51:19Z,https://en.wikipedia.org/wiki/Rod_Humenuik,1355508330.0,2026-05-22T07:20:17Z,False
1988,NO,New Orleans Saints,Jim Mora,Jim E. Mora,,,Jim Mora,Jim E. Mora,hc_fallback_no_oc_documented,False,False,True,False,https://en.wikipedia.org/wiki/1988_New_Orleans_Saints_season,1364099258,2026-07-14T13:53:12Z,https://en.wikipedia.org/wiki/Jim_E._Mora,1338880763.0,2026-02-17T20:04:56Z,True
1988,NYG,New York Giants,Bill Parcells,Bill Parcells,Ron Erhardt,Ron Erhardt,Ron Erhardt,Ron Erhardt,offensive_coordinator,False,False,False,False,https://en.wikipedia.org/wiki/1988_New_York_Giants_season,1364099078,2026-07-14T13:51:41Z,https://en.wikipedia.org/wiki/Ron_Erhardt,1361270314.0,2026-06-26T20:56:47Z,False
1988,NYJ,New York Jets,Joe Walton,Joe Walton,,,Joe Walton,Joe Walton,hc_fallback_no_oc_documented,False,False,True,False,https://en.wikipedia.org/wiki/1988_New_York_Jets_season,1341191672,2026-03-01T23:40:58Z,,,,True
1988,PHI,Philadelphia Eagles,Buddy Ryan,Buddy Ryan,,,Buddy Ryan,Buddy Ryan,hc_fallback_no_oc_documented,False,False,,False,https://en.wikipedia.org/wiki/1988_Philadelphia_Eagles_season,1341182929,2026-03-01T22:47:14Z,https://en.wikipedia.org/wiki/Buddy_Ryan,1363141206.0,2026-07-08T08:48:56Z,True
1988,PIT,Pittsburgh Steelers,Chuck Noll,Chuck Noll,Tom Moore,"Tom Moore (American football coach, born 1938)",Tom Moore,"Tom Moore (American football coach, born 1938)",offensive_coordinator,False,False,False,False,https://en.wikipedia.org/wiki/1988_Pittsburgh_Steelers_season,1370204069,2026-08-19T18:51:51Z,"https://en.wikipedia.org/wiki/Tom_Moore_(American_football_coach,_born_1938)",1364279725.0,2026-07-15T16:51:14Z,False
1988,SEA,Seattle Seahawks,Chuck Knox,Chuck Knox,Steve Moore,,Steve Moore,,offensive_coordinator,False,False,True,False,https://en.wikipedia.org/wiki/1988_Seattle_Seahawks_season,1369981157,2026-08-18T11:20:01Z,,,,True
1988,SF,San Francisco 49ers,Bill Walsh,Bill Walsh (American football coach),,,Bill Walsh,Bill Walsh (American football coach),hc_fallback_no_oc_documented,False,False,,False,https://en.wikipedia.org/wiki/1988_San_Francisco_49ers_season,1370660619,2026-08-22T10:32:30Z,,,,True
1988,TB,Tampa Bay Buccaneers,Ray Perkins,Ray Perkins (wide receiver),Ray Perkins,Ray Perkins,Ray Perkins,Ray Perkins,offensive_coordinator,False,False,,False,https://en.wikipedia.org/wiki/1988_Tampa_Bay_Buccaneers_season,1348065085,2026-04-10T13:38:59Z,,,,True
1988,TEN,Houston Oilers,Jerry Glanville,Jerry Glanville,,,Jerry Glanville,Jerry Glanville,hc_fallback_no_oc_documented,False,False,,False,https://en.wikipedia.org/wiki/1988_Houston_Oilers_season,1345390089,2026-03-25T21:17:07Z,https://en.wikipedia.org/wiki/Jerry_Glanville,1370844548.0,2026-08-23T10:52:53Z,True
1988,WAS,Washington Redskins,Joe Gibbs,Joe Gibbs,Joe Bugel,Joe Bugel,Joe Bugel,Joe Bugel,offensive_coordinator,False,False,False,False,https://en.wikipedia.org/wiki/1988_Washington_Redskins_season,1341262902,2026-03-02T06:01:45Z,https://en.wikipedia.org/wiki/Joe_Bugel,1368242009.0,2026-08-07T22:22:19Z,False
1989,ARI,Phoenix Cardinals,Gene Stallings,Gene Stallings,Jim Shofner,Jim Shofner,Jim Shofner,Jim Shofner,offensive_coordinator,False,False,False,True,https://en.wikipedia.org/wiki/1989_Phoenix_Cardinals_season,1372763518,2026-09-02T04:20:54Z,https://en.wikipedia.org/wiki/Jim_Shofner,1368938064.0,2026-08-11T23:55:21Z,True
1989,ATL,Atlanta Falcons,Marion Campbell,Marion Campbell,Rod Dowhower,Rod Dowhower,Rod Dowhower,Rod Dowhower,offensive_coordinator,False,False,False,True,https://en.wikipedia.org/wiki/1989_Atlanta_Falcons_season,1368790570,2026-08-11T03:07:10Z,https://en.wikipedia.org/wiki/Rod_Dowhower,1321932634.0,2025-11-13T13:17:02Z,True
1989,BUF,Buffalo Bills,Marv Levy,Marv Levy,Ted Marchibroda,Ted Marchibroda,Ted Marchibroda,Ted Marchibroda,offensive_coordinator,False,False,True,False,https://en.wikipedia.org/wiki/1989_Buffalo_Bills_season,1365660546,2026-07-23T18:33:35Z,https://en.wikipedia.org/wiki/Ted_Marchibroda,1370891591.0,2026-08-23T16:28:09Z,False
1989,CHI,Chicago Bears,Mike Ditka,Mike Ditka,Greg Landry,Greg Landry,Greg Landry,Greg Landry,offensive_coordinator,False,False,True,False,https://en.wikipedia.org/wiki/1989_Chicago_Bears_season,1360147558,2026-06-19T15:03:37Z,,,,True
1989,CIN,Cincinnati Bengals,Sam Wyche,Sam Wyche,Bruce Coslet,Bruce Coslet,Bruce Coslet,Bruce Coslet,offensive_coordinator,False,False,False,False,https://en.wikipedia.org/wiki/1989_Cincinnati_Bengals_season,1372839956,2026-09-02T14:56:36Z,,,,True
1989,CLE,Cleveland Browns,Bud Carson,Bud Carson,,,Bud Carson,Bud Carson,hc_fallback_no_oc_documented,False,True,,False,https://en.wikipedia.org/wiki/1989_Cleveland_Browns_season,1364095372,2026-07-14T13:17:25Z,https://en.wikipedia.org/wiki/Bud_Carson,1345391031.0,2026-03-25T21:24:59Z,True
1989,DAL,Dallas Cowboys,Jimmy Johnson,Jimmy Johnson (American football coach),,,Jimmy Johnson,Jimmy Johnson (American football coach),hc_fallback_no_oc_documented,False,True,,False,https://en.wikipedia.org/wiki/1989_Dallas_Cowboys_season,1365445954,2026-07-22T13:15:35Z,,,,True
1989,DEN,Denver Broncos,Dan Reeves,Dan Reeves,,,Dan Reeves,Dan Reeves,hc_fallback_no_oc_documented,False,False,True,False,https://en.wikipedia.org/wiki/1989_Denver_Broncos_season,1364097850,2026-07-14T13:40:22Z,,,,True
1989,DET,Detroit Lions,Wayne Fontes,Wayne Fontes,Mouse Davis,Mouse Davis,Mouse Davis,Mouse Davis,offensive_coordinator,False,False,,False,https://en.wikipedia.org/wiki/1989_Detroit_Lions_season,1341173906,2026-03-01T21:46:24Z,https://en.wikipedia.org/wiki/Mouse_Davis,1315909898.0,2025-10-09T10:54:36Z,False
1989,GB,Green Bay Packers,Lindy Infante,Lindy Infante,,,Lindy Infante,Lindy Infante,hc_fallback_no_oc_documented,False,False,,False,https://en.wikipedia.org/wiki/1989_Green_Bay_Packers_season,1354520016,2026-05-16T23:04:06Z,,,,True
1989,IND,Indianapolis Colts,Ron Meyer,Ron Meyer,Larry Kennan,Larry Kennan,Larry Kennan,Larry Kennan,offensive_coordinator,False,False,True,False,https://en.wikipedia.org/wiki/1989_Indianapolis_Colts_season,1358915540,2026-06-11T20:23:58Z,https://en.wikipedia.org/wiki/Larry_Kennan,1305926057.0,2025-08-14T22:27:48Z,False
1989,KC,Kansas City Chiefs,Marty Schottenheimer,Marty Schottenheimer,Joe Pendry,Joe Pendry,Joe Pendry,Joe Pendry,offensive_coordinator,False,True,True,False,https://en.wikipedia.org/wiki/1989_Kansas_City_Chiefs_season,1364096556,2026-07-14T13:28:39Z,https://en.wikipedia.org/wiki/Joe_Pendry,1336690578.0,2026-02-05T04:46:36Z,False
1989,LAC,San Diego Chargers,Dan Henning,Dan Henning,,,Dan Henning,Dan Henning,hc_fallback_no_oc_documented,False,True,True,False,https://en.wikipedia.org/wiki/1989_San_Diego_Chargers_season,1366557181,2026-07-28T18:28:34Z,https://en.wikipedia.org/wiki/Dan_Henning,1366044797.0,2026-07-25T23:33:18Z,True
1989,LAR,Los Angeles Rams,John Robinson,John Robinson (American football coach),Ernie Zampese,Ernie Zampese,Ernie Zampese,Ernie Zampese,offensive_coordinator,False,False,False,False,https://en.wikipedia.org/wiki/1989_Los_Angeles_Rams_season,1364096459,2026-07-14T13:27:42Z,https://en.wikipedia.org/wiki/Ernie_Zampese,1369311597.0,2026-08-14T05:40:03Z,False
1989,LV,Los Angeles Raiders,Mike Shanahan,Mike Shanahan,,,Mike Shanahan,Mike Shanahan,hc_prior_offensive_coordinator,True,False,,False,https://en.wikipedia.org/wiki/1989_Los_Angeles_Raiders_season,1345440393,2026-03-26T02:50:41Z,https://en.wikipedia.org/wiki/Mike_Shanahan,1372773449.0,2026-09-02T05:30:07Z,True
1989,MIA,Miami Dolphins,Don Shula,Don Shula,,,Don Shula,Don Shula,hc_fallback_no_oc_documented,False,False,,False,https://en.wikipedia.org/wiki/1989_Miami_Dolphins_season,1364099267,2026-07-14T13:53:21Z,https://en.wikipedia.org/wiki/Don_Shula,1370834928.0,2026-08-23T09:12:27Z,True
1989,MIN,Minnesota Vikings,Jerry Burns,Jerry Burns,Bob Schnelker,Bob Schnelker,Jerry Burns,Jerry Burns,hc_prior_offensive_coordinator,True,False,False,False,https://en.wikipedia.org/wiki/1989_Minnesota_Vikings_season,1371258129,2026-08-25T13:51:49Z,https://en.wikipedia.org/wiki/Jerry_Burns,1350311272.0,2026-04-21T06:02:07Z,False
1989,NE,New England Patriots,Raymond Berry,Raymond Berry,,,Raymond Berry,Raymond Berry,hc_fallback_no_oc_documented,False,True,True,False,https://en.wikipedia.org/wiki/1989_New_England_Patriots_season,1364096792,2026-07-14T13:30:53Z,,,,True
1989,NO,New Orleans Saints,Jim Mora,Jim E. Mora,,,Jim Mora,Jim E. Mora,hc_fallback_no_oc_documented,False,False,,False,https://en.wikipedia.org/wiki/1989_New_Orleans_Saints_season,1364097899,2026-07-14T13:40:57Z,https://en.wikipedia.org/wiki/Jim_E._Mora,1338880763.0,2026-02-17T20:04:56Z,True
1989,NYG,New York Giants,Bill Parcells,Bill Parcells,Ron Erhardt,Ron Erhardt,Ron Erhardt,Ron Erhardt,offensive_coordinator,False,False,False,False,https://en.wikipedia.org/wiki/1989_New_York_Giants_season,1366849647,2026-07-30T16:15:50Z,https://en.wikipedia.org/wiki/Ron_Erhardt,1361270314.0,2026-06-26T20:56:47Z,False
1989,PHI,Philadelphia Eagles,Buddy Ryan,Buddy Ryan,,,Buddy Ryan,Buddy Ryan,hc_fallback_no_oc_documented,False,False,,False,https://en.wikipedia.org/wiki/1989_Philadelphia_Eagles_season,1341182994,2026-03-01T22:47:41Z,https://en.wikipedia.org/wiki/Buddy_Ryan,1363141206.0,2026-07-08T08:48:56Z,True
1989,PIT,Pittsburgh Steelers,Chuck Noll,Chuck Noll,Tom Moore,"Tom Moore (American football coach, born 1938)",Tom Moore,"Tom Moore (American football coach, born 1938)",offensive_coordinator,False,False,False,False,https://en.wikipedia.org/wiki/1989_Pittsburgh_Steelers_season,1360211692,2026-06-19T23:31:45Z,"https://en.wikipedia.org/wiki/Tom_Moore_(American_football_coach,_born_1938)",1364279725.0,2026-07-15T16:51:14Z,False
1989,SEA,Seattle Seahawks,Chuck Knox,Chuck Knox,John Becker,,John Becker,,offensive_coordinator,False,False,True,False,https://en.wikipedia.org/wiki/1989_Seattle_Seahawks_season,1369981215,2026-08-18T11:20:33Z,,,,True
1989,SF,San Francisco 49ers,George Seifert,George Seifert,Mike Holmgren,Mike Holmgren,Mike Holmgren,Mike Holmgren,offensive_coordinator,False,True,,False,https://en.wikipedia.org/wiki/1989_San_Francisco_49ers_season,1356457989,2026-05-27T21:52:58Z,https://en.wikipedia.org/wiki/Mike_Holmgren,1367196207.0,2026-08-01T16:51:31Z,False
1989,TB,Tampa Bay Buccaneers,Ray Perkins,Ray Perkins (wide receiver),,,Ray Perkins,Ray Perkins (wide receiver),hc_fallback_no_oc_documented,False,False,True,False,https://en.wikipedia.org/wiki/1989_Tampa_Bay_Buccaneers_season,1341180393,2026-03-01T22:31:21Z,,,,True
1989,TEN,Houston Oilers,Jerry Glanville,Jerry Glanville,,,Jerry Glanville,Jerry Glanville,hc_fallback_no_oc_documented,False,False,,False,https://en.wikipedia.org/wiki/1989_Houston_Oilers_season,1341327819,2026-03-02T16:16:31Z,https://en.wikipedia.org/wiki/Jerry_Glanville,1370844548.0,2026-08-23T10:52:53Z,True
1989,WAS,Washington Redskins,Joe Gibbs,Joe Gibbs,Joe Bugel,Joe Bugel,Joe Bugel,Joe Bugel,offensive_coordinator,False,False,False,False,https://en.wikipedia.org/wiki/1989_Washington_Redskins_season,1341262944,2026-03-02T06:02:09Z,https://en.wikipedia.org/wiki/Joe_Bugel,1368242009.0,2026-08-07T22:22:19Z,False
1990,ARI,Phoenix Cardinals,Joe Bugel,Joe Bugel,Jerry Rhome,Jerry Rhome,Joe Bugel,Joe Bugel,hc_prior_offensive_coordinator,True,True,True,False,https://en.wikipedia.org/wiki/1990_Phoenix_Cardinals_season,1364097960,2026-07-14T13:41:33Z,https://en.wikipedia.org/wiki/Joe_Bugel,1368242009.0,2026-08-07T22:22:19Z,False
1990,ATL,Atlanta Falcons,Jerry Glanville,Jerry Glanville,,,Jerry Glanville,Jerry Glanville,hc_fallback_no_oc_documented,False,True,True,False,https://en.wikipedia.org/wiki/1990_Atlanta_Falcons_season,1352730149,2026-05-05T23:04:40Z,https://en.wikipedia.org/wiki/Jerry_Glanville,1370844548.0,2026-08-23T10:52:53Z,True
1990,BUF,Buffalo Bills,Chuck Lester,,Ted Marchibroda,Ted Marchibroda,Ted Marchibroda,Ted Marchibroda,offensive_coordinator,False,True,False,False,https://en.wikipedia.org/wiki/1990_Buffalo_Bills_season,1368987118,2026-08-12T06:11:01Z,https://en.wikipedia.org/wiki/Ted_Marchibroda,1370891591.0,2026-08-23T16:28:09Z,False
1990,CHI,Chicago Bears,Mike Ditka,Mike Ditka,Greg Landry,Greg Landry,Greg Landry,Greg Landry,offensive_coordinator,False,False,False,False,https://en.wikipedia.org/wiki/1990_Chicago_Bears_season,1364095958,2026-07-14T13:23:13Z,,,,True
1990,CIN,Cincinnati Bengals,Sam Wyche,Sam Wyche,,,Sam Wyche,Sam Wyche,hc_fallback_no_oc_documented,False,False,True,False,https://en.wikipedia.org/wiki/1990_Cincinnati_Bengals_season,1364121275,2026-07-14T16:54:09Z,,,,True
1990,CLE,Cleveland Browns,Bud Carson,Bud Carson,Jim Shofner,Jim Shofner,Jim Shofner,Jim Shofner,offensive_coordinator,False,False,,True,https://en.wikipedia.org/wiki/1990_Cleveland_Browns_season,1361484822,2026-06-28T05:47:07Z,https://en.wikipedia.org/wiki/Jim_Shofner,1368938064.0,2026-08-11T23:55:21Z,True
1990,DAL,Dallas Cowboys,Jimmy Johnson,Jimmy Johnson (American football coach),David Shula,David Shula,David Shula,David Shula,offensive_coordinator,False,False,,False,https://en.wikipedia.org/wiki/1990_Dallas_Cowboys_season,1357792912,2026-06-04T18:30:27Z,,,,True
1990,DEN,Denver Broncos,Dan Reeves,Dan Reeves,,,Dan Reeves,Dan Reeves,hc_fallback_no_oc_documented,False,False,,False,https://en.wikipedia.org/wiki/1990_Denver_Broncos_season,1372861001,2026-09-02T17:07:05Z,,,,True
1990,DET,Detroit Lions,Wayne Fontes,Wayne Fontes,Mouse Davis,Mouse Davis,Mouse Davis,Mouse Davis,offensive_coordinator,False,False,False,False,https://en.wikipedia.org/wiki/1990_Detroit_Lions_season,1372010638,2026-08-29T20:53:54Z,https://en.wikipedia.org/wiki/Mouse_Davis,1315909898.0,2025-10-09T10:54:36Z,False
1990,GB,Green Bay Packers,Lindy Infante,Lindy Infante,,,Lindy Infante,Lindy Infante,hc_fallback_no_oc_documented,False,False,,False,https://en.wikipedia.org/wiki/1990_Green_Bay_Packers_season,1364097574,2026-07-14T13:37:22Z,,,,True
1990,IND,Indianapolis Colts,Ron Meyer,Ron Meyer,Larry Kennan,Larry Kennan,Larry Kennan,Larry Kennan,offensive_coordinator,False,False,False,False,https://en.wikipedia.org/wiki/1990_Indianapolis_Colts_season,1359172047,2026-06-13T15:51:47Z,https://en.wikipedia.org/wiki/Larry_Kennan,1305926057.0,2025-08-14T22:27:48Z,False
1990,KC,Kansas City Chiefs,Marty Schottenheimer,Marty Schottenheimer,Joe Pendry,Joe Pendry,Joe Pendry,Joe Pendry,offensive_coordinator,False,False,False,False,https://en.wikipedia.org/wiki/1990_Kansas_City_Chiefs_season,1358403221,2026-06-08T13:21:03Z,https://en.wikipedia.org/wiki/Joe_Pendry,1336690578.0,2026-02-05T04:46:36Z,False
1990,LAC,San Diego Chargers,Dan Henning,Dan Henning,,,Dan Henning,Dan Henning,hc_fallback_no_oc_documented,False,False,,False,https://en.wikipedia.org/wiki/1990_San_Diego_Chargers_season,1371841316,2026-08-28T20:21:47Z,https://en.wikipedia.org/wiki/Dan_Henning,1366044797.0,2026-07-25T23:33:18Z,True
1990,LAR,Los Angeles Rams,John Robinson,John Robinson (American football coach),Ernie Zampese,Ernie Zampese,Ernie Zampese,Ernie Zampese,offensive_coordinator,False,False,False,False,https://en.wikipedia.org/wiki/1990_Los_Angeles_Rams_season,1364096484,2026-07-14T13:27:55Z,https://en.wikipedia.org/wiki/Ernie_Zampese,1369311597.0,2026-08-14T05:40:03Z,False
1990,LV,Los Angeles Raiders,Art Shell,Art Shell,Terry Robiskie,Terry Robiskie,Terry Robiskie,Terry Robiskie,offensive_coordinator,False,True,,False,https://en.wikipedia.org/wiki/1990_Los_Angeles_Raiders_season,1356951688,2026-05-30T21:32:54Z,https://en.wikipedia.org/wiki/Terry_Robiskie,1366490867.0,2026-07-28T08:59:16Z,False
1990,MIA,Miami Dolphins,Don Shula,Don Shula,Gary Stevens,Gary Stevens (American football),Gary Stevens,Gary Stevens (American football),offensive_coordinator,False,False,,False,https://en.wikipedia.org/wiki/1990_Miami_Dolphins_season,1352448236,2026-05-04T06:57:32Z,,,,True
1990,MIN,Minnesota Vikings,Jerry Burns,Jerry Burns,Bob Schnelker,Bob Schnelker,Jerry Burns,Jerry Burns,hc_prior_offensive_coordinator,True,False,False,False,https://en.wikipedia.org/wiki/1990_Minnesota_Vikings_season,1360212649,2026-06-19T23:38:32Z,https://en.wikipedia.org/wiki/Jerry_Burns,1350311272.0,2026-04-21T06:02:07Z,False
1990,NE,New England Patriots,Rod Rust,Rod Rust,,,Rod Rust,Rod Rust,hc_fallback_no_oc_documented,False,True,,False,https://en.wikipedia.org/wiki/1990_New_England_Patriots_season,1364096784,2026-07-14T13:30:46Z,https://en.wikipedia.org/wiki/Rod_Rust,1371376807.0,2026-08-26T03:34:17Z,True
1990,NO,New Orleans Saints,Jim Mora,Jim E. Mora,Carl Smith,Carl Smith (American football),Carl Smith,Carl Smith (American football),offensive_coordinator,False,False,,False,https://en.wikipedia.org/wiki/1990_New_Orleans_Saints_season,1360212700,2026-06-19T23:38:50Z,https://en.wikipedia.org/wiki/Carl_Smith_(American_football),1358275048.0,2026-06-07T18:21:55Z,False
1990,NYG,New York Giants,Bill Parcells,Bill Parcells,Ron Erhardt,Ron Erhardt,Ron Erhardt,Ron Erhardt,offensive_coordinator,False,False,False,False,https://en.wikipedia.org/wiki/1990_New_York_Giants_season,1367172172,2026-08-01T13:13:21Z,https://en.wikipedia.org/wiki/Ron_Erhardt,1361270314.0,2026-06-26T20:56:47Z,False
1990,NYJ,New York Jets,Bruce Coslet,Bruce Coslet,,,Bruce Coslet,Bruce Coslet,hc_fallback_no_oc_documented,False,,,False,https://en.wikipedia.org/wiki/1990_New_York_Jets_season,1358344040,2026-06-08T03:10:50Z,,,,True
1990,PHI,Philadelphia Eagles,Buddy Ryan,Buddy Ryan,,,Buddy Ryan,Buddy Ryan,hc_fallback_no_oc_documented,False,False,,False,https://en.wikipedia.org/wiki/1990_Philadelphia_Eagles_season,1350028222,2026-04-19T23:37:06Z,https://en.wikipedia.org/wiki/Buddy_Ryan,1363141206.0,2026-07-08T08:48:56Z,True
1990,PIT,Pittsburgh Steelers,Chuck Noll,Chuck Noll,Joe Walton,Joe Walton,Joe Walton,Joe Walton,offensive_coordinator,False,False,True,False,https://en.wikipedia.org/wiki/1990_Pittsburgh_Steelers_season,1362548582,2026-07-04T18:21:50Z,,,,True
1990,SEA,Seattle Seahawks,Chuck Knox,Chuck Knox,John Becker,,John Becker,,offensive_coordinator,False,False,True,False,https://en.wikipedia.org/wiki/1990_Seattle_Seahawks_season,1366064894,2026-07-26T02:11:27Z,,,,True
1990,SF,San Francisco 49ers,George Seifert,George Seifert,Mike Holmgren,Mike Holmgren,Mike Holmgren,Mike Holmgren,offensive_coordinator,False,False,False,False,https://en.wikipedia.org/wiki/1990_San_Francisco_49ers_season,1360206342,2026-06-19T22:40:38Z,https://en.wikipedia.org/wiki/Mike_Holmgren,1367196207.0,2026-08-01T16:51:31Z,False
1990,TB,Tampa Bay Buccaneers,Ray Perkins,Ray Perkins (wide receiver),,,Ray Perkins,Ray Perkins (wide receiver),hc_fallback_no_oc_documented,False,False,,True,https://en.wikipedia.org/wiki/1990_Tampa_Bay_Buccaneers_season,1350032771,2026-04-20T00:02:44Z,,,,True
1990,TEN,Houston Oilers,Jack Pardee,Jack Pardee,Kevin Gilbride,Kevin Gilbride,Kevin Gilbride,Kevin Gilbride,offensive_coordinator,False,True,,False,https://en.wikipedia.org/wiki/1990_Houston_Oilers_season,1370813652,2026-08-23T05:49:53Z,https://en.wikipedia.org/wiki/Kevin_Gilbride,1345413304.0,2026-03-25T23:55:40Z,False
1990,WAS,Washington Redskins,Joe Gibbs,Joe Gibbs,Joe Gibbs,,Joe Gibbs,,offensive_coordinator,False,False,True,False,https://en.wikipedia.org/wiki/1990_Washington_Redskins_season,1354415836,2026-05-16T08:02:30Z,,,,True
1991,ARI,Phoenix Cardinals,Joe Bugel,Joe Bugel,Jerry Rhome,Jerry Rhome,Joe Bugel,Joe Bugel,hc_prior_offensive_coordinator,True,False,False,False,https://en.wikipedia.org/wiki/1991_Phoenix_Cardinals_season,1358915662,2026-06-11T20:25:02Z,https://en.wikipedia.org/wiki/Joe_Bugel,1368242009.0,2026-08-07T22:22:19Z,False
1991,ATL,Atlanta Falcons,Jerry Glanville,Jerry Glanville,June Jones,June Jones,June Jones,June Jones,offensive_coordinator,False,False,,False,https://en.wikipedia.org/wiki/1991_Atlanta_Falcons_season,1364097972,2026-07-14T13:41:40Z,https://en.wikipedia.org/wiki/June_Jones,1367835738.0,2026-08-05T13:37:22Z,False
1991,BUF,Buffalo Bills,Marv Levy,Marv Levy,Ted Marchibroda,Ted Marchibroda,Ted Marchibroda,Ted Marchibroda,offensive_coordinator,False,True,False,False,https://en.wikipedia.org/wiki/1991_Buffalo_Bills_season,1341139066,2026-03-01T17:57:27Z,https://en.wikipedia.org/wiki/Ted_Marchibroda,1370891591.0,2026-08-23T16:28:09Z,False
1991,CHI,Chicago Bears,Mike Ditka,Mike Ditka,Greg Landry,Greg Landry,Greg Landry,Greg Landry,offensive_coordinator,False,False,False,False,https://en.wikipedia.org/wiki/1991_Chicago_Bears_season,1364095934,2026-07-14T13:23:04Z,,,,True
1991,CIN,Cincinnati Bengals,Sam Wyche,Sam Wyche,,,Sam Wyche,Sam Wyche,hc_fallback_no_oc_documented,False,False,,False,https://en.wikipedia.org/wiki/1991_Cincinnati_Bengals_season,1368803752,2026-08-11T05:09:55Z,,,,True
1991,CLE,Cleveland Browns,Bill Belichick,Bill Belichick,,,Bill Belichick,Bill Belichick,hc_fallback_no_oc_documented,False,True,True,False,https://en.wikipedia.org/wiki/1991_Cleveland_Browns_season,1364096408,2026-07-14T13:27:12Z,https://en.wikipedia.org/wiki/Bill_Belichick,1372262973.0,2026-08-31T02:00:03Z,True
1991,DAL,Dallas Cowboys,Jimmy Johnson,Jimmy Johnson (American football coach),,,Jimmy Johnson,Jimmy Johnson (American football coach),hc_fallback_no_oc_documented,False,False,True,False,https://en.wikipedia.org/wiki/1991_Dallas_Cowboys_season,1360316504,2026-06-20T18:05:59Z,,,,True
1991,DEN,Denver Broncos,Dan Reeves,Dan Reeves,,,Dan Reeves,Dan Reeves,hc_fallback_no_oc_documented,False,False,,False,https://en.wikipedia.org/wiki/1991_Denver_Broncos_season,1364098505,2026-07-14T13:46:31Z,,,,True
1991,DET,Detroit Lions,Wayne Fontes,Wayne Fontes,Dave Levy,,Dave Levy,,offensive_coordinator,False,False,True,False,https://en.wikipedia.org/wiki/1991_Detroit_Lions_season,1354327436,2026-05-15T18:55:34Z,,,,True
1991,GB,Green Bay Packers,Lindy Infante,Lindy Infante,,,Lindy Infante,Lindy Infante,hc_fallback_no_oc_documented,False,False,,False,https://en.wikipedia.org/wiki/1991_Green_Bay_Packers_season,1364097584,2026-07-14T13:37:30Z,,,,True
1991,IND,Indianapolis Colts,Ron Meyer,Ron Meyer,,,Ron Meyer,Ron Meyer,hc_fallback_no_oc_documented,False,False,True,True,https://en.wikipedia.org/wiki/1991_Indianapolis_Colts_season,1358915601,2026-06-11T20:24:29Z,https://en.wikipedia.org/wiki/Ron_Meyer,1328880333.0,2025-12-22T09:12:20Z,True
1991,KC,Kansas City Chiefs,Marty Schottenheimer,Marty Schottenheimer,Joe Pendry,Joe Pendry,Joe Pendry,Joe Pendry,offensive_coordinator,False,False,False,False,https://en.wikipedia.org/wiki/1991_Kansas_City_Chiefs_season,1364096590,2026-07-14T13:28:51Z,https://en.wikipedia.org/wiki/Joe_Pendry,1336690578.0,2026-02-05T04:46:36Z,False
1991,LAC,San Diego Chargers,Dan Henning,Dan Henning,Ted Tollner,Ted Tollner,Ted Tollner,Ted Tollner,offensive_coordinator,False,False,,False,https://en.wikipedia.org/wiki/1991_San_Diego_Chargers_season,1367236936,2026-08-01T21:59:36Z,https://en.wikipedia.org/wiki/Ted_Tollner,1325285644.0,2025-12-02T06:09:43Z,False
1991,LAR,Los Angeles Rams,John Robinson,John Robinson (American football coach),Ernie Zampese,Ernie Zampese,Ernie Zampese,Ernie Zampese,offensive_coordinator,False,False,False,False,https://en.wikipedia.org/wiki/1991_Los_Angeles_Rams_season,1366280692,2026-07-27T04:00:21Z,https://en.wikipedia.org/wiki/Ernie_Zampese,1369311597.0,2026-08-14T05:40:03Z,False
1991,LV,Los Angeles Raiders,Art Shell,Art Shell,,,Art Shell,Art Shell,hc_fallback_no_oc_documented,False,False,True,False,https://en.wikipedia.org/wiki/1991_Los_Angeles_Raiders_season,1359919410,2026-06-18T01:59:21Z,https://en.wikipedia.org/wiki/Art_Shell,1372200966.0,2026-08-30T21:10:42Z,True
1991,MIA,Miami Dolphins,Don Shula,Don Shula,,,Don Shula,Don Shula,hc_fallback_no_oc_documented,False,False,True,False,https://en.wikipedia.org/wiki/1991_Miami_Dolphins_season,1360214656,2026-06-19T23:54:22Z,https://en.wikipedia.org/wiki/Don_Shula,1370834928.0,2026-08-23T09:12:27Z,True
1991,MIN,Minnesota Vikings,Jerry Burns,Jerry Burns,Tom Moore,"Tom Moore (American football coach, born 1938)",Jerry Burns,Jerry Burns,hc_prior_offensive_coordinator,True,False,True,False,https://en.wikipedia.org/wiki/1991_Minnesota_Vikings_season,1360214337,2026-06-19T23:50:33Z,https://en.wikipedia.org/wiki/Jerry_Burns,1350311272.0,2026-04-21T06:02:07Z,False
1991,NE,New England Patriots,Dick MacPherson,Dick MacPherson,Dick Coury,Dick Coury,Dick Coury,Dick Coury,offensive_coordinator,False,True,,False,https://en.wikipedia.org/wiki/1991_New_England_Patriots_season,1364096768,2026-07-14T13:30:39Z,https://en.wikipedia.org/wiki/Dick_Coury,1346786948.0,2026-04-02T22:28:41Z,False
1991,NO,New Orleans Saints,Jim Mora,Jim E. Mora,Carl Smith,Carl Smith (American football),Carl Smith,Carl Smith (American football),offensive_coordinator,False,False,False,False,https://en.wikipedia.org/wiki/1991_New_Orleans_Saints_season,1366049593,2026-07-26T00:15:41Z,https://en.wikipedia.org/wiki/Carl_Smith_(American_football),1358275048.0,2026-06-07T18:21:55Z,False
1991,NYG,New York Giants,Ray Handley,Ray Handley,,,Ray Handley,Ray Handley,hc_fallback_no_oc_documented,False,True,True,False,https://en.wikipedia.org/wiki/1991_New_York_Giants_season,1360214789,2026-06-19T23:55:52Z,https://en.wikipedia.org/wiki/Ray_Handley,1362694475.0,2026-07-05T17:28:20Z,True
1991,NYJ,New York Jets,Bruce Coslet,Bruce Coslet,,,Bruce Coslet,Bruce Coslet,hc_fallback_no_oc_documented,False,False,,False,https://en.wikipedia.org/wiki/1991_New_York_Jets_season,1360214814,2026-06-19T23:56:18Z,,,,True
1991,PHI,Philadelphia Eagles,Rich Kotite,Rich Kotite,Rich Kotite,,Rich Kotite,,offensive_coordinator,False,True,,False,https://en.wikipedia.org/wiki/1991_Philadelphia_Eagles_season,1341183061,2026-03-01T22:48:06Z,,,,True
1991,PIT,Pittsburgh Steelers,Chuck Noll,Chuck Noll,Joe Walton,Joe Walton,Joe Walton,Joe Walton,offensive_coordinator,False,False,False,False,https://en.wikipedia.org/wiki/1991_Pittsburgh_Steelers_season,1372651776,2026-09-01T17:05:05Z,,,,True
1991,SEA,Seattle Seahawks,Chuck Knox,Chuck Knox,John Becker,,John Becker,,offensive_coordinator,False,False,True,False,https://en.wikipedia.org/wiki/1991_Seattle_Seahawks_season,1357143047,2026-06-01T00:21:59Z,,,,True
1991,SF,San Francisco 49ers,George Seifert,George Seifert,Mike Holmgren,Mike Holmgren,Mike Holmgren,Mike Holmgren,offensive_coordinator,False,False,False,False,https://en.wikipedia.org/wiki/1991_San_Francisco_49ers_season,1358915214,2026-06-11T20:20:58Z,https://en.wikipedia.org/wiki/Mike_Holmgren,1367196207.0,2026-08-01T16:51:31Z,False
1991,TB,Tampa Bay Buccaneers,Richard Williamson,Richard Williamson (American football),,,Richard Williamson,Richard Williamson (American football),hc_fallback_no_oc_documented,False,False,,False,https://en.wikipedia.org/wiki/1991_Tampa_Bay_Buccaneers_season,1360215553,2026-06-20T00:02:58Z,https://en.wikipedia.org/wiki/Richard_Williamson_(American_football),1368178375.0,2026-08-07T13:51:43Z,True
1991,TEN,Houston Oilers,Jack Pardee,Jack Pardee,Kevin Gilbride,Kevin Gilbride,Kevin Gilbride,Kevin Gilbride,offensive_coordinator,False,False,False,False,https://en.wikipedia.org/wiki/1991_Houston_Oilers_season,1341327861,2026-03-02T16:16:50Z,https://en.wikipedia.org/wiki/Kevin_Gilbride,1345413304.0,2026-03-25T23:55:40Z,False
1991,WAS,Washington Redskins,Joe Gibbs,Joe Gibbs,Joe Gibbs,,Joe Gibbs,,offensive_coordinator,False,False,True,False,https://en.wikipedia.org/wiki/1991_Washington_Redskins_season,1367252493,2026-08-02T00:04:37Z,,,,True
1992,ARI,Phoenix Cardinals,Joe Bugel,Joe Bugel,Jerry Rhome,Jerry Rhome,Joe Bugel,Joe Bugel,hc_prior_offensive_coordinator,True,False,False,False,https://en.wikipedia.org/wiki/1992_Phoenix_Cardinals_season,1358916005,2026-06-11T20:27:11Z,https://en.wikipedia.org/wiki/Joe_Bugel,1368242009.0,2026-08-07T22:22:19Z,False
1992,ATL,Atlanta Falcons,Jerry Glanville,Jerry Glanville,,,Jerry Glanville,Jerry Glanville,hc_fallback_no_oc_documented,False,False,True,False,https://en.wikipedia.org/wiki/1992_Atlanta_Falcons_season,1364099299,2026-07-14T13:53:35Z,https://en.wikipedia.org/wiki/Jerry_Glanville,1370844548.0,2026-08-23T10:52:53Z,True
1992,BUF,Buffalo Bills,Marv Levy,Marv Levy,Tom Bresnahan,Tom Bresnahan,Tom Bresnahan,Tom Bresnahan,offensive_coordinator,False,False,True,False,https://en.wikipedia.org/wiki/1992_Buffalo_Bills_season,1364097776,2026-07-14T13:39:33Z,https://en.wikipedia.org/wiki/Tom_Bresnahan,1333264085.0,2026-01-16T18:20:55Z,False
1992,CHI,Chicago Bears,Mike Ditka,Mike Ditka,Greg Landry,Greg Landry,Greg Landry,Greg Landry,offensive_coordinator,False,False,False,False,https://en.wikipedia.org/wiki/1992_Chicago_Bears_season,1341142070,2026-03-01T18:17:10Z,,,,True
1992,CIN,Cincinnati Bengals,Dave Shula,Dave Shula,,,Dave Shula,Dave Shula,hc_prior_offensive_coordinator,True,True,,False,https://en.wikipedia.org/wiki/1992_Cincinnati_Bengals_season,1364120943,2026-07-14T16:51:22Z,https://en.wikipedia.org/wiki/Dave_Shula,1366344174.0,2026-07-27T13:43:45Z,True
1992,CLE,Cleveland Browns,Bill Belichick,Bill Belichick,,,Bill Belichick,Bill Belichick,hc_fallback_no_oc_documented,False,False,,False,https://en.wikipedia.org/wiki/1992_Cleveland_Browns_season,1364095465,2026-07-14T13:18:11Z,https://en.wikipedia.org/wiki/Bill_Belichick,1372262973.0,2026-08-31T02:00:03Z,True
1992,DAL,Dallas Cowboys,Jimmy Johnson,Jimmy Johnson (American football coach),Norv Turner,Norv Turner,Norv Turner,Norv Turner,offensive_coordinator,False,False,,False,https://en.wikipedia.org/wiki/1992_Dallas_Cowboys_season,1341386561,2026-03-02T23:17:12Z,https://en.wikipedia.org/wiki/Norv_Turner,1354047840.0,2026-05-14T00:32:05Z,False
1992,DEN,Denver Broncos,Dan Reeves,Dan Reeves,George Henshaw,George Henshaw,George Henshaw,George Henshaw,offensive_coordinator,False,False,,False,https://en.wikipedia.org/wiki/1992_Denver_Broncos_season,1364098617,2026-07-14T13:47:32Z,https://en.wikipedia.org/wiki/George_Henshaw,1314287056.0,2025-09-30T16:49:15Z,False
1992,DET,Detroit Lions,Wayne Fontes,Wayne Fontes,Dan Henning,Dan Henning,Dan Henning,Dan Henning,offensive_coordinator,False,False,True,False,https://en.wikipedia.org/wiki/1992_Detroit_Lions_season,1341173999,2026-03-01T21:47:14Z,https://en.wikipedia.org/wiki/Dan_Henning,1366044797.0,2026-07-25T23:33:18Z,False
1992,GB,Green Bay Packers,Mike Holmgren,Mike Holmgren,Sherman Lewis,Sherman Lewis,Mike Holmgren,Mike Holmgren,hc_prior_offensive_coordinator,True,True,,False,https://en.wikipedia.org/wiki/1992_Green_Bay_Packers_season,1367294448,2026-08-02T06:05:31Z,https://en.wikipedia.org/wiki/Mike_Holmgren,1367196207.0,2026-08-01T16:51:31Z,False
1992,IND,Indianapolis Colts,Ted Marchibroda,Ted Marchibroda,Nick Nicolau,Nick Nicolau,Ted Marchibroda,Ted Marchibroda,hc_prior_offensive_coordinator,True,True,,False,https://en.wikipedia.org/wiki/1992_Indianapolis_Colts_season,1358915944,2026-06-11T20:26:53Z,https://en.wikipedia.org/wiki/Ted_Marchibroda,1370891591.0,2026-08-23T16:28:09Z,False
1992,KC,Kansas City Chiefs,Marty Schottenheimer,Marty Schottenheimer,Joe Pendry,Joe Pendry,Joe Pendry,Joe Pendry,offensive_coordinator,False,False,False,False,https://en.wikipedia.org/wiki/1992_Kansas_City_Chiefs_season,1370814231,2026-08-23T05:55:41Z,https://en.wikipedia.org/wiki/Joe_Pendry,1336690578.0,2026-02-05T04:46:36Z,False
1992,LAR,Los Angeles Rams,Chuck Knox,Chuck Knox,Ernie Zampese,Ernie Zampese,Ernie Zampese,Ernie Zampese,offensive_coordinator,False,True,False,False,https://en.wikipedia.org/wiki/1992_Los_Angeles_Rams_season,1367300375,2026-08-02T07:00:26Z,https://en.wikipedia.org/wiki/Ernie_Zampese,1369311597.0,2026-08-14T05:40:03Z,False
1992,LV,Los Angeles Raiders,Art Shell,Art Shell,,,Art Shell,Art Shell,hc_fallback_no_oc_documented,False,False,,False,https://en.wikipedia.org/wiki/1992_Los_Angeles_Raiders_season,1345439447,2026-03-26T02:44:07Z,https://en.wikipedia.org/wiki/Art_Shell,1372200966.0,2026-08-30T21:10:42Z,True
1992,MIA,Miami Dolphins,Don Shula,Don Shula,Gary Stevens,Gary Stevens (American football),Gary Stevens,Gary Stevens (American football),offensive_coordinator,False,False,,False,https://en.wikipedia.org/wiki/1992_Miami_Dolphins_season,1360214540,2026-06-19T23:53:07Z,,,,True
1992,MIN,Minnesota Vikings,Dennis Green,Dennis Green,Jack Burns,Jack Burns (American football coach),Dennis Green,Dennis Green,hc_prior_offensive_coordinator,True,True,True,False,https://en.wikipedia.org/wiki/1992_Minnesota_Vikings_season,1356122490,2026-05-25T21:44:05Z,https://en.wikipedia.org/wiki/Dennis_Green,1369881539.0,2026-08-17T19:41:28Z,False
1992,NE,New England Patriots,Dick MacPherson,Dick MacPherson,Dick Coury,Dick Coury,Dick Coury,Dick Coury,offensive_coordinator,False,False,False,False,https://en.wikipedia.org/wiki/1992_New_England_Patriots_season,1367375521,2026-08-02T18:48:02Z,https://en.wikipedia.org/wiki/Dick_Coury,1346786948.0,2026-04-02T22:28:41Z,False
1992,NO,New Orleans Saints,Jim Mora,Jim E. Mora,Carl Smith,Carl Smith (American football),Carl Smith,Carl Smith (American football),offensive_coordinator,False,False,False,False,https://en.wikipedia.org/wiki/1992_New_Orleans_Saints_season,1364097928,2026-07-14T13:41:14Z,https://en.wikipedia.org/wiki/Carl_Smith_(American_football),1358275048.0,2026-06-07T18:21:55Z,False
1992,NYG,New York Giants,Ray Handley,Ray Handley,,,Ray Handley,Ray Handley,hc_fallback_no_oc_documented,False,False,,False,https://en.wikipedia.org/wiki/1992_New_York_Giants_season,1345189120,2026-03-24T20:13:34Z,https://en.wikipedia.org/wiki/Ray_Handley,1362694475.0,2026-07-05T17:28:20Z,True
1992,NYJ,New York Jets,Bruce Coslet,Bruce Coslet,,,Bruce Coslet,Bruce Coslet,hc_fallback_no_oc_documented,False,False,,False,https://en.wikipedia.org/wiki/1992_New_York_Jets_season,1372405117,2026-08-31T16:07:09Z,,,,True
1992,PHI,Philadelphia Eagles,Rich Kotite,Rich Kotite,Rich Kotite,,Rich Kotite,,offensive_coordinator,False,False,True,False,https://en.wikipedia.org/wiki/1992_Philadelphia_Eagles_season,1369245909,2026-08-13T19:54:10Z,,,,True
1992,PIT,Pittsburgh Steelers,Bill Cowher,Bill Cowher,Ron Erhardt,Ron Erhardt,Ron Erhardt,Ron Erhardt,offensive_coordinator,False,True,True,False,https://en.wikipedia.org/wiki/1992_Pittsburgh_Steelers_season,1360214511,2026-06-19T23:52:44Z,https://en.wikipedia.org/wiki/Ron_Erhardt,1361270314.0,2026-06-26T20:56:47Z,False
1992,SEA,Seattle Seahawks,Tom Flores,Tom Flores,Larry Kennan,Larry Kennan,Larry Kennan,Larry Kennan,offensive_coordinator,False,True,True,False,https://en.wikipedia.org/wiki/1992_Seattle_Seahawks_season,1369981318,2026-08-18T11:21:37Z,https://en.wikipedia.org/wiki/Larry_Kennan,1305926057.0,2025-08-14T22:27:48Z,False
1992,SF,San Francisco 49ers,George Seifert,George Seifert,Mike Shanahan,Mike Shanahan,Mike Shanahan,Mike Shanahan,offensive_coordinator,False,False,True,False,https://en.wikipedia.org/wiki/1992_San_Francisco_49ers_season,1372866893,2026-09-02T17:54:47Z,https://en.wikipedia.org/wiki/Mike_Shanahan,1372773449.0,2026-09-02T05:30:07Z,False
1992,TB,Tampa Bay Buccaneers,Sam Wyche,Sam Wyche,,,Sam Wyche,Sam Wyche,hc_fallback_no_oc_documented,False,True,,False,https://en.wikipedia.org/wiki/1992_Tampa_Bay_Buccaneers_season,1360214459,2026-06-19T23:52:04Z,,,,True
1992,TEN,Houston Oilers,Jack Pardee,Jack Pardee,Kevin Gilbride,Kevin Gilbride,Kevin Gilbride,Kevin Gilbride,offensive_coordinator,False,False,False,False,https://en.wikipedia.org/wiki/1992_Houston_Oilers_season,1367294747,2026-08-02T06:08:33Z,https://en.wikipedia.org/wiki/Kevin_Gilbride,1345413304.0,2026-03-25T23:55:40Z,False
1993,ARI,Phoenix Cardinals,Joe Bugel,Joe Bugel,Jerry Rhome,Jerry Rhome,Joe Bugel,Joe Bugel,hc_prior_offensive_coordinator,True,False,False,False,https://en.wikipedia.org/wiki/1993_Phoenix_Cardinals_season,1366837719,2026-07-30T14:44:49Z,https://en.wikipedia.org/wiki/Joe_Bugel,1368242009.0,2026-08-07T22:22:19Z,False
1993,ATL,Atlanta Falcons,Jerry Glanville,Jerry Glanville,,,Jerry Glanville,Jerry Glanville,hc_fallback_no_oc_documented,False,False,,False,https://en.wikipedia.org/wiki/1993_Atlanta_Falcons_season,1364098279,2026-07-14T13:44:23Z,https://en.wikipedia.org/wiki/Jerry_Glanville,1370844548.0,2026-08-23T10:52:53Z,True
1993,BUF,Buffalo Bills,Marv Levy,Marv Levy,Tom Bresnahan,Tom Bresnahan,Tom Bresnahan,Tom Bresnahan,offensive_coordinator,False,False,False,False,https://en.wikipedia.org/wiki/1993_Buffalo_Bills_season,1364097758,2026-07-14T13:39:20Z,https://en.wikipedia.org/wiki/Tom_Bresnahan,1333264085.0,2026-01-16T18:20:55Z,False
1993,CHI,Chicago Bears,Dave Wannstedt,Dave Wannstedt,,,Dave Wannstedt,Dave Wannstedt,hc_fallback_no_oc_documented,False,True,True,False,https://en.wikipedia.org/wiki/1993_Chicago_Bears_season,1364096030,2026-07-14T13:23:54Z,https://en.wikipedia.org/wiki/Dave_Wannstedt,1367027692.0,2026-07-31T14:21:13Z,True
1993,CIN,Cincinnati Bengals,Dave Shula,Dave Shula,,,Dave Shula,Dave Shula,hc_prior_offensive_coordinator,True,False,,False,https://en.wikipedia.org/wiki/1993_Cincinnati_Bengals_season,1367325134,2026-08-02T11:23:05Z,https://en.wikipedia.org/wiki/Dave_Shula,1366344174.0,2026-07-27T13:43:45Z,True
1993,CLE,Cleveland Browns,Bill Belichick,Bill Belichick,,,Bill Belichick,Bill Belichick,hc_fallback_no_oc_documented,False,False,,False,https://en.wikipedia.org/wiki/1993_Cleveland_Browns_season,1364095443,2026-07-14T13:18:02Z,https://en.wikipedia.org/wiki/Bill_Belichick,1372262973.0,2026-08-31T02:00:03Z,True
1993,DAL,Dallas Cowboys,Jimmy Johnson,Jimmy Johnson (American football coach),Norv Turner,Norv Turner,Norv Turner,Norv Turner,offensive_coordinator,False,False,False,False,https://en.wikipedia.org/wiki/1993_Dallas_Cowboys_season,1370334533,2026-08-20T14:46:07Z,https://en.wikipedia.org/wiki/Norv_Turner,1354047840.0,2026-05-14T00:32:05Z,False
1993,DEN,Denver Broncos,Wade Phillips,Wade Phillips,Jim Fassel,Jim Fassel,Jim Fassel,Jim Fassel,offensive_coordinator,False,True,True,False,https://en.wikipedia.org/wiki/1993_Denver_Broncos_season,1364098522,2026-07-14T13:46:39Z,https://en.wikipedia.org/wiki/Jim_Fassel,1368763583.0,2026-08-11T00:06:55Z,False
1993,DET,Detroit Lions,Wayne Fontes,Wayne Fontes,Dan Henning,Dan Henning,Dan Henning,Dan Henning,offensive_coordinator,False,False,False,False,https://en.wikipedia.org/wiki/1993_Detroit_Lions_season,1350948927,2026-04-25T01:01:14Z,https://en.wikipedia.org/wiki/Dan_Henning,1366044797.0,2026-07-25T23:33:18Z,False
1993,GB,Green Bay Packers,Mike Holmgren,Mike Holmgren,Sherman Lewis,Sherman Lewis,Mike Holmgren,Mike Holmgren,hc_prior_offensive_coordinator,True,False,False,False,https://en.wikipedia.org/wiki/1993_Green_Bay_Packers_season,1370204026,2026-08-19T18:51:28Z,https://en.wikipedia.org/wiki/Mike_Holmgren,1367196207.0,2026-08-01T16:51:31Z,False
1993,IND,Indianapolis Colts,Ted Marchibroda,Ted Marchibroda,Nick Nicolau,Nick Nicolau,Ted Marchibroda,Ted Marchibroda,hc_prior_offensive_coordinator,True,False,False,False,https://en.wikipedia.org/wiki/1993_Indianapolis_Colts_season,1358916058,2026-06-11T20:27:28Z,https://en.wikipedia.org/wiki/Ted_Marchibroda,1370891591.0,2026-08-23T16:28:09Z,False
1993,KC,Kansas City Chiefs,Marty Schottenheimer,Marty Schottenheimer,Paul Hackett,Paul Hackett (American football),Paul Hackett,Paul Hackett (American football),offensive_coordinator,False,False,True,False,https://en.wikipedia.org/wiki/1993_Kansas_City_Chiefs_season,1364096047,2026-07-14T13:24:06Z,https://en.wikipedia.org/wiki/Paul_Hackett_(American_football),1288155039.0,2025-04-30T20:31:52Z,False
1993,LAC,San Diego Chargers,Bobby Ross,Bobby Ross,,,Bobby Ross,Bobby Ross,hc_fallback_no_oc_documented,False,,,False,https://en.wikipedia.org/wiki/1993_San_Diego_Chargers_season,1359211839,2026-06-13T21:24:23Z,https://en.wikipedia.org/wiki/Bobby_Ross,1369767078.0,2026-08-17T01:20:15Z,True
1993,LAR,Los Angeles Rams,Chuck Knox,Chuck Knox,Ernie Zampese,Ernie Zampese,Ernie Zampese,Ernie Zampese,offensive_coordinator,False,False,False,False,https://en.wikipedia.org/wiki/1993_Los_Angeles_Rams_season,1341215615,2026-03-02T01:45:52Z,https://en.wikipedia.org/wiki/Ernie_Zampese,1369311597.0,2026-08-14T05:40:03Z,False
1993,LV,Los Angeles Raiders,Art Shell,Art Shell,Tom Walsh,Tom Walsh (American football),Tom Walsh,Tom Walsh (American football),offensive_coordinator,False,False,,False,https://en.wikipedia.org/wiki/1993_Los_Angeles_Raiders_season,1346950846,2026-04-03T20:41:22Z,https://en.wikipedia.org/wiki/Tom_Walsh_(American_football),1323974880.0,2025-11-24T21:21:58Z,False
1993,MIA,Miami Dolphins,Don Shula,Don Shula,,,Don Shula,Don Shula,hc_fallback_no_oc_documented,False,False,True,False,https://en.wikipedia.org/wiki/1993_Miami_Dolphins_season,1366724126,2026-07-29T20:16:55Z,https://en.wikipedia.org/wiki/Don_Shula,1370834928.0,2026-08-23T09:12:27Z,True
1993,MIN,Minnesota Vikings,Dennis Green,Dennis Green,Jack Burns,Jack Burns (American football coach),Dennis Green,Dennis Green,hc_prior_offensive_coordinator,True,False,False,True,https://en.wikipedia.org/wiki/1993_Minnesota_Vikings_season,1369979933,2026-08-18T11:03:51Z,https://en.wikipedia.org/wiki/Dennis_Green,1369881539.0,2026-08-17T19:41:28Z,True
1993,NE,New England Patriots,Bill Parcells,Bill Parcells,Ray Perkins,Ray Perkins (wide receiver),Ray Perkins,Ray Perkins (wide receiver),offensive_coordinator,False,True,True,False,https://en.wikipedia.org/wiki/1993_New_England_Patriots_season,1364096753,2026-07-14T13:30:32Z,,,,True
1993,NO,New Orleans Saints,Jim Mora,Jim E. Mora,,,Jim Mora,Jim E. Mora,hc_fallback_no_oc_documented,False,False,True,False,https://en.wikipedia.org/wiki/1993_New_Orleans_Saints_season,1341200506,2026-03-02T00:26:15Z,https://en.wikipedia.org/wiki/Jim_E._Mora,1338880763.0,2026-02-17T20:04:56Z,True
1993,NYG,New York Giants,Dan Reeves,Dan Reeves,George Henshaw,George Henshaw,George Henshaw,George Henshaw,offensive_coordinator,False,True,,False,https://en.wikipedia.org/wiki/1993_New_York_Giants_season,1370121830,2026-08-19T06:31:19Z,https://en.wikipedia.org/wiki/George_Henshaw,1314287056.0,2025-09-30T16:49:15Z,False
1993,NYJ,New York Jets,Bruce Coslet,Bruce Coslet,,,Bruce Coslet,Bruce Coslet,hc_fallback_no_oc_documented,False,False,,False,https://en.wikipedia.org/wiki/1993_New_York_Jets_season,1359833201,2026-06-17T14:08:57Z,,,,True
1993,PHI,Philadelphia Eagles,Rich Kotite,Rich Kotite,,,Rich Kotite,Rich Kotite,hc_fallback_no_oc_documented,False,False,True,False,https://en.wikipedia.org/wiki/1993_Philadelphia_Eagles_season,1341183107,2026-03-01T22:48:25Z,,,,True
1993,PIT,Pittsburgh Steelers,Bill Cowher,Bill Cowher,Ron Erhardt,Ron Erhardt,Ron Erhardt,Ron Erhardt,offensive_coordinator,False,False,False,False,https://en.wikipedia.org/wiki/1993_Pittsburgh_Steelers_season,1370121888,2026-08-19T06:31:50Z,https://en.wikipedia.org/wiki/Ron_Erhardt,1361270314.0,2026-06-26T20:56:47Z,False
1993,SEA,Seattle Seahawks,Tom Flores,Tom Flores,Larry Kennan,Larry Kennan,Larry Kennan,Larry Kennan,offensive_coordinator,False,False,False,False,https://en.wikipedia.org/wiki/1993_Seattle_Seahawks_season,1369981371,2026-08-18T11:22:08Z,https://en.wikipedia.org/wiki/Larry_Kennan,1305926057.0,2025-08-14T22:27:48Z,False
1993,SF,San Francisco 49ers,George Seifert,George Seifert,Mike Shanahan,Mike Shanahan,Mike Shanahan,Mike Shanahan,offensive_coordinator,False,False,False,False,https://en.wikipedia.org/wiki/1993_San_Francisco_49ers_season,1358156222,2026-06-06T23:23:34Z,https://en.wikipedia.org/wiki/Mike_Shanahan,1372773449.0,2026-09-02T05:30:07Z,False
1993,TB,Tampa Bay Buccaneers,Sam Wyche,Sam Wyche,,,Sam Wyche,Sam Wyche,hc_fallback_no_oc_documented,False,False,,False,https://en.wikipedia.org/wiki/1993_Tampa_Bay_Buccaneers_season,1370121966,2026-08-19T06:32:57Z,,,,True
1993,TEN,Houston Oilers,Jack Pardee,Jack Pardee,Kevin Gilbride,Kevin Gilbride,Kevin Gilbride,Kevin Gilbride,offensive_coordinator,False,False,False,False,https://en.wikipedia.org/wiki/1993_Houston_Oilers_season,1353733565,2026-05-12T01:35:44Z,https://en.wikipedia.org/wiki/Kevin_Gilbride,1345413304.0,2026-03-25T23:55:40Z,False
1993,WAS,Washington Redskins,Richie Petitbon,Richie Petitbon,Rod Dowhower,Rod Dowhower,Rod Dowhower,Rod Dowhower,offensive_coordinator,False,,,False,https://en.wikipedia.org/wiki/1993_Washington_Redskins_season,1341317365,2026-03-02T14:56:47Z,https://en.wikipedia.org/wiki/Rod_Dowhower,1321932634.0,2025-11-13T13:17:02Z,False
1994,ARI,Arizona Cardinals,Buddy Ryan,Buddy Ryan,Dave Atkins,Dave Atkins (American football),Dave Atkins,Dave Atkins (American football),offensive_coordinator,False,True,True,False,https://en.wikipedia.org/wiki/1994_Arizona_Cardinals_season,1366837862,2026-07-30T14:45:51Z,https://en.wikipedia.org/wiki/Dave_Atkins_(American_football),1366952318.0,2026-07-31T01:31:11Z,False
1994,ATL,Atlanta Falcons,June Jones,June Jones,,,June Jones,June Jones,hc_prior_offensive_coordinator,True,True,,False,https://en.wikipedia.org/wiki/1994_Atlanta_Falcons_season,1364098004,2026-07-14T13:41:54Z,https://en.wikipedia.org/wiki/June_Jones,1367835738.0,2026-08-05T13:37:22Z,True
1994,BUF,Buffalo Bills,Marv Levy,Marv Levy,,,Marv Levy,Marv Levy,hc_fallback_no_oc_documented,False,False,True,False,https://en.wikipedia.org/wiki/1994_Buffalo_Bills_season,1367938189,2026-08-06T02:20:49Z,,,,True
1994,CHI,Chicago Bears,Dave Wannstedt,Dave Wannstedt,Ron Turner,Ron Turner (American football),Ron Turner,Ron Turner (American football),offensive_coordinator,False,False,,False,https://en.wikipedia.org/wiki/1994_Chicago_Bears_season,1364096015,2026-07-14T13:23:47Z,https://en.wikipedia.org/wiki/Ron_Turner_(American_football),1368757526.0,2026-08-10T23:21:31Z,False
1994,CIN,Cincinnati Bengals,Dave Shula,Dave Shula,Bruce Coslet,Bruce Coslet,Dave Shula,Dave Shula,hc_prior_offensive_coordinator,True,False,,False,https://en.wikipedia.org/wiki/1994_Cincinnati_Bengals_season,1367358778,2026-08-02T16:38:04Z,https://en.wikipedia.org/wiki/Dave_Shula,1366344174.0,2026-07-27T13:43:45Z,False
1994,CLE,Cleveland Browns,Bill Belichick,Bill Belichick,Steve Crosby,Steve Crosby,Steve Crosby,Steve Crosby,offensive_coordinator,False,False,,False,https://en.wikipedia.org/wiki/1994_Cleveland_Browns_season,1367378979,2026-08-02T19:13:45Z,https://en.wikipedia.org/wiki/Steve_Crosby,1366721684.0,2026-07-29T19:58:22Z,False
1994,DAL,Dallas Cowboys,Barry Switzer,Barry Switzer,Ernie Zampese,Ernie Zampese,Ernie Zampese,Ernie Zampese,offensive_coordinator,False,True,True,False,https://en.wikipedia.org/wiki/1994_Dallas_Cowboys_season,1342111149,2026-03-07T01:58:47Z,https://en.wikipedia.org/wiki/Ernie_Zampese,1369311597.0,2026-08-14T05:40:03Z,False
1994,DEN,Denver Broncos,Wade Phillips,Wade Phillips,Jim Fassel,Jim Fassel,Jim Fassel,Jim Fassel,offensive_coordinator,False,False,False,False,https://en.wikipedia.org/wiki/1994_Denver_Broncos_season,1364098734,2026-07-14T13:48:34Z,https://en.wikipedia.org/wiki/Jim_Fassel,1368763583.0,2026-08-11T00:06:55Z,False
1994,DET,Detroit Lions,Wayne Fontes,Wayne Fontes,Tom Moore,"Tom Moore (American football coach, born 1938)",Tom Moore,"Tom Moore (American football coach, born 1938)",offensive_coordinator,False,False,True,False,https://en.wikipedia.org/wiki/1994_Detroit_Lions_season,1350948903,2026-04-25T01:01:05Z,"https://en.wikipedia.org/wiki/Tom_Moore_(American_football_coach,_born_1938)",1364279725.0,2026-07-15T16:51:14Z,False
1994,GB,Green Bay Packers,Mike Holmgren,Mike Holmgren,Sherman Lewis,Sherman Lewis,Mike Holmgren,Mike Holmgren,hc_prior_offensive_coordinator,True,False,False,False,https://en.wikipedia.org/wiki/1994_Green_Bay_Packers_season,1365197769,2026-07-20T22:21:08Z,https://en.wikipedia.org/wiki/Mike_Holmgren,1367196207.0,2026-08-01T16:51:31Z,False
1994,IND,Indianapolis Colts,Ted Marchibroda,Ted Marchibroda,Nick Nicolau,Nick Nicolau,Ted Marchibroda,Ted Marchibroda,hc_prior_offensive_coordinator,True,False,False,False,https://en.wikipedia.org/wiki/1994_Indianapolis_Colts_season,1370718905,2026-08-22T18:30:14Z,https://en.wikipedia.org/wiki/Ted_Marchibroda,1370891591.0,2026-08-23T16:28:09Z,False
1994,KC,Kansas City Chiefs,Marty Schottenheimer,Marty Schottenheimer,Paul Hackett,Paul Hackett (American football),Paul Hackett,Paul Hackett (American football),offensive_coordinator,False,False,False,False,https://en.wikipedia.org/wiki/1994_Kansas_City_Chiefs_season,1364096622,2026-07-14T13:29:08Z,https://en.wikipedia.org/wiki/Paul_Hackett_(American_football),1288155039.0,2025-04-30T20:31:52Z,False
1994,LAC,San Diego Chargers,Bobby Ross,Bobby Ross,Ralph Friedgen,Ralph Friedgen,Ralph Friedgen,Ralph Friedgen,offensive_coordinator,False,False,,False,https://en.wikipedia.org/wiki/1994_San_Diego_Chargers_season,1366235228,2026-07-26T23:59:02Z,https://en.wikipedia.org/wiki/Ralph_Friedgen,1370871395.0,2026-08-23T14:27:30Z,False
1994,LAR,Los Angeles Rams,Chuck Knox,Chuck Knox,Chris Harris,,Chris Harris,,offensive_coordinator,False,False,True,False,https://en.wikipedia.org/wiki/1994_Los_Angeles_Rams_season,1370814576,2026-08-23T05:58:36Z,,,,True
1994,LV,Los Angeles Raiders,Art Shell,Art Shell,,,Art Shell,Art Shell,hc_fallback_no_oc_documented,False,False,True,False,https://en.wikipedia.org/wiki/1994_Los_Angeles_Raiders_season,1372840074,2026-09-02T14:57:22Z,https://en.wikipedia.org/wiki/Art_Shell,1372200966.0,2026-08-30T21:10:42Z,True
1994,MIA,Miami Dolphins,Don Shula,Don Shula,Gary Stevens,Gary Stevens (American football),Gary Stevens,Gary Stevens (American football),offensive_coordinator,False,False,,False,https://en.wikipedia.org/wiki/1994_Miami_Dolphins_season,1367524204,2026-08-03T16:20:28Z,,,,True
1994,MIN,Minnesota Vikings,Dennis Green,Dennis Green,Brian Billick,Brian Billick,Dennis Green,Dennis Green,hc_prior_offensive_coordinator,True,False,False,False,https://en.wikipedia.org/wiki/1994_Minnesota_Vikings_season,1360211603,2026-06-19T23:31:03Z,https://en.wikipedia.org/wiki/Dennis_Green,1369881539.0,2026-08-17T19:41:28Z,False
1994,NE,New England Patriots,Bill Parcells,Bill Parcells,Ray Perkins,Ray Perkins,Ray Perkins,Ray Perkins,offensive_coordinator,False,False,True,False,https://en.wikipedia.org/wiki/1994_New_England_Patriots_season,1364096744,2026-07-14T13:30:25Z,,,,True
1994,NO,New Orleans Saints,Jim Mora,Jim E. Mora,,,Jim Mora,Jim E. Mora,hc_fallback_no_oc_documented,False,False,,False,https://en.wikipedia.org/wiki/1994_New_Orleans_Saints_season,1352108222,2026-05-02T02:42:33Z,https://en.wikipedia.org/wiki/Jim_E._Mora,1338880763.0,2026-02-17T20:04:56Z,True
1994,NYG,New York Giants,Dan Reeves,Dan Reeves,,,Dan Reeves,Dan Reeves,hc_fallback_no_oc_documented,False,False,True,False,https://en.wikipedia.org/wiki/1994_New_York_Giants_season,1345189366,2026-03-24T20:15:13Z,,,,True
1994,NYJ,New York Jets,Pete Carroll,Pete Carroll,Ray Sherman,Ray Sherman,Ray Sherman,Ray Sherman,offensive_coordinator,False,True,,False,https://en.wikipedia.org/wiki/1994_New_York_Jets_season,1359833383,2026-06-17T14:10:41Z,https://en.wikipedia.org/wiki/Ray_Sherman,1366475789.0,2026-07-28T06:22:16Z,False
1994,PHI,Philadelphia Eagles,Rich Kotite,Rich Kotite,Zeke Bratkowski,Zeke Bratkowski,Zeke Bratkowski,Zeke Bratkowski,offensive_coordinator,False,False,,False,https://en.wikipedia.org/wiki/1994_Philadelphia_Eagles_season,1341183128,2026-03-01T22:48:33Z,,,,True
1994,PIT,Pittsburgh Steelers,Bill Cowher,Bill Cowher,Ron Erhardt,Ron Erhardt,Ron Erhardt,Ron Erhardt,offensive_coordinator,False,False,False,False,https://en.wikipedia.org/wiki/1994_Pittsburgh_Steelers_season,1366725212,2026-07-29T20:25:40Z,https://en.wikipedia.org/wiki/Ron_Erhardt,1361270314.0,2026-06-26T20:56:47Z,False
1994,SEA,Seattle Seahawks,Tom Flores,Tom Flores,Larry Kennan,Larry Kennan,Larry Kennan,Larry Kennan,offensive_coordinator,False,False,False,False,https://en.wikipedia.org/wiki/1994_Seattle_Seahawks_season,1369981403,2026-08-18T11:22:38Z,https://en.wikipedia.org/wiki/Larry_Kennan,1305926057.0,2025-08-14T22:27:48Z,False
1994,SF,San Francisco 49ers,George Seifert,George Seifert,Mike Shanahan,Mike Shanahan,Mike Shanahan,Mike Shanahan,offensive_coordinator,False,False,False,False,https://en.wikipedia.org/wiki/1994_San_Francisco_49ers_season,1364097100,2026-07-14T13:34:05Z,https://en.wikipedia.org/wiki/Mike_Shanahan,1372773449.0,2026-09-02T05:30:07Z,False
1994,TB,Tampa Bay Buccaneers,Sam Wyche,Sam Wyche,,,Sam Wyche,Sam Wyche,hc_fallback_no_oc_documented,False,False,,False,https://en.wikipedia.org/wiki/1994_Tampa_Bay_Buccaneers_season,1341180511,2026-03-01T22:32:06Z,,,,True
1994,TEN,Houston Oilers,Jack Pardee,Jack Pardee,Kevin Gilbride,Kevin Gilbride,Kevin Gilbride,Kevin Gilbride,offensive_coordinator,False,False,False,True,https://en.wikipedia.org/wiki/1994_Houston_Oilers_season,1341327931,2026-03-02T16:17:21Z,https://en.wikipedia.org/wiki/Kevin_Gilbride,1345413304.0,2026-03-25T23:55:40Z,True
1994,WAS,Washington Redskins,Norv Turner,Norv Turner,Norv Turner,,Norv Turner,Norv Turner,hc_prior_offensive_coordinator,True,True,True,False,https://en.wikipedia.org/wiki/1994_Washington_Redskins_season,1341317389,2026-03-02T14:56:57Z,https://en.wikipedia.org/wiki/Norv_Turner,1354047840.0,2026-05-14T00:32:05Z,False
1995,ARI,Arizona Cardinals,Buddy Ryan,Buddy Ryan,Dave Atkins,Dave Atkins (American football),Dave Atkins,Dave Atkins (American football),offensive_coordinator,False,False,False,False,https://en.wikipedia.org/wiki/1995_Arizona_Cardinals_season,1370123382,2026-08-19T06:40:58Z,https://en.wikipedia.org/wiki/Dave_Atkins_(American_football),1366952318.0,2026-07-31T01:31:11Z,False
1995,BUF,Buffalo Bills,Marv Levy,Marv Levy,Tom Bresnahan,Tom Bresnahan,Tom Bresnahan,Tom Bresnahan,offensive_coordinator,False,False,,True,https://en.wikipedia.org/wiki/1995_Buffalo_Bills_season,1364098137,2026-07-14T13:43:11Z,https://en.wikipedia.org/wiki/Tom_Bresnahan,1333264085.0,2026-01-16T18:20:55Z,True
1995,CAR,Carolina Panthers,Dom Capers,Dom Capers,Joe Pendry,Joe Pendry,Joe Pendry,Joe Pendry,offensive_coordinator,False,,,False,https://en.wikipedia.org/wiki/1995_Carolina_Panthers_season,1350948851,2026-04-25T01:00:44Z,https://en.wikipedia.org/wiki/Joe_Pendry,1336690578.0,2026-02-05T04:46:36Z,False
1995,CHI,Chicago Bears,Dave Wannstedt,Dave Wannstedt,Ron Turner,Ron Turner (American football),Ron Turner,Ron Turner (American football),offensive_coordinator,False,False,False,False,https://en.wikipedia.org/wiki/1995_Chicago_Bears_season,1371795840,2026-08-28T14:01:07Z,https://en.wikipedia.org/wiki/Ron_Turner_(American_football),1368757526.0,2026-08-10T23:21:31Z,False
1995,CIN,Cincinnati Bengals,Dave Shula,Dave Shula,Bruce Coslet,Bruce Coslet,Dave Shula,Dave Shula,hc_prior_offensive_coordinator,True,False,False,False,https://en.wikipedia.org/wiki/1995_Cincinnati_Bengals_season,1367427339,2026-08-03T01:20:49Z,https://en.wikipedia.org/wiki/Dave_Shula,1366344174.0,2026-07-27T13:43:45Z,False
1995,CLE,Cleveland Browns,Bill Belichick,Bill Belichick,Steve Crosby,Steve Crosby,Steve Crosby,Steve Crosby,offensive_coordinator,False,False,False,False,https://en.wikipedia.org/wiki/1995_Cleveland_Browns_season,1370814912,2026-08-23T06:01:42Z,https://en.wikipedia.org/wiki/Steve_Crosby,1366721684.0,2026-07-29T19:58:22Z,False
1995,DAL,Dallas Cowboys,Barry Switzer,Barry Switzer,Ernie Zampese,Ernie Zampese,Ernie Zampese,Ernie Zampese,offensive_coordinator,False,False,False,False,https://en.wikipedia.org/wiki/1995_Dallas_Cowboys_season,1370802793,2026-08-23T04:29:50Z,https://en.wikipedia.org/wiki/Ernie_Zampese,1369311597.0,2026-08-14T05:40:03Z,False
1995,DEN,Denver Broncos,Mike Shanahan,Mike Shanahan,,,Mike Shanahan,Mike Shanahan,hc_prior_offensive_coordinator,True,True,True,False,https://en.wikipedia.org/wiki/1995_Denver_Broncos_season,1364098531,2026-07-14T13:46:47Z,https://en.wikipedia.org/wiki/Mike_Shanahan,1372773449.0,2026-09-02T05:30:07Z,True
1995,DET,Detroit Lions,Wayne Fontes,Wayne Fontes,Tom Moore,"Tom Moore (American football coach, born 1938)",Tom Moore,"Tom Moore (American football coach, born 1938)",offensive_coordinator,False,False,False,False,https://en.wikipedia.org/wiki/1995_Detroit_Lions_season,1359915059,2026-06-18T01:21:04Z,"https://en.wikipedia.org/wiki/Tom_Moore_(American_football_coach,_born_1938)",1364279725.0,2026-07-15T16:51:14Z,False
1995,GB,Green Bay Packers,Mike Holmgren,Mike Holmgren,Sherman Lewis,Sherman Lewis,Mike Holmgren,Mike Holmgren,hc_prior_offensive_coordinator,True,False,False,False,https://en.wikipedia.org/wiki/1995_Green_Bay_Packers_season,1364095887,2026-07-14T13:22:41Z,https://en.wikipedia.org/wiki/Mike_Holmgren,1367196207.0,2026-08-01T16:51:31Z,False
1995,IND,Indianapolis Colts,Ted Marchibroda,Ted Marchibroda,Lindy Infante,Lindy Infante,Ted Marchibroda,Ted Marchibroda,hc_prior_offensive_coordinator,True,False,True,False,https://en.wikipedia.org/wiki/1995_Indianapolis_Colts_season,1370719462,2026-08-22T18:35:03Z,https://en.wikipedia.org/wiki/Ted_Marchibroda,1370891591.0,2026-08-23T16:28:09Z,False
1995,JAX,Jacksonville Jaguars,Tom Coughlin,Tom Coughlin,Kevin Gilbride,Kevin Gilbride,Tom Coughlin,Tom Coughlin,hc_prior_offensive_coordinator,True,,,False,https://en.wikipedia.org/wiki/1995_Jacksonville_Jaguars_season,1372672235,2026-09-01T18:54:30Z,https://en.wikipedia.org/wiki/Tom_Coughlin,1372452084.0,2026-08-31T20:24:49Z,False
1995,KC,Kansas City Chiefs,Marty Schottenheimer,Marty Schottenheimer,Paul Hackett,Paul Hackett (American football),Paul Hackett,Paul Hackett (American football),offensive_coordinator,False,False,False,False,https://en.wikipedia.org/wiki/1995_Kansas_City_Chiefs_season,1364096638,2026-07-14T13:29:16Z,https://en.wikipedia.org/wiki/Paul_Hackett_(American_football),1288155039.0,2025-04-30T20:31:52Z,False
1995,LAC,San Diego Chargers,Bobby Ross,Bobby Ross,Ralph Friedgen,Ralph Friedgen,Ralph Friedgen,Ralph Friedgen,offensive_coordinator,False,False,False,False,https://en.wikipedia.org/wiki/1995_San_Diego_Chargers_season,1368023216,2026-08-06T15:46:15Z,https://en.wikipedia.org/wiki/Ralph_Friedgen,1370871395.0,2026-08-23T14:27:30Z,False
1995,LAR,St. Louis Rams,Rich Brooks,Rich Brooks,Jack Reilly,Jack Reilly (American football),Jack Reilly,Jack Reilly (American football),offensive_coordinator,False,True,True,False,https://en.wikipedia.org/wiki/1995_St._Louis_Rams_season,1365987153,2026-07-25T16:03:15Z,https://en.wikipedia.org/wiki/Jack_Reilly_(American_football),1328200793.0,2025-12-18T13:32:33Z,False
1995,LV,Oakland Raiders,Mike White,Mike White (football coach),,,Mike White,Mike White (football coach),hc_fallback_no_oc_documented,False,True,,False,https://en.wikipedia.org/wiki/1995_Oakland_Raiders_season,1345933984,2026-03-29T01:44:23Z,,,,True
1995,MIA,Miami Dolphins,Don Shula,Don Shula,Gary Stevens,Gary Stevens (American football),Gary Stevens,Gary Stevens (American football),offensive_coordinator,False,False,False,False,https://en.wikipedia.org/wiki/1995_Miami_Dolphins_season,1356560442,2026-05-28T14:33:44Z,,,,True
1995,MIN,Minnesota Vikings,Dennis Green,Dennis Green,Brian Billick,Brian Billick,Dennis Green,Dennis Green,hc_prior_offensive_coordinator,True,False,False,False,https://en.wikipedia.org/wiki/1995_Minnesota_Vikings_season,1370123691,2026-08-19T06:42:28Z,https://en.wikipedia.org/wiki/Dennis_Green,1369881539.0,2026-08-17T19:41:28Z,False
1995,NE,New England Patriots,Bill Parcells,Bill Parcells,,,Bill Parcells,Bill Parcells,hc_fallback_no_oc_documented,False,False,True,False,https://en.wikipedia.org/wiki/1995_New_England_Patriots_season,1364096735,2026-07-14T13:30:18Z,,,,True
1995,NO,New Orleans Saints,Jim Mora,Jim E. Mora,Carl Smith,Carl Smith (American football),Carl Smith,Carl Smith (American football),offensive_coordinator,False,False,,False,https://en.wikipedia.org/wiki/1995_New_Orleans_Saints_season,1341200545,2026-03-02T00:26:33Z,https://en.wikipedia.org/wiki/Carl_Smith_(American_football),1358275048.0,2026-06-07T18:21:55Z,False
1995,NYG,New York Giants,Dan Reeves,Dan Reeves,George Henshaw,George Henshaw,George Henshaw,George Henshaw,offensive_coordinator,False,False,,False,https://en.wikipedia.org/wiki/1995_New_York_Giants_season,1370123740,2026-08-19T06:42:55Z,https://en.wikipedia.org/wiki/George_Henshaw,1314287056.0,2025-09-30T16:49:15Z,False
1995,NYJ,New York Jets,Rich Kotite,Rich Kotite,,,Rich Kotite,Rich Kotite,hc_fallback_no_oc_documented,False,True,True,False,https://en.wikipedia.org/wiki/1995_New_York_Jets_season,1370123788,2026-08-19T06:43:22Z,,,,True
1995,PHI,Philadelphia Eagles,Ray Rhodes,Ray Rhodes,Jon Gruden,Jon Gruden,Jon Gruden,Jon Gruden,offensive_coordinator,False,True,True,False,https://en.wikipedia.org/wiki/1995_Philadelphia_Eagles_season,1364086606,2026-07-14T11:44:05Z,https://en.wikipedia.org/wiki/Jon_Gruden,1371040660.0,2026-08-24T06:31:13Z,False
1995,PIT,Pittsburgh Steelers,Bill Cowher,Bill Cowher,Ron Erhardt,Ron Erhardt,Ron Erhardt,Ron Erhardt,offensive_coordinator,False,False,False,False,https://en.wikipedia.org/wiki/1995_Pittsburgh_Steelers_season,1370123874,2026-08-19T06:43:49Z,https://en.wikipedia.org/wiki/Ron_Erhardt,1361270314.0,2026-06-26T20:56:47Z,False
1995,SEA,Seattle Seahawks,Dennis Erickson,Dennis Erickson,Bob Bratkowski,Bob Bratkowski,Bob Bratkowski,Bob Bratkowski,offensive_coordinator,False,True,True,False,https://en.wikipedia.org/wiki/1995_Seattle_Seahawks_season,1369981429,2026-08-18T11:23:03Z,https://en.wikipedia.org/wiki/Bob_Bratkowski,1363891815.0,2026-07-13T03:18:47Z,False
1995,SF,San Francisco 49ers,George Seifert,George Seifert,Marc Trestman,Marc Trestman,Marc Trestman,Marc Trestman,offensive_coordinator,False,False,True,False,https://en.wikipedia.org/wiki/1995_San_Francisco_49ers_season,1358157075,2026-06-06T23:30:58Z,https://en.wikipedia.org/wiki/Marc_Trestman,1370858429.0,2026-08-23T12:49:54Z,False
1995,TB,Tampa Bay Buccaneers,Sam Wyche,Sam Wyche,,,Sam Wyche,Sam Wyche,hc_fallback_no_oc_documented,False,False,,False,https://en.wikipedia.org/wiki/1995_Tampa_Bay_Buccaneers_season,1357142044,2026-06-01T00:13:08Z,,,,True
1995,TEN,Houston Oilers,Jeff Fisher,Jeff Fisher,Jerry Rhome,Jerry Rhome,Jerry Rhome,Jerry Rhome,offensive_coordinator,False,False,True,False,https://en.wikipedia.org/wiki/1995_Houston_Oilers_season,1366822469,2026-07-30T12:46:08Z,https://en.wikipedia.org/wiki/Jerry_Rhome,1367754456.0,2026-08-05T00:49:57Z,False
1995,WAS,Washington Redskins,Norv Turner,Norv Turner,Norv Turner,,Norv Turner,Norv Turner,hc_prior_offensive_coordinator,True,False,True,False,https://en.wikipedia.org/wiki/1995_Washington_Redskins_season,1346051653,2026-03-29T17:33:40Z,https://en.wikipedia.org/wiki/Norv_Turner,1354047840.0,2026-05-14T00:32:05Z,False
1996,ARI,Arizona Cardinals,Vince Tobin,Vince Tobin,Jim Fassel,Jim Fassel,Jim Fassel,Jim Fassel,offensive_coordinator,False,True,True,False,https://en.wikipedia.org/wiki/1996_Arizona_Cardinals_season,1370123562,2026-08-19T06:41:51Z,https://en.wikipedia.org/wiki/Jim_Fassel,1368763583.0,2026-08-11T00:06:55Z,False
1996,ATL,Atlanta Falcons,June Jones,June Jones,,,June Jones,June Jones,hc_prior_offensive_coordinator,True,,,False,https://en.wikipedia.org/wiki/1996_Atlanta_Falcons_season,1364098945,2026-07-14T13:50:30Z,https://en.wikipedia.org/wiki/June_Jones,1367835738.0,2026-08-05T13:37:22Z,True
1996,BAL,Baltimore Ravens,Ted Marchibroda,Ted Marchibroda,,,Ted Marchibroda,Ted Marchibroda,hc_prior_offensive_coordinator,True,,,False,https://en.wikipedia.org/wiki/1996_Baltimore_Ravens_season,1364098374,2026-07-14T13:45:18Z,https://en.wikipedia.org/wiki/Ted_Marchibroda,1370891591.0,2026-08-23T16:28:09Z,True
1996,BUF,Buffalo Bills,Marv Levy,Marv Levy,Tom Bresnahan,Tom Bresnahan,Tom Bresnahan,Tom Bresnahan,offensive_coordinator,False,True,False,False,https://en.wikipedia.org/wiki/1996_Buffalo_Bills_season,1364098918,2026-07-14T13:50:15Z,https://en.wikipedia.org/wiki/Tom_Bresnahan,1333264085.0,2026-01-16T18:20:55Z,False
1996,CAR,Carolina Panthers,Dom Capers,Dom Capers,Joe Pendry,Joe Pendry,Joe Pendry,Joe Pendry,offensive_coordinator,False,False,False,False,https://en.wikipedia.org/wiki/1996_Carolina_Panthers_season,1370617146,2026-08-22T03:08:08Z,https://en.wikipedia.org/wiki/Joe_Pendry,1336690578.0,2026-02-05T04:46:36Z,False
1996,CHI,Chicago Bears,Dave Wannstedt,Dave Wannstedt,,,Dave Wannstedt,Dave Wannstedt,hc_fallback_no_oc_documented,False,False,True,False,https://en.wikipedia.org/wiki/1996_Chicago_Bears_season,1364095996,2026-07-14T13:23:36Z,https://en.wikipedia.org/wiki/Dave_Wannstedt,1367027692.0,2026-07-31T14:21:13Z,True
1996,CIN,Cincinnati Bengals,Dave Shula,Dave Shula,Bruce Coslet,Bruce Coslet,Dave Shula,Dave Shula,hc_prior_offensive_coordinator,True,False,False,True,https://en.wikipedia.org/wiki/1996_Cincinnati_Bengals_season,1367470109,2026-08-03T07:36:03Z,https://en.wikipedia.org/wiki/Dave_Shula,1366344174.0,2026-07-27T13:43:45Z,True
1996,DAL,Dallas Cowboys,Barry Switzer,Barry Switzer,Ernie Zampese,Ernie Zampese,Ernie Zampese,Ernie Zampese,offensive_coordinator,False,False,False,False,https://en.wikipedia.org/wiki/1996_Dallas_Cowboys_season,1369559388,2026-08-15T18:37:14Z,https://en.wikipedia.org/wiki/Ernie_Zampese,1369311597.0,2026-08-14T05:40:03Z,False
1996,DEN,Denver Broncos,Mike Shanahan,Mike Shanahan,Gary Kubiak,Gary Kubiak,Mike Shanahan,Mike Shanahan,hc_prior_offensive_coordinator,True,False,,False,https://en.wikipedia.org/wiki/1996_Denver_Broncos_season,1364098465,2026-07-14T13:46:13Z,https://en.wikipedia.org/wiki/Mike_Shanahan,1372773449.0,2026-09-02T05:30:07Z,False
1996,DET,Detroit Lions,Wayne Fontes,Wayne Fontes,Tom Moore,"Tom Moore (American football coach, born 1938)",Tom Moore,"Tom Moore (American football coach, born 1938)",offensive_coordinator,False,False,False,False,https://en.wikipedia.org/wiki/1996_Detroit_Lions_season,1341174076,2026-03-01T21:47:55Z,"https://en.wikipedia.org/wiki/Tom_Moore_(American_football_coach,_born_1938)",1364279725.0,2026-07-15T16:51:14Z,False
1996,GB,Green Bay Packers,Mike Holmgren,Mike Holmgren,Sherman Lewis,Sherman Lewis,Mike Holmgren,Mike Holmgren,hc_prior_offensive_coordinator,True,False,False,False,https://en.wikipedia.org/wiki/1996_Green_Bay_Packers_season,1341145498,2026-03-01T18:36:59Z,https://en.wikipedia.org/wiki/Mike_Holmgren,1367196207.0,2026-08-01T16:51:31Z,False
1996,IND,Indianapolis Colts,Lindy Infante,Lindy Infante,Lindy Infante,,Lindy Infante,,offensive_coordinator,False,True,True,False,https://en.wikipedia.org/wiki/1996_Indianapolis_Colts_season,1358916272,2026-06-11T20:28:53Z,,,,True
1996,JAX,Jacksonville Jaguars,Tom Coughlin,Tom Coughlin,Kevin Gilbride,Kevin Gilbride,Tom Coughlin,Tom Coughlin,hc_prior_offensive_coordinator,True,False,False,False,https://en.wikipedia.org/wiki/1996_Jacksonville_Jaguars_season,1370123968,2026-08-19T06:44:17Z,https://en.wikipedia.org/wiki/Tom_Coughlin,1372452084.0,2026-08-31T20:24:49Z,False
1996,KC,Kansas City Chiefs,Marty Schottenheimer,Marty Schottenheimer,Paul Hackett,Paul Hackett (American football),Paul Hackett,Paul Hackett (American football),offensive_coordinator,False,False,False,False,https://en.wikipedia.org/wiki/1996_Kansas_City_Chiefs_season,1363810057,2026-07-12T16:03:16Z,https://en.wikipedia.org/wiki/Paul_Hackett_(American_football),1288155039.0,2025-04-30T20:31:52Z,False
1996,LAC,San Diego Chargers,Bobby Ross,Bobby Ross,Ralph Friedgen,Ralph Friedgen,Ralph Friedgen,Ralph Friedgen,offensive_coordinator,False,False,False,False,https://en.wikipedia.org/wiki/1996_San_Diego_Chargers_season,1359211106,2026-06-13T21:18:46Z,https://en.wikipedia.org/wiki/Ralph_Friedgen,1370871395.0,2026-08-23T14:27:30Z,False
1996,LAR,St. Louis Rams,Rich Brooks,Rich Brooks,,,Rich Brooks,Rich Brooks,hc_fallback_no_oc_documented,False,False,True,False,https://en.wikipedia.org/wiki/1996_St._Louis_Rams_season,1364096697,2026-07-14T13:29:56Z,https://en.wikipedia.org/wiki/Rich_Brooks,1364280421.0,2026-07-15T16:56:52Z,True
1996,MIA,Miami Dolphins,Jimmy Johnson,Jimmy Johnson (American football coach),Gary Stevens,Gary Stevens (American football),Gary Stevens,Gary Stevens (American football),offensive_coordinator,False,True,False,False,https://en.wikipedia.org/wiki/1996_Miami_Dolphins_season,1354755863,2026-05-18T02:34:28Z,,,,True
1996,MIN,Minnesota Vikings,Dennis Green,Dennis Green,Brian Billick,Brian Billick,Dennis Green,Dennis Green,hc_prior_offensive_coordinator,True,False,False,False,https://en.wikipedia.org/wiki/1996_Minnesota_Vikings_season,1370123170,2026-08-19T06:39:48Z,https://en.wikipedia.org/wiki/Dennis_Green,1369881539.0,2026-08-17T19:41:28Z,False
1996,NE,New England Patriots,Bill Parcells,Bill Parcells,Ray Perkins,Ray Perkins,Ray Perkins,Ray Perkins,offensive_coordinator,False,False,,False,https://en.wikipedia.org/wiki/1996_New_England_Patriots_season,1367482696,2026-08-03T09:54:25Z,,,,True
1996,NO,New Orleans Saints,Jim Mora,Jim E. Mora,Carl Smith,Carl Smith (American football),Carl Smith,Carl Smith (American football),offensive_coordinator,False,False,False,True,https://en.wikipedia.org/wiki/1996_New_Orleans_Saints_season,1372437777,2026-08-31T19:09:27Z,https://en.wikipedia.org/wiki/Carl_Smith_(American_football),1358275048.0,2026-06-07T18:21:55Z,True
1996,NYG,New York Giants,Dan Reeves,Dan Reeves,George Henshaw,George Henshaw,George Henshaw,George Henshaw,offensive_coordinator,False,False,False,False,https://en.wikipedia.org/wiki/1996_New_York_Giants_season,1345189652,2026-03-24T20:16:59Z,https://en.wikipedia.org/wiki/George_Henshaw,1314287056.0,2025-09-30T16:49:15Z,False
1996,NYJ,New York Jets,Rich Kotite,Rich Kotite,Ron Erhardt,Ron Erhardt,Ron Erhardt,Ron Erhardt,offensive_coordinator,False,False,,False,https://en.wikipedia.org/wiki/1996_New_York_Jets_season,1341191874,2026-03-01T23:42:07Z,https://en.wikipedia.org/wiki/Ron_Erhardt,1361270314.0,2026-06-26T20:56:47Z,False
1996,PHI,Philadelphia Eagles,Ray Rhodes,Ray Rhodes,Jon Gruden,Jon Gruden,Jon Gruden,Jon Gruden,offensive_coordinator,False,False,False,False,https://en.wikipedia.org/wiki/1996_Philadelphia_Eagles_season,1341183169,2026-03-01T22:48:49Z,https://en.wikipedia.org/wiki/Jon_Gruden,1371040660.0,2026-08-24T06:31:13Z,False
1996,PIT,Pittsburgh Steelers,Bill Cowher,Bill Cowher,Chan Gailey,Chan Gailey,Chan Gailey,Chan Gailey,offensive_coordinator,False,False,True,False,https://en.wikipedia.org/wiki/1996_Pittsburgh_Steelers_season,1370124080,2026-08-19T06:44:49Z,https://en.wikipedia.org/wiki/Chan_Gailey,1360092666.0,2026-06-19T04:52:15Z,False
1996,SEA,Seattle Seahawks,Dennis Erickson,Dennis Erickson,Bob Bratkowski,Bob Bratkowski,Bob Bratkowski,Bob Bratkowski,offensive_coordinator,False,False,False,False,https://en.wikipedia.org/wiki/1996_Seattle_Seahawks_season,1372606362,2026-09-01T12:44:14Z,https://en.wikipedia.org/wiki/Bob_Bratkowski,1363891815.0,2026-07-13T03:18:47Z,False
1996,SF,San Francisco 49ers,George Seifert,George Seifert,Marc Trestman,Marc Trestman,Marc Trestman,Marc Trestman,offensive_coordinator,False,False,False,False,https://en.wikipedia.org/wiki/1996_San_Francisco_49ers_season,1358157767,2026-06-06T23:37:17Z,https://en.wikipedia.org/wiki/Marc_Trestman,1370858429.0,2026-08-23T12:49:54Z,False
1996,TB,Tampa Bay Buccaneers,Tony Dungy,Tony Dungy,Mike Shula,Mike Shula,Mike Shula,Mike Shula,offensive_coordinator,False,True,,False,https://en.wikipedia.org/wiki/1996_Tampa_Bay_Buccaneers_season,1366845383,2026-07-30T15:45:35Z,https://en.wikipedia.org/wiki/Mike_Shula,1371102364.0,2026-08-24T16:00:54Z,False
1996,TEN,Houston Oilers,Jeff Fisher,Jeff Fisher,Jerry Rhome,Jerry Rhome,Jerry Rhome,Jerry Rhome,offensive_coordinator,False,False,False,False,https://en.wikipedia.org/wiki/1996_Houston_Oilers_season,1341327980,2026-03-02T16:17:42Z,https://en.wikipedia.org/wiki/Jerry_Rhome,1367754456.0,2026-08-05T00:49:57Z,False
1996,WAS,Washington Redskins,Norv Turner,Norv Turner,Norv Turner,,Norv Turner,Norv Turner,hc_prior_offensive_coordinator,True,False,True,False,https://en.wikipedia.org/wiki/1996_Washington_Redskins_season,1341317431,2026-03-02T14:57:15Z,https://en.wikipedia.org/wiki/Norv_Turner,1354047840.0,2026-05-14T00:32:05Z,False
1997,ARI,Arizona Cardinals,Vince Tobin,Vince Tobin,Dick Jamieson,Dick Jamieson,Dick Jamieson,Dick Jamieson,offensive_coordinator,False,False,True,False,https://en.wikipedia.org/wiki/1997_Arizona_Cardinals_season,1370123081,2026-08-19T06:38:59Z,,,,True
1997,ATL,Atlanta Falcons,Dan Reeves,Dan Reeves,George Sefcik,George Sefcik,George Sefcik,George Sefcik,offensive_coordinator,False,True,,False,https://en.wikipedia.org/wiki/1997_Atlanta_Falcons_season,1341319021,2026-03-02T15:08:23Z,,,,True
1997,BAL,Baltimore Ravens,Ted Marchibroda,Ted Marchibroda,,,Ted Marchibroda,Ted Marchibroda,hc_prior_offensive_coordinator,True,False,,False,https://en.wikipedia.org/wiki/1997_Baltimore_Ravens_season,1372875716,2026-09-02T18:56:15Z,https://en.wikipedia.org/wiki/Ted_Marchibroda,1370891591.0,2026-08-23T16:28:09Z,True
1997,BUF,Buffalo Bills,Marv Levy,Marv Levy,,,Marv Levy,Marv Levy,hc_fallback_no_oc_documented,False,False,True,False,https://en.wikipedia.org/wiki/1997_Buffalo_Bills_season,1364098962,2026-07-14T13:50:40Z,,,,True
1997,CAR,Carolina Panthers,Dom Capers,Dom Capers,Joe Pendry,Joe Pendry,Joe Pendry,Joe Pendry,offensive_coordinator,False,False,False,False,https://en.wikipedia.org/wiki/1997_Carolina_Panthers_season,1358560375,2026-06-09T13:40:51Z,https://en.wikipedia.org/wiki/Joe_Pendry,1336690578.0,2026-02-05T04:46:36Z,False
1997,CHI,Chicago Bears,Dave Wannstedt,Dave Wannstedt,Matt Cavanaugh,Matt Cavanaugh,Matt Cavanaugh,Matt Cavanaugh,offensive_coordinator,False,False,,False,https://en.wikipedia.org/wiki/1997_Chicago_Bears_season,1364095984,2026-07-14T13:23:30Z,https://en.wikipedia.org/wiki/Matt_Cavanaugh,1359875752.0,2026-06-17T19:52:27Z,False
1997,CIN,Cincinnati Bengals,Bruce Coslet,Bruce Coslet,Ken Anderson,Ken Anderson (quarterback),Ken Anderson,Ken Anderson (quarterback),offensive_coordinator,False,False,True,False,https://en.wikipedia.org/wiki/1997_Cincinnati_Bengals_season,1367531468,2026-08-03T17:17:01Z,,,,True
1997,DAL,Dallas Cowboys,Barry Switzer,Barry Switzer,Ernie Zampese,Ernie Zampese,Ernie Zampese,Ernie Zampese,offensive_coordinator,False,False,False,False,https://en.wikipedia.org/wiki/1997_Dallas_Cowboys_season,1341386677,2026-03-02T23:18:09Z,https://en.wikipedia.org/wiki/Ernie_Zampese,1369311597.0,2026-08-14T05:40:03Z,False
1997,DEN,Denver Broncos,Mike Shanahan,Mike Shanahan,,,Mike Shanahan,Mike Shanahan,hc_prior_offensive_coordinator,True,False,True,False,https://en.wikipedia.org/wiki/1997_Denver_Broncos_season,1366764149,2026-07-30T01:56:18Z,https://en.wikipedia.org/wiki/Mike_Shanahan,1372773449.0,2026-09-02T05:30:07Z,True
1997,DET,Detroit Lions,Bobby Ross,Bobby Ross,Sylvester Croom,Sylvester Croom,Sylvester Croom,Sylvester Croom,offensive_coordinator,False,True,True,False,https://en.wikipedia.org/wiki/1997_Detroit_Lions_season,1359210820,2026-06-13T21:16:36Z,https://en.wikipedia.org/wiki/Sylvester_Croom,1370116593.0,2026-08-19T05:48:17Z,False
1997,GB,Green Bay Packers,Mike Holmgren,Mike Holmgren,Sherman Lewis,Sherman Lewis,Mike Holmgren,Mike Holmgren,hc_prior_offensive_coordinator,True,False,False,False,https://en.wikipedia.org/wiki/1997_Green_Bay_Packers_season,1347075858,2026-04-04T14:53:41Z,https://en.wikipedia.org/wiki/Mike_Holmgren,1367196207.0,2026-08-01T16:51:31Z,False
1997,IND,Indianapolis Colts,Lindy Infante,Lindy Infante,Lindy Infante,,Lindy Infante,,offensive_coordinator,False,False,True,False,https://en.wikipedia.org/wiki/1997_Indianapolis_Colts_season,1341176079,2026-03-01T22:01:41Z,,,,True
1997,JAX,Jacksonville Jaguars,Tom Coughlin,Tom Coughlin,Chris Palmer,Chris Palmer (American football),Tom Coughlin,Tom Coughlin,hc_prior_offensive_coordinator,True,False,True,False,https://en.wikipedia.org/wiki/1997_Jacksonville_Jaguars_season,1359104899,2026-06-13T03:24:53Z,https://en.wikipedia.org/wiki/Tom_Coughlin,1372452084.0,2026-08-31T20:24:49Z,False
1997,KC,Kansas City Chiefs,Marty Schottenheimer,Marty Schottenheimer,Paul Hackett,Paul Hackett (American football),Paul Hackett,Paul Hackett (American football),offensive_coordinator,False,False,False,False,https://en.wikipedia.org/wiki/1997_Kansas_City_Chiefs_season,1364096647,2026-07-14T13:29:24Z,https://en.wikipedia.org/wiki/Paul_Hackett_(American_football),1288155039.0,2025-04-30T20:31:52Z,False
1997,LAC,San Diego Chargers,Kevin Gilbride,Kevin Gilbride,Mike Sheppard,Mike Sheppard (American football),Kevin Gilbride,Kevin Gilbride,hc_prior_offensive_coordinator,True,True,True,False,https://en.wikipedia.org/wiki/1997_San_Diego_Chargers_season,1341205500,2026-03-02T00:52:34Z,https://en.wikipedia.org/wiki/Kevin_Gilbride,1345413304.0,2026-03-25T23:55:40Z,False
1997,LAR,St. Louis Rams,Dick Vermeil,Dick Vermeil,Jerry Rhome,Jerry Rhome,Dick Vermeil,Dick Vermeil,hc_prior_offensive_coordinator,True,True,,False,https://en.wikipedia.org/wiki/1997_St._Louis_Rams_season,1364096707,2026-07-14T13:30:04Z,https://en.wikipedia.org/wiki/Dick_Vermeil,1367619607.0,2026-08-04T04:35:19Z,False
1997,LV,Oakland Raiders,Joe Bugel,Joe Bugel,Ray Perkins,Ray Perkins,Joe Bugel,Joe Bugel,hc_prior_offensive_coordinator,True,,,False,https://en.wikipedia.org/wiki/1997_Oakland_Raiders_season,1364517684,2026-07-17T01:13:42Z,https://en.wikipedia.org/wiki/Joe_Bugel,1368242009.0,2026-08-07T22:22:19Z,False
1997,MIA,Miami Dolphins,Jimmy Johnson,Jimmy Johnson (American football coach),Gary Stevens,Gary Stevens (American football),Gary Stevens,Gary Stevens (American football),offensive_coordinator,False,False,False,False,https://en.wikipedia.org/wiki/1997_Miami_Dolphins_season,1368903009,2026-08-11T19:08:30Z,,,,True
1997,MIN,Minnesota Vikings,Dennis Green,Dennis Green,Brian Billick,Brian Billick,Dennis Green,Dennis Green,hc_prior_offensive_coordinator,True,False,False,False,https://en.wikipedia.org/wiki/1997_Minnesota_Vikings_season,1370123133,2026-08-19T06:39:24Z,https://en.wikipedia.org/wiki/Dennis_Green,1369881539.0,2026-08-17T19:41:28Z,False
1997,NE,New England Patriots,Pete Carroll,Pete Carroll,Larry Kennan,Larry Kennan,Larry Kennan,Larry Kennan,offensive_coordinator,False,True,True,False,https://en.wikipedia.org/wiki/1997_New_England_Patriots_season,1368451349,2026-08-09T03:13:23Z,https://en.wikipedia.org/wiki/Larry_Kennan,1305926057.0,2025-08-14T22:27:48Z,False
1997,NO,New Orleans Saints,Mike Ditka,Mike Ditka,Danny Abramowicz,Danny Abramowicz,Danny Abramowicz,Danny Abramowicz,offensive_coordinator,False,True,True,False,https://en.wikipedia.org/wiki/1997_New_Orleans_Saints_season,1364015558,2026-07-14T00:06:27Z,,,,True
1997,NYG,New York Giants,Jim Fassel,Jim Fassel,Ernie Zampese,Ernie Zampese,Jim Fassel,Jim Fassel,hc_prior_offensive_coordinator,True,True,True,False,https://en.wikipedia.org/wiki/1997_New_York_Giants_season,1372425555,2026-08-31T18:04:10Z,https://en.wikipedia.org/wiki/Jim_Fassel,1368763583.0,2026-08-11T00:06:55Z,False
1997,NYJ,New York Jets,Bill Parcells,Bill Parcells,Charlie Weis,Charlie Weis,Charlie Weis,Charlie Weis,offensive_coordinator,False,True,True,False,https://en.wikipedia.org/wiki/1997_New_York_Jets_season,1341191898,2026-03-01T23:42:15Z,https://en.wikipedia.org/wiki/Charlie_Weis,1360995309.0,2026-06-24T23:55:56Z,False
1997,PHI,Philadelphia Eagles,Ray Rhodes,Ray Rhodes,Jon Gruden,Jon Gruden,Jon Gruden,Jon Gruden,offensive_coordinator,False,False,False,False,https://en.wikipedia.org/wiki/1997_Philadelphia_Eagles_season,1341183189,2026-03-01T22:48:57Z,https://en.wikipedia.org/wiki/Jon_Gruden,1371040660.0,2026-08-24T06:31:13Z,False
1997,PIT,Pittsburgh Steelers,Bill Cowher,Bill Cowher,Chan Gailey,Chan Gailey,Chan Gailey,Chan Gailey,offensive_coordinator,False,False,False,False,https://en.wikipedia.org/wiki/1997_Pittsburgh_Steelers_season,1360368773,2026-06-21T01:49:14Z,https://en.wikipedia.org/wiki/Chan_Gailey,1360092666.0,2026-06-19T04:52:15Z,False
1997,SEA,Seattle Seahawks,Dennis Erickson,Dennis Erickson,,,Dennis Erickson,Dennis Erickson,hc_fallback_no_oc_documented,False,False,True,False,https://en.wikipedia.org/wiki/1997_Seattle_Seahawks_season,1369981523,2026-08-18T11:24:10Z,,,,True
1997,SF,San Francisco 49ers,Steve Mariucci,Steve Mariucci,Marty Mornhinweg,Marty Mornhinweg,Steve Mariucci,Steve Mariucci,hc_prior_offensive_coordinator,True,True,True,False,https://en.wikipedia.org/wiki/1997_San_Francisco_49ers_season,1360089623,2026-06-19T04:05:15Z,https://en.wikipedia.org/wiki/Steve_Mariucci,1372421158.0,2026-08-31T17:39:45Z,False
1997,TB,Tampa Bay Buccaneers,Tony Dungy,Tony Dungy,Mike Shula,Mike Shula,Mike Shula,Mike Shula,offensive_coordinator,False,False,False,False,https://en.wikipedia.org/wiki/1997_Tampa_Bay_Buccaneers_season,1366764493,2026-07-30T01:59:22Z,https://en.wikipedia.org/wiki/Mike_Shula,1371102364.0,2026-08-24T16:00:54Z,False
1997,TEN,Tennessee Oilers,Jeff Fisher,Jeff Fisher,,,Jeff Fisher,Jeff Fisher,hc_fallback_no_oc_documented,False,False,True,False,https://en.wikipedia.org/wiki/1997_Tennessee_Oilers_season,1367611742,2026-08-04T03:12:24Z,https://en.wikipedia.org/wiki/Jeff_Fisher,1365678977.0,2026-07-23T20:44:27Z,True
1997,WAS,Washington Redskins,Norv Turner,Norv Turner,Norv Turner,,Norv Turner,Norv Turner,hc_prior_offensive_coordinator,True,False,True,False,https://en.wikipedia.org/wiki/1997_Washington_Redskins_season,1341317454,2026-03-02T14:57:24Z,https://en.wikipedia.org/wiki/Norv_Turner,1354047840.0,2026-05-14T00:32:05Z,False
1998,ARI,Arizona Cardinals,Vince Tobin,Vince Tobin,Marc Trestman,Marc Trestman,Marc Trestman,Marc Trestman,offensive_coordinator,False,False,True,False,https://en.wikipedia.org/wiki/1998_Arizona_Cardinals_season,1367600736,2026-08-04T02:02:13Z,https://en.wikipedia.org/wiki/Marc_Trestman,1370858429.0,2026-08-23T12:49:54Z,False
1998,ATL,Atlanta Falcons,Dan Reeves,Dan Reeves,,,Dan Reeves,Dan Reeves,hc_fallback_no_oc_documented,False,False,True,True,https://en.wikipedia.org/wiki/1998_Atlanta_Falcons_season,1364097646,2026-07-14T13:38:08Z,,,,True
1998,BAL,Baltimore Ravens,Ted Marchibroda,Ted Marchibroda,,,Ted Marchibroda,Ted Marchibroda,hc_prior_offensive_coordinator,True,False,,False,https://en.wikipedia.org/wiki/1998_Baltimore_Ravens_season,1364098109,2026-07-14T13:42:56Z,https://en.wikipedia.org/wiki/Ted_Marchibroda,1370891591.0,2026-08-23T16:28:09Z,True
1998,BUF,Buffalo Bills,Wade Phillips,Wade Phillips,Joe Pendry,Joe Pendry,Joe Pendry,Joe Pendry,offensive_coordinator,False,True,,False,https://en.wikipedia.org/wiki/1998_Buffalo_Bills_season,1364098305,2026-07-14T13:44:36Z,https://en.wikipedia.org/wiki/Joe_Pendry,1336690578.0,2026-02-05T04:46:36Z,False
1998,CAR,Carolina Panthers,Dom Capers,Dom Capers,Gil Haskell,Gil Haskell,Gil Haskell,Gil Haskell,offensive_coordinator,False,False,True,False,https://en.wikipedia.org/wiki/1998_Carolina_Panthers_season,1358560389,2026-06-09T13:40:56Z,https://en.wikipedia.org/wiki/Gil_Haskell,1313496167.0,2025-09-26T15:21:16Z,False
1998,CHI,Chicago Bears,Dave Wannstedt,Dave Wannstedt,,,Dave Wannstedt,Dave Wannstedt,hc_fallback_no_oc_documented,False,False,True,False,https://en.wikipedia.org/wiki/1998_Chicago_Bears_season,1364095976,2026-07-14T13:23:22Z,https://en.wikipedia.org/wiki/Dave_Wannstedt,1367027692.0,2026-07-31T14:21:13Z,True
1998,CIN,Cincinnati Bengals,Bruce Coslet,Bruce Coslet,Ken Anderson,Ken Anderson (quarterback),Ken Anderson,Ken Anderson (quarterback),offensive_coordinator,False,False,False,False,https://en.wikipedia.org/wiki/1998_Cincinnati_Bengals_season,1367609575,2026-08-04T02:55:42Z,,,,True
1998,DAL,Dallas Cowboys,Chan Gailey,Chan Gailey,,,Chan Gailey,Chan Gailey,hc_prior_offensive_coordinator,True,True,True,False,https://en.wikipedia.org/wiki/1998_Dallas_Cowboys_season,1354340699,2026-05-15T20:32:32Z,https://en.wikipedia.org/wiki/Chan_Gailey,1360092666.0,2026-06-19T04:52:15Z,True
1998,DEN,Denver Broncos,Mike Shanahan,Mike Shanahan,,,Mike Shanahan,Mike Shanahan,hc_prior_offensive_coordinator,True,False,,False,https://en.wikipedia.org/wiki/1998_Denver_Broncos_season,1364096069,2026-07-14T13:24:20Z,https://en.wikipedia.org/wiki/Mike_Shanahan,1372773449.0,2026-09-02T05:30:07Z,True
1998,DET,Detroit Lions,Bobby Ross,Bobby Ross,Sylvester Croom,Sylvester Croom,Sylvester Croom,Sylvester Croom,offensive_coordinator,False,False,False,False,https://en.wikipedia.org/wiki/1998_Detroit_Lions_season,1366212142,2026-07-26T21:55:16Z,https://en.wikipedia.org/wiki/Sylvester_Croom,1370116593.0,2026-08-19T05:48:17Z,False
1998,GB,Green Bay Packers,Mike Holmgren,Mike Holmgren,Sherman Lewis,Sherman Lewis,Mike Holmgren,Mike Holmgren,hc_prior_offensive_coordinator,True,False,False,False,https://en.wikipedia.org/wiki/1998_Green_Bay_Packers_season,1347076152,2026-04-04T14:55:48Z,https://en.wikipedia.org/wiki/Mike_Holmgren,1367196207.0,2026-08-01T16:51:31Z,False
1998,IND,Indianapolis Colts,Jim E. Mora,Jim E. Mora,Tom Moore,"Tom Moore (American football coach, born 1938)",Tom Moore,"Tom Moore (American football coach, born 1938)",offensive_coordinator,False,True,True,False,https://en.wikipedia.org/wiki/1998_Indianapolis_Colts_season,1358916313,2026-06-11T20:29:11Z,"https://en.wikipedia.org/wiki/Tom_Moore_(American_football_coach,_born_1938)",1364279725.0,2026-07-15T16:51:14Z,False
1998,JAX,Jacksonville Jaguars,Tom Coughlin,Tom Coughlin,Chris Palmer,Chris Palmer (American football),Tom Coughlin,Tom Coughlin,hc_prior_offensive_coordinator,True,False,False,False,https://en.wikipedia.org/wiki/1998_Jacksonville_Jaguars_season,1370739657,2026-08-22T21:07:53Z,https://en.wikipedia.org/wiki/Tom_Coughlin,1372452084.0,2026-08-31T20:24:49Z,False
1998,KC,Kansas City Chiefs,Marty Schottenheimer,Marty Schottenheimer,Jimmy Raye,Jimmy Raye II,Jimmy Raye,Jimmy Raye II,offensive_coordinator,False,False,True,False,https://en.wikipedia.org/wiki/1998_Kansas_City_Chiefs_season,1364096658,2026-07-14T13:29:32Z,,,,True
1998,LAC,San Diego Chargers,Kevin Gilbride,Kevin Gilbride,Mike Sheppard,Mike Sheppard (American football),Kevin Gilbride,Kevin Gilbride,hc_prior_offensive_coordinator,True,False,False,False,https://en.wikipedia.org/wiki/1998_San_Diego_Chargers_season,1343389488,2026-03-14T00:25:59Z,https://en.wikipedia.org/wiki/Kevin_Gilbride,1345413304.0,2026-03-25T23:55:40Z,False
1998,LAR,St. Louis Rams,Dick Vermeil,Dick Vermeil,,,Dick Vermeil,Dick Vermeil,hc_prior_offensive_coordinator,True,False,True,False,https://en.wikipedia.org/wiki/1998_St._Louis_Rams_season,1364096723,2026-07-14T13:30:10Z,https://en.wikipedia.org/wiki/Dick_Vermeil,1367619607.0,2026-08-04T04:35:19Z,True
1998,LV,Oakland Raiders,Jon Gruden,Jon Gruden,,,Jon Gruden,Jon Gruden,hc_prior_offensive_coordinator,True,True,True,False,https://en.wikipedia.org/wiki/1998_Oakland_Raiders_season,1345935612,2026-03-29T01:54:46Z,https://en.wikipedia.org/wiki/Jon_Gruden,1371040660.0,2026-08-24T06:31:13Z,True
1998,MIA,Miami Dolphins,Jimmy Johnson,Jimmy Johnson (American football coach),,,Jimmy Johnson,Jimmy Johnson (American football coach),hc_fallback_no_oc_documented,False,False,True,False,https://en.wikipedia.org/wiki/1998_Miami_Dolphins_season,1353759189,2026-05-12T05:04:38Z,,,,True
1998,MIN,Minnesota Vikings,Dennis Green,Dennis Green,Brian Billick,Brian Billick,Dennis Green,Dennis Green,hc_prior_offensive_coordinator,True,False,False,False,https://en.wikipedia.org/wiki/1998_Minnesota_Vikings_season,1367628363,2026-08-04T06:02:20Z,https://en.wikipedia.org/wiki/Dennis_Green,1369881539.0,2026-08-17T19:41:28Z,False
1998,NE,New England Patriots,Pete Carroll,Pete Carroll,Ernie Zampese,Ernie Zampese,Ernie Zampese,Ernie Zampese,offensive_coordinator,False,False,True,False,https://en.wikipedia.org/wiki/1998_New_England_Patriots_season,1368450737,2026-08-09T03:05:08Z,https://en.wikipedia.org/wiki/Ernie_Zampese,1369311597.0,2026-08-14T05:40:03Z,False
1998,NO,New Orleans Saints,Mike Ditka,Mike Ditka,Danny Abramowicz,Danny Abramowicz,Danny Abramowicz,Danny Abramowicz,offensive_coordinator,False,False,False,False,https://en.wikipedia.org/wiki/1998_New_Orleans_Saints_season,1364098988,2026-07-14T13:50:51Z,,,,True
1998,NYG,New York Giants,Jim Fassel,Jim Fassel,,,Jim Fassel,Jim Fassel,hc_prior_offensive_coordinator,True,False,True,False,https://en.wikipedia.org/wiki/1998_New_York_Giants_season,1372846560,2026-09-02T15:37:13Z,https://en.wikipedia.org/wiki/Jim_Fassel,1368763583.0,2026-08-11T00:06:55Z,True
1998,PHI,Philadelphia Eagles,Ray Rhodes,Ray Rhodes,Dana Bible,Dana Bible,Dana Bible,Dana Bible,offensive_coordinator,False,False,True,False,https://en.wikipedia.org/wiki/1998_Philadelphia_Eagles_season,1341183213,2026-03-01T22:49:05Z,https://en.wikipedia.org/wiki/Dana_Bible,1372507274.0,2026-09-01T01:34:43Z,False
1998,PIT,Pittsburgh Steelers,Bill Cowher,Bill Cowher,Ray Sherman,Ray Sherman,Ray Sherman,Ray Sherman,offensive_coordinator,False,False,True,False,https://en.wikipedia.org/wiki/1998_Pittsburgh_Steelers_season,1371041078,2026-08-24T06:34:58Z,https://en.wikipedia.org/wiki/Ray_Sherman,1366475789.0,2026-07-28T06:22:16Z,False
1998,SEA,Seattle Seahawks,Dennis Erickson,Dennis Erickson,Bob Bratkowski,Bob Bratkowski,Bob Bratkowski,Bob Bratkowski,offensive_coordinator,False,False,,False,https://en.wikipedia.org/wiki/1998_Seattle_Seahawks_season,1369981570,2026-08-18T11:24:46Z,https://en.wikipedia.org/wiki/Bob_Bratkowski,1363891815.0,2026-07-13T03:18:47Z,False
1998,SF,San Francisco 49ers,Steve Mariucci,Steve Mariucci,,,Steve Mariucci,Steve Mariucci,hc_prior_offensive_coordinator,True,False,True,False,https://en.wikipedia.org/wiki/1998_San_Francisco_49ers_season,1371041016,2026-08-24T06:34:25Z,https://en.wikipedia.org/wiki/Steve_Mariucci,1372421158.0,2026-08-31T17:39:45Z,True
1998,TB,Tampa Bay Buccaneers,Tony Dungy,Tony Dungy,Mike Shula,Mike Shula,Mike Shula,Mike Shula,offensive_coordinator,False,False,False,False,https://en.wikipedia.org/wiki/1998_Tampa_Bay_Buccaneers_season,1364327926,2026-07-15T23:13:59Z,https://en.wikipedia.org/wiki/Mike_Shula,1371102364.0,2026-08-24T16:00:54Z,False
1998,TEN,Tennessee Oilers,Jeff Fisher,Jeff Fisher,Les Steckel,Les Steckel,Les Steckel,Les Steckel,offensive_coordinator,False,False,,False,https://en.wikipedia.org/wiki/1998_Tennessee_Oilers_season,1345997574,2026-03-29T10:24:27Z,https://en.wikipedia.org/wiki/Les_Steckel,1361314731.0,2026-06-27T03:32:52Z,False
1998,WAS,Washington Redskins,Norv Turner,Norv Turner,,,Norv Turner,Norv Turner,hc_prior_offensive_coordinator,True,False,True,False,https://en.wikipedia.org/wiki/1998_Washington_Redskins_season,1344065627,2026-03-18T02:38:55Z,https://en.wikipedia.org/wiki/Norv_Turner,1354047840.0,2026-05-14T00:32:05Z,True
1999,ARI,Arizona Cardinals,Vince Tobin,Vince Tobin,Marc Trestman,Marc Trestman,Marc Trestman,Marc Trestman,offensive_coordinator,False,False,False,False,https://en.wikipedia.org/wiki/1999_Arizona_Cardinals_season,1371040958,2026-08-24T06:33:58Z,https://en.wikipedia.org/wiki/Marc_Trestman,1370858429.0,2026-08-23T12:49:54Z,False
1999,ATL,Atlanta Falcons,Dan Reeves,Dan Reeves,George Sefcik,George Sefcik,George Sefcik,George Sefcik,offensive_coordinator,False,True,,False,https://en.wikipedia.org/wiki/1999_Atlanta_Falcons_season,1364099036,2026-07-14T13:51:18Z,,,,True
1999,BAL,Baltimore Ravens,Brian Billick,Brian Billick,Matt Cavanaugh,Matt Cavanaugh,Brian Billick,Brian Billick,hc_prior_offensive_coordinator,True,True,,False,https://en.wikipedia.org/wiki/1999_Baltimore_Ravens_season,1356122713,2026-05-25T21:45:43Z,https://en.wikipedia.org/wiki/Brian_Billick,1366176925.0,2026-07-26T19:02:04Z,False
1999,BUF,Buffalo Bills,Wade Phillips,Wade Phillips,Joe Pendry,Joe Pendry,Joe Pendry,Joe Pendry,offensive_coordinator,False,False,False,False,https://en.wikipedia.org/wiki/1999_Buffalo_Bills_season,1371388925,2026-08-26T04:44:35Z,https://en.wikipedia.org/wiki/Joe_Pendry,1336690578.0,2026-02-05T04:46:36Z,False
1999,CAR,Carolina Panthers,George Seifert,George Seifert,Gil Haskell,Gil Haskell,Gil Haskell,Gil Haskell,offensive_coordinator,False,True,False,False,https://en.wikipedia.org/wiki/1999_Carolina_Panthers_season,1359533841,2026-06-15T20:37:46Z,https://en.wikipedia.org/wiki/Gil_Haskell,1313496167.0,2025-09-26T15:21:16Z,False
1999,CHI,Chicago Bears,Dick Jauron,Dick Jauron,Gary Crowton,Gary Crowton,Gary Crowton,Gary Crowton,offensive_coordinator,False,True,,False,https://en.wikipedia.org/wiki/1999_Chicago_Bears_season,1360700749,2026-06-23T02:08:50Z,https://en.wikipedia.org/wiki/Gary_Crowton,1365843463.0,2026-07-24T19:34:11Z,False
1999,CIN,Cincinnati Bengals,Bruce Coslet,Bruce Coslet,Ken Anderson,Ken Anderson (quarterback),Ken Anderson,Ken Anderson (quarterback),offensive_coordinator,False,False,False,False,https://en.wikipedia.org/wiki/1999_Cincinnati_Bengals_season,1367447356,2026-08-03T03:55:27Z,,,,True
1999,CLE,Cleveland Browns,Chris Palmer,Chris Palmer (football coach),,,Chris Palmer,Chris Palmer (football coach),hc_fallback_no_oc_documented,False,,,False,https://en.wikipedia.org/wiki/1999_Cleveland_Browns_season,1355417285,2026-05-21T18:45:22Z,,,,True
1999,DAL,Dallas Cowboys,Chan Gailey,Chan Gailey,,,Chan Gailey,Chan Gailey,hc_prior_offensive_coordinator,True,False,,False,https://en.wikipedia.org/wiki/1999_Dallas_Cowboys_season,1341386723,2026-03-02T23:18:32Z,https://en.wikipedia.org/wiki/Chan_Gailey,1360092666.0,2026-06-19T04:52:15Z,True
1999,DEN,Denver Broncos,Mike Shanahan,Mike Shanahan,Gary Kubiak,Gary Kubiak,Mike Shanahan,Mike Shanahan,hc_prior_offensive_coordinator,True,False,,False,https://en.wikipedia.org/wiki/1999_Denver_Broncos_season,1368441042,2026-08-09T01:49:28Z,https://en.wikipedia.org/wiki/Mike_Shanahan,1372773449.0,2026-09-02T05:30:07Z,False
1999,DET,Detroit Lions,Bobby Ross,Bobby Ross,Sylvester Croom,Sylvester Croom,Sylvester Croom,Sylvester Croom,offensive_coordinator,False,False,False,False,https://en.wikipedia.org/wiki/1999_Detroit_Lions_season,1367690083,2026-08-04T15:56:16Z,https://en.wikipedia.org/wiki/Sylvester_Croom,1370116593.0,2026-08-19T05:48:17Z,False
1999,GB,Green Bay Packers,Ray Rhodes,Ray Rhodes,Sherman Lewis,Sherman Lewis,Sherman Lewis,Sherman Lewis,offensive_coordinator,False,True,False,False,https://en.wikipedia.org/wiki/1999_Green_Bay_Packers_season,1347077069,2026-04-04T15:02:39Z,,,,True
1999,IND,Indianapolis Colts,Jim E. Mora,Jim E. Mora,Tom Moore,"Tom Moore (American football coach, born 1938)",Tom Moore,"Tom Moore (American football coach, born 1938)",offensive_coordinator,False,False,False,False,https://en.wikipedia.org/wiki/1999_Indianapolis_Colts_season,1371608092,2026-08-27T10:48:17Z,"https://en.wikipedia.org/wiki/Tom_Moore_(American_football_coach,_born_1938)",1364279725.0,2026-07-15T16:51:14Z,False
1999,JAX,Jacksonville Jaguars,Tom Coughlin,Tom Coughlin,,,Tom Coughlin,Tom Coughlin,hc_prior_offensive_coordinator,True,False,True,False,https://en.wikipedia.org/wiki/1999_Jacksonville_Jaguars_season,1358330867,2026-06-08T01:34:35Z,https://en.wikipedia.org/wiki/Tom_Coughlin,1372452084.0,2026-08-31T20:24:49Z,True
1999,KC,Kansas City Chiefs,Gunther Cunningham,Gunther Cunningham,Jimmy Raye II,Jimmy Raye II,Jimmy Raye II,Jimmy Raye II,offensive_coordinator,False,True,False,False,https://en.wikipedia.org/wiki/1999_Kansas_City_Chiefs_season,1367638238,2026-08-04T07:45:30Z,,,,True
1999,LAC,San Diego Chargers,Mike Riley,Mike Riley (American football),,,Mike Riley,Mike Riley (American football),hc_fallback_no_oc_documented,False,True,True,False,https://en.wikipedia.org/wiki/1999_San_Diego_Chargers_season,1356227763,2026-05-26T13:22:29Z,,,,True
1999,LAR,St. Louis Rams,Dick Vermeil,Dick Vermeil,Mike Martz,Mike Martz,Dick Vermeil,Dick Vermeil,hc_prior_offensive_coordinator,True,False,,False,https://en.wikipedia.org/wiki/1999_St._Louis_Rams_season,1370815670,2026-08-23T06:08:44Z,https://en.wikipedia.org/wiki/Dick_Vermeil,1367619607.0,2026-08-04T04:35:19Z,False
1999,LV,Oakland Raiders,Jon Gruden,Jon Gruden,,,Jon Gruden,Jon Gruden,hc_prior_offensive_coordinator,True,False,,False,https://en.wikipedia.org/wiki/1999_Oakland_Raiders_season,1345938773,2026-03-29T02:14:06Z,https://en.wikipedia.org/wiki/Jon_Gruden,1371040660.0,2026-08-24T06:31:13Z,True
1999,MIN,Minnesota Vikings,Dennis Green,Dennis Green,Ray Sherman,Ray Sherman,Dennis Green,Dennis Green,hc_prior_offensive_coordinator,True,False,True,False,https://en.wikipedia.org/wiki/1999_Minnesota_Vikings_season,1369832364,2026-08-17T13:01:21Z,https://en.wikipedia.org/wiki/Dennis_Green,1369881539.0,2026-08-17T19:41:28Z,False
1999,NE,New England Patriots,Pete Carroll,Pete Carroll,Ernie Zampese,Ernie Zampese,Ernie Zampese,Ernie Zampese,offensive_coordinator,False,False,False,False,https://en.wikipedia.org/wiki/1999_New_England_Patriots_season,1341198769,2026-03-02T00:16:05Z,https://en.wikipedia.org/wiki/Ernie_Zampese,1369311597.0,2026-08-14T05:40:03Z,False
1999,NO,New Orleans Saints,Mike Ditka,Mike Ditka,Danny Abramowicz,Danny Abramowicz,Danny Abramowicz,Danny Abramowicz,offensive_coordinator,False,False,False,False,https://en.wikipedia.org/wiki/1999_New_Orleans_Saints_season,1369832373,2026-08-17T13:01:26Z,,,,True
1999,NYG,New York Giants,Jim Fassel,Jim Fassel,,,Jim Fassel,Jim Fassel,hc_prior_offensive_coordinator,True,False,,False,https://en.wikipedia.org/wiki/1999_New_York_Giants_season,1368892422,2026-08-11T17:45:19Z,https://en.wikipedia.org/wiki/Jim_Fassel,1368763583.0,2026-08-11T00:06:55Z,True
1999,NYJ,New York Jets,Bill Parcells,Bill Parcells,Charlie Weis,Charlie Weis,Charlie Weis,Charlie Weis,offensive_coordinator,False,,,False,https://en.wikipedia.org/wiki/1999_New_York_Jets_season,1371869108,2026-08-29T00:41:36Z,https://en.wikipedia.org/wiki/Charlie_Weis,1360995309.0,2026-06-24T23:55:56Z,False
1999,PHI,Philadelphia Eagles,Andy Reid,Andy Reid,Rod Dowhower,Rod Dowhower,Rod Dowhower,Rod Dowhower,offensive_coordinator,False,True,True,False,https://en.wikipedia.org/wiki/1999_Philadelphia_Eagles_season,1341183234,2026-03-01T22:49:12Z,https://en.wikipedia.org/wiki/Rod_Dowhower,1321932634.0,2025-11-13T13:17:02Z,False
1999,PIT,Pittsburgh Steelers,Bill Cowher,Bill Cowher,Kevin Gilbride,Kevin Gilbride,Kevin Gilbride,Kevin Gilbride,offensive_coordinator,False,False,True,False,https://en.wikipedia.org/wiki/1999_Pittsburgh_Steelers_season,1358330748,2026-06-08T01:33:49Z,https://en.wikipedia.org/wiki/Kevin_Gilbride,1345413304.0,2026-03-25T23:55:40Z,False
1999,SEA,Seattle Seahawks,Mike Holmgren,Mike Holmgren,Mike Sherman,Mike Sherman,Mike Holmgren,Mike Holmgren,hc_prior_offensive_coordinator,True,True,True,False,https://en.wikipedia.org/wiki/1999_Seattle_Seahawks_season,1369981622,2026-08-18T11:25:19Z,https://en.wikipedia.org/wiki/Mike_Holmgren,1367196207.0,2026-08-01T16:51:31Z,False
1999,SF,San Francisco 49ers,Steve Mariucci,Steve Mariucci,Marty Mornhinweg,Marty Mornhinweg,Steve Mariucci,Steve Mariucci,hc_prior_offensive_coordinator,True,False,,False,https://en.wikipedia.org/wiki/1999_San_Francisco_49ers_season,1367728153,2026-08-04T20:55:49Z,https://en.wikipedia.org/wiki/Steve_Mariucci,1372421158.0,2026-08-31T17:39:45Z,False
1999,TB,Tampa Bay Buccaneers,Tony Dungy,Tony Dungy,Mike Shula,Mike Shula,Mike Shula,Mike Shula,offensive_coordinator,False,False,False,False,https://en.wikipedia.org/wiki/1999_Tampa_Bay_Buccaneers_season,1366764615,2026-07-30T02:00:21Z,https://en.wikipedia.org/wiki/Mike_Shula,1371102364.0,2026-08-24T16:00:54Z,False
1999,TEN,Tennessee Titans,Jeff Fisher,Jeff Fisher,Les Steckel,Les Steckel,Les Steckel,Les Steckel,offensive_coordinator,False,False,False,False,https://en.wikipedia.org/wiki/1999_Tennessee_Titans_season,1362753450,2026-07-06T00:29:34Z,https://en.wikipedia.org/wiki/Les_Steckel,1361314731.0,2026-06-27T03:32:52Z,False
1999,WAS,Washington Redskins,Norv Turner,Norv Turner,Norv Turner,,Norv Turner,Norv Turner,hc_prior_offensive_coordinator,True,False,,False,https://en.wikipedia.org/wiki/1999_Washington_Redskins_season,1341317488,2026-03-02T14:57:41Z,https://en.wikipedia.org/wiki/Norv_Turner,1354047840.0,2026-05-14T00:32:05Z,False
2000,ARI,Arizona Cardinals,Vince Tobin,Vince Tobin,Marc Trestman,Marc Trestman,Marc Trestman,Marc Trestman,offensive_coordinator,False,False,False,True,https://en.wikipedia.org/wiki/2000_Arizona_Cardinals_season,1360203764,2026-06-19T22:16:04Z,https://en.wikipedia.org/wiki/Marc_Trestman,1370858429.0,2026-08-23T12:49:54Z,True
2000,ATL,Atlanta Falcons,Dan Reeves,Dan Reeves,George Sefcik,George Sefcik,George Sefcik,George Sefcik,offensive_coordinator,False,False,False,False,https://en.wikipedia.org/wiki/2000_Atlanta_Falcons_season,1341319071,2026-03-02T15:08:47Z,,,,True
2000,BAL,Baltimore Ravens,Brian Billick,Brian Billick,Matt Cavanaugh,Matt Cavanaugh,Brian Billick,Brian Billick,hc_prior_offensive_coordinator,True,False,False,False,https://en.wikipedia.org/wiki/2000_Baltimore_Ravens_season,1363704669,2026-07-11T20:56:31Z,https://en.wikipedia.org/wiki/Brian_Billick,1366176925.0,2026-07-26T19:02:04Z,False
2000,BUF,Buffalo Bills,Wade Phillips,Wade Phillips,Joe Pendry,Joe Pendry,Joe Pendry,Joe Pendry,offensive_coordinator,False,False,False,False,https://en.wikipedia.org/wiki/2000_Buffalo_Bills_season,1371255664,2026-08-25T13:32:16Z,https://en.wikipedia.org/wiki/Joe_Pendry,1336690578.0,2026-02-05T04:46:36Z,False
2000,CAR,Carolina Panthers,George Seifert,George Seifert,Bill Musgrave,Bill Musgrave,Bill Musgrave,Bill Musgrave,offensive_coordinator,False,False,True,False,https://en.wikipedia.org/wiki/2000_Carolina_Panthers_season,1370626269,2026-08-22T04:17:00Z,https://en.wikipedia.org/wiki/Bill_Musgrave,1351426305.0,2026-04-27T21:36:48Z,False
2000,CHI,Chicago Bears,Dick Jauron,Dick Jauron,Gary Crowton,Gary Crowton,Gary Crowton,Gary Crowton,offensive_coordinator,False,False,False,False,https://en.wikipedia.org/wiki/2000_Chicago_Bears_season,1341142219,2026-03-01T18:18:19Z,https://en.wikipedia.org/wiki/Gary_Crowton,1365843463.0,2026-07-24T19:34:11Z,False
2000,CIN,Cincinnati Bengals,Bruce Coslet,Bruce Coslet,Ken Anderson,Ken Anderson (quarterback),Ken Anderson,Ken Anderson (quarterback),offensive_coordinator,False,False,False,False,https://en.wikipedia.org/wiki/2000_Cincinnati_Bengals_season,1367909393,2026-08-05T22:46:47Z,,,,True
2000,CLE,Cleveland Browns,Chris Palmer,Chris Palmer (football coach),Pete Carmichael,Pete Carmichael,Pete Carmichael,Pete Carmichael,offensive_coordinator,False,False,,False,https://en.wikipedia.org/wiki/2000_Cleveland_Browns_season,1341394816,2026-03-03T00:30:15Z,https://en.wikipedia.org/wiki/Pete_Carmichael,1336687351.0,2026-02-05T04:28:07Z,False
2000,DAL,Dallas Cowboys,Dave Campo,Dave Campo,,,Dave Campo,Dave Campo,hc_fallback_no_oc_documented,False,True,,False,https://en.wikipedia.org/wiki/2000_Dallas_Cowboys_season,1358336748,2026-06-08T02:22:09Z,https://en.wikipedia.org/wiki/Dave_Campo,1338293917.0,2026-02-14T07:48:16Z,True
2000,DEN,Denver Broncos,Mike Shanahan,Mike Shanahan,Gary Kubiak,Gary Kubiak,Mike Shanahan,Mike Shanahan,hc_prior_offensive_coordinator,True,False,False,False,https://en.wikipedia.org/wiki/2000_Denver_Broncos_season,1357668595,2026-06-03T23:44:58Z,https://en.wikipedia.org/wiki/Mike_Shanahan,1372773449.0,2026-09-02T05:30:07Z,False
2000,DET,Detroit Lions,Bobby Ross,Bobby Ross,Sylvester Croom,Sylvester Croom,Sylvester Croom,Sylvester Croom,offensive_coordinator,False,False,False,True,https://en.wikipedia.org/wiki/2000_Detroit_Lions_season,1359997570,2026-06-18T15:56:23Z,https://en.wikipedia.org/wiki/Sylvester_Croom,1370116593.0,2026-08-19T05:48:17Z,True
2000,GB,Green Bay Packers,Mike Sherman,Mike Sherman,Tom Rossley,Tom Rossley,Mike Sherman,Mike Sherman,hc_prior_offensive_coordinator,True,True,True,False,https://en.wikipedia.org/wiki/2000_Green_Bay_Packers_season,1365653780,2026-07-23T17:39:03Z,https://en.wikipedia.org/wiki/Mike_Sherman,1358905762.0,2026-06-11T19:02:49Z,False
2000,IND,Indianapolis Colts,Jim Mora,Jim E. Mora,Tom Moore,"Tom Moore (American football coach, born 1938)",Tom Moore,"Tom Moore (American football coach, born 1938)",offensive_coordinator,False,False,False,False,https://en.wikipedia.org/wiki/2000_Indianapolis_Colts_season,1356559228,2026-05-28T14:24:20Z,"https://en.wikipedia.org/wiki/Tom_Moore_(American_football_coach,_born_1938)",1364279725.0,2026-07-15T16:51:14Z,False
2000,JAX,Jacksonville Jaguars,Tom Coughlin,Tom Coughlin,,,Tom Coughlin,Tom Coughlin,hc_prior_offensive_coordinator,True,False,,False,https://en.wikipedia.org/wiki/2000_Jacksonville_Jaguars_season,1360203799,2026-06-19T22:16:24Z,https://en.wikipedia.org/wiki/Tom_Coughlin,1372452084.0,2026-08-31T20:24:49Z,True
2000,KC,Kansas City Chiefs,Gunther Cunningham,Gunther Cunningham,Jimmy Raye II,Jimmy Raye II,Jimmy Raye II,Jimmy Raye II,offensive_coordinator,False,False,False,False,https://en.wikipedia.org/wiki/2000_Kansas_City_Chiefs_season,1341196039,2026-03-02T00:03:34Z,,,,True
2000,LAC,San Diego Chargers,Mike Riley,Mike Riley (American football),Geep Chryst,Geep Chryst,Geep Chryst,Geep Chryst,offensive_coordinator,False,False,,False,https://en.wikipedia.org/wiki/2000_San_Diego_Chargers_season,1369872113,2026-08-17T18:30:21Z,,,,True
2000,LAR,St. Louis Rams,Mike Martz,Mike Martz,,,Mike Martz,Mike Martz,hc_prior_offensive_coordinator,True,True,True,False,https://en.wikipedia.org/wiki/2000_St._Louis_Rams_season,1345480081,2026-03-26T08:48:41Z,https://en.wikipedia.org/wiki/Mike_Martz,1370995800.0,2026-08-24T02:23:13Z,True
2000,LV,Oakland Raiders,Jon Gruden,Jon Gruden,,,Jon Gruden,Jon Gruden,hc_prior_offensive_coordinator,True,False,,False,https://en.wikipedia.org/wiki/2000_Oakland_Raiders_season,1360172020,2026-06-19T17:59:25Z,https://en.wikipedia.org/wiki/Jon_Gruden,1371040660.0,2026-08-24T06:31:13Z,True
2000,MIA,Miami Dolphins,Dave Wannstedt,Dave Wannstedt,Chan Gailey,Chan Gailey,Chan Gailey,Chan Gailey,offensive_coordinator,False,,,False,https://en.wikipedia.org/wiki/2000_Miami_Dolphins_season,1365677208,2026-07-23T20:32:03Z,https://en.wikipedia.org/wiki/Chan_Gailey,1360092666.0,2026-06-19T04:52:15Z,False
2000,MIN,Minnesota Vikings,Dennis Green,Dennis Green,Sherman Lewis,Sherman Lewis,Dennis Green,Dennis Green,hc_prior_offensive_coordinator,True,False,True,False,https://en.wikipedia.org/wiki/2000_Minnesota_Vikings_season,1361089990,2026-06-25T15:37:14Z,https://en.wikipedia.org/wiki/Dennis_Green,1369881539.0,2026-08-17T19:41:28Z,False
2000,NE,New England Patriots,Bill Belichick,Bill Belichick,,,Bill Belichick,Bill Belichick,hc_fallback_no_oc_documented,False,True,True,False,https://en.wikipedia.org/wiki/2000_New_England_Patriots_season,1368450752,2026-08-09T03:05:18Z,https://en.wikipedia.org/wiki/Bill_Belichick,1372262973.0,2026-08-31T02:00:03Z,True
2000,NO,New Orleans Saints,Jim Haslett,Jim Haslett,Mike McCarthy,Mike McCarthy,Mike McCarthy,Mike McCarthy,offensive_coordinator,False,True,True,False,https://en.wikipedia.org/wiki/2000_New_Orleans_Saints_season,1341200685,2026-03-02T00:27:18Z,https://en.wikipedia.org/wiki/Mike_McCarthy,1370780074.0,2026-08-23T01:59:00Z,False
2000,NYG,New York Giants,Jim Fassel,Jim Fassel,,,Jim Fassel,Jim Fassel,hc_prior_offensive_coordinator,True,False,,False,https://en.wikipedia.org/wiki/2000_New_York_Giants_season,1364173112,2026-07-14T23:47:37Z,https://en.wikipedia.org/wiki/Jim_Fassel,1368763583.0,2026-08-11T00:06:55Z,True
2000,NYJ,New York Jets,Al Groh,Al Groh,Dan Henning,Dan Henning,Dan Henning,Dan Henning,offensive_coordinator,False,True,True,False,https://en.wikipedia.org/wiki/2000_New_York_Jets_season,1341191986,2026-03-01T23:42:41Z,https://en.wikipedia.org/wiki/Dan_Henning,1366044797.0,2026-07-25T23:33:18Z,False
2000,PHI,Philadelphia Eagles,Andy Reid,Andy Reid,Rod Dowhower,Rod Dowhower,Rod Dowhower,Rod Dowhower,offensive_coordinator,False,False,False,False,https://en.wikipedia.org/wiki/2000_Philadelphia_Eagles_season,1341183260,2026-03-01T22:49:20Z,https://en.wikipedia.org/wiki/Rod_Dowhower,1321932634.0,2025-11-13T13:17:02Z,False
2000,PIT,Pittsburgh Steelers,Bill Cowher,Bill Cowher,Kevin Gilbride,Kevin Gilbride,Kevin Gilbride,Kevin Gilbride,offensive_coordinator,False,False,False,False,https://en.wikipedia.org/wiki/2000_Pittsburgh_Steelers_season,1370189391,2026-08-19T17:02:13Z,https://en.wikipedia.org/wiki/Kevin_Gilbride,1345413304.0,2026-03-25T23:55:40Z,False
2000,SEA,Seattle Seahawks,Mike Holmgren,Mike Holmgren,Gil Haskell,Gil Haskell,Mike Holmgren,Mike Holmgren,hc_prior_offensive_coordinator,True,False,True,False,https://en.wikipedia.org/wiki/2000_Seattle_Seahawks_season,1372862469,2026-09-02T17:18:29Z,https://en.wikipedia.org/wiki/Mike_Holmgren,1367196207.0,2026-08-01T16:51:31Z,False
2000,SF,San Francisco 49ers,Steve Mariucci,Steve Mariucci,Marty Mornhinweg,Marty Mornhinweg,Steve Mariucci,Steve Mariucci,hc_prior_offensive_coordinator,True,False,False,False,https://en.wikipedia.org/wiki/2000_San_Francisco_49ers_season,1371449119,2026-08-26T14:19:12Z,https://en.wikipedia.org/wiki/Steve_Mariucci,1372421158.0,2026-08-31T17:39:45Z,False
2000,TB,Tampa Bay Buccaneers,Tony Dungy,Tony Dungy,Les Steckel,Les Steckel,Les Steckel,Les Steckel,offensive_coordinator,False,False,True,False,https://en.wikipedia.org/wiki/2000_Tampa_Bay_Buccaneers_season,1366764725,2026-07-30T02:01:26Z,https://en.wikipedia.org/wiki/Les_Steckel,1361314731.0,2026-06-27T03:32:52Z,False
2000,TEN,Tennessee Titans,Jeff Fisher,Jeff Fisher,Mike Heimerdinger,Mike Heimerdinger,Mike Heimerdinger,Mike Heimerdinger,offensive_coordinator,False,False,True,False,https://en.wikipedia.org/wiki/2000_Tennessee_Titans_season,1341328040,2026-03-02T16:18:10Z,,,,True
2000,WAS,Washington Redskins,Norv Turner,Norv Turner,,,Norv Turner,Norv Turner,hc_prior_offensive_coordinator,True,False,True,True,https://en.wikipedia.org/wiki/2000_Washington_Redskins_season,1341317516,2026-03-02T14:57:50Z,https://en.wikipedia.org/wiki/Norv_Turner,1354047840.0,2026-05-14T00:32:05Z,True
2001,ARI,Arizona Cardinals,Dave McGinnis,Dave McGinnis,Rich Olson,Rich Olson,Rich Olson,Rich Olson,offensive_coordinator,False,False,True,False,https://en.wikipedia.org/wiki/2001_Arizona_Cardinals_season,1359210529,2026-06-13T21:14:26Z,,,,True
2001,ATL,Atlanta Falcons,Dan Reeves,Dan Reeves,George Sefcik,George Sefcik,George Sefcik,George Sefcik,offensive_coordinator,False,False,False,False,https://en.wikipedia.org/wiki/2001_Atlanta_Falcons_season,1356932629,2026-05-30T19:03:40Z,,,,True
2001,BAL,Baltimore Ravens,Brian Billick,Brian Billick,Matt Cavanaugh,Matt Cavanaugh,Brian Billick,Brian Billick,hc_prior_offensive_coordinator,True,False,False,False,https://en.wikipedia.org/wiki/2001_Baltimore_Ravens_season,1351961262,2026-05-01T05:01:14Z,https://en.wikipedia.org/wiki/Brian_Billick,1366176925.0,2026-07-26T19:02:04Z,False
2001,BUF,Buffalo Bills,Gregg Williams,Gregg Williams,Mike Sheppard,Mike Sheppard (American football),Mike Sheppard,Mike Sheppard (American football),offensive_coordinator,False,True,True,False,https://en.wikipedia.org/wiki/2001_Buffalo_Bills_season,1361035720,2026-06-25T06:04:44Z,https://en.wikipedia.org/wiki/Mike_Sheppard_(American_football),1352998774.0,2026-05-07T14:58:50Z,False
2001,CAR,Carolina Panthers,George Seifert,George Seifert,Richard Williamson,Richard Williamson (American football),Richard Williamson,Richard Williamson (American football),offensive_coordinator,False,False,True,False,https://en.wikipedia.org/wiki/2001_Carolina_Panthers_season,1370626419,2026-08-22T04:18:28Z,https://en.wikipedia.org/wiki/Richard_Williamson_(American_football),1368178375.0,2026-08-07T13:51:43Z,False
2001,CHI,Chicago Bears,Dick Jauron,Dick Jauron,John Shoop,John Shoop,John Shoop,John Shoop,offensive_coordinator,False,False,True,False,https://en.wikipedia.org/wiki/2001_Chicago_Bears_season,1353415908,2026-05-10T03:58:24Z,https://en.wikipedia.org/wiki/John_Shoop,1366887862.0,2026-07-30T19:29:17Z,False
2001,CIN,Cincinnati Bengals,Dick LeBeau,Dick LeBeau,Bob Bratkowski,Bob Bratkowski,Bob Bratkowski,Bob Bratkowski,offensive_coordinator,False,True,True,False,https://en.wikipedia.org/wiki/2001_Cincinnati_Bengals_season,1368030933,2026-08-06T16:33:13Z,https://en.wikipedia.org/wiki/Bob_Bratkowski,1363891815.0,2026-07-13T03:18:47Z,False
2001,CLE,Cleveland Browns,Butch Davis,Butch Davis,Bruce Arians,Bruce Arians,Bruce Arians,Bruce Arians,offensive_coordinator,False,True,True,False,https://en.wikipedia.org/wiki/2001_Cleveland_Browns_season,1367990505,2026-08-06T11:27:32Z,,,,True
2001,DAL,Dallas Cowboys,Dave Campo,Dave Campo,Jack Reilly,Jack Reilly (American football),Jack Reilly,Jack Reilly (American football),offensive_coordinator,False,False,,False,https://en.wikipedia.org/wiki/2001_Dallas_Cowboys_season,1353415490,2026-05-10T03:53:18Z,https://en.wikipedia.org/wiki/Jack_Reilly_(American_football),1328200793.0,2025-12-18T13:32:33Z,False
2001,DEN,Denver Broncos,Mike Shanahan,Mike Shanahan,Gary Kubiak,Gary Kubiak,Mike Shanahan,Mike Shanahan,hc_prior_offensive_coordinator,True,False,False,False,https://en.wikipedia.org/wiki/2001_Denver_Broncos_season,1353415035,2026-05-10T03:48:21Z,https://en.wikipedia.org/wiki/Mike_Shanahan,1372773449.0,2026-09-02T05:30:07Z,False
2001,DET,Detroit Lions,Marty Mornhinweg,Marty Mornhinweg,Maurice Carthon,Maurice Carthon,Marty Mornhinweg,Marty Mornhinweg,hc_prior_offensive_coordinator,True,True,True,False,https://en.wikipedia.org/wiki/2001_Detroit_Lions_season,1364301198,2026-07-15T19:52:01Z,https://en.wikipedia.org/wiki/Marty_Mornhinweg,1370859358.0,2026-08-23T12:57:01Z,False
2001,GB,Green Bay Packers,Mike Sherman,,Tom Rossley,Tom Rossley,Tom Rossley,Tom Rossley,offensive_coordinator,False,True,False,False,https://en.wikipedia.org/wiki/2001_Green_Bay_Packers_season,1353416052,2026-05-10T04:00:10Z,https://en.wikipedia.org/wiki/Tom_Rossley,1343001470.0,2026-03-11T18:18:36Z,False
2001,IND,Indianapolis Colts,Jim Mora,Jim E. Mora,Tom Moore,"Tom Moore (American football coach, born 1938)",Tom Moore,"Tom Moore (American football coach, born 1938)",offensive_coordinator,False,False,False,False,https://en.wikipedia.org/wiki/2001_Indianapolis_Colts_season,1370815985,2026-08-23T06:11:29Z,"https://en.wikipedia.org/wiki/Tom_Moore_(American_football_coach,_born_1938)",1364279725.0,2026-07-15T16:51:14Z,False
2001,JAX,Jacksonville Jaguars,Tom Coughlin,Tom Coughlin,Bobby Petrino,Bobby Petrino,Tom Coughlin,Tom Coughlin,hc_prior_offensive_coordinator,True,False,,False,https://en.wikipedia.org/wiki/2001_Jacksonville_Jaguars_season,1360477430,2026-06-21T18:31:00Z,https://en.wikipedia.org/wiki/Tom_Coughlin,1372452084.0,2026-08-31T20:24:49Z,False
2001,KC,Kansas City Chiefs,Dick Vermeil,Dick Vermeil,Al Saunders,Al Saunders,Dick Vermeil,Dick Vermeil,hc_prior_offensive_coordinator,True,True,True,False,https://en.wikipedia.org/wiki/2001_Kansas_City_Chiefs_season,1353415163,2026-05-10T03:49:28Z,https://en.wikipedia.org/wiki/Dick_Vermeil,1367619607.0,2026-08-04T04:35:19Z,False
2001,LAC,San Diego Chargers,Mike Riley,Mike Riley (American football),Norv Turner,Norv Turner,Norv Turner,Norv Turner,offensive_coordinator,False,False,True,False,https://en.wikipedia.org/wiki/2001_San_Diego_Chargers_season,1370021537,2026-08-18T17:27:18Z,https://en.wikipedia.org/wiki/Norv_Turner,1354047840.0,2026-05-14T00:32:05Z,False
2001,LAR,St. Louis Rams,Mike Martz,Mike Martz,Bobby Jackson,Bobby Jackson (American football coach),Mike Martz,Mike Martz,hc_prior_offensive_coordinator,True,False,,False,https://en.wikipedia.org/wiki/2001_St._Louis_Rams_season,1363861731,2026-07-12T23:10:10Z,https://en.wikipedia.org/wiki/Mike_Martz,1370995800.0,2026-08-24T02:23:13Z,False
2001,LV,Oakland Raiders,Jon Gruden,Jon Gruden,,,Jon Gruden,Jon Gruden,hc_prior_offensive_coordinator,True,False,,False,https://en.wikipedia.org/wiki/2001_Oakland_Raiders_season,1360171903,2026-06-19T17:58:33Z,https://en.wikipedia.org/wiki/Jon_Gruden,1371040660.0,2026-08-24T06:31:13Z,True
2001,MIA,Miami Dolphins,Dave Wannstedt,Dave Wannstedt,Chan Gailey,Chan Gailey,Chan Gailey,Chan Gailey,offensive_coordinator,False,False,False,False,https://en.wikipedia.org/wiki/2001_Miami_Dolphins_season,1341326291,2026-03-02T16:06:37Z,https://en.wikipedia.org/wiki/Chan_Gailey,1360092666.0,2026-06-19T04:52:15Z,False
2001,MIN,Minnesota Vikings,Dennis Green,Dennis Green,Sherman Lewis,Sherman Lewis,Dennis Green,Dennis Green,hc_prior_offensive_coordinator,True,False,False,True,https://en.wikipedia.org/wiki/2001_Minnesota_Vikings_season,1353416205,2026-05-10T04:01:49Z,https://en.wikipedia.org/wiki/Dennis_Green,1369881539.0,2026-08-17T19:41:28Z,True
2001,NE,New England Patriots,Bill Belichick,Bill Belichick,Charlie Weis,Charlie Weis,Charlie Weis,Charlie Weis,offensive_coordinator,False,False,,False,https://en.wikipedia.org/wiki/2001_New_England_Patriots_season,1370568070,2026-08-21T21:51:37Z,https://en.wikipedia.org/wiki/Charlie_Weis,1360995309.0,2026-06-24T23:55:56Z,False
2001,NO,New Orleans Saints,Jim Haslett,Jim Haslett,Mike McCarthy,Mike McCarthy,Mike McCarthy,Mike McCarthy,offensive_coordinator,False,False,False,False,https://en.wikipedia.org/wiki/2001_New_Orleans_Saints_season,1364098314,2026-07-14T13:44:42Z,https://en.wikipedia.org/wiki/Mike_McCarthy,1370780074.0,2026-08-23T01:59:00Z,False
2001,NYG,New York Giants,Jim Fassel,Jim Fassel,,,Jim Fassel,Jim Fassel,hc_prior_offensive_coordinator,True,False,,False,https://en.wikipedia.org/wiki/2001_New_York_Giants_season,1358577138,2026-06-09T16:16:18Z,https://en.wikipedia.org/wiki/Jim_Fassel,1368763583.0,2026-08-11T00:06:55Z,True
2001,NYJ,New York Jets,Herman Edwards,Herman Edwards,Paul Hackett,Paul Hackett (American football),Paul Hackett,Paul Hackett (American football),offensive_coordinator,False,True,True,False,https://en.wikipedia.org/wiki/2001_New_York_Jets_season,1353414984,2026-05-10T03:47:47Z,https://en.wikipedia.org/wiki/Paul_Hackett_(American_football),1288155039.0,2025-04-30T20:31:52Z,False
2001,PHI,Philadelphia Eagles,Andy Reid,Andy Reid,Rod Dowhower,Rod Dowhower,Rod Dowhower,Rod Dowhower,offensive_coordinator,False,False,False,False,https://en.wikipedia.org/wiki/2001_Philadelphia_Eagles_season,1369062660,2026-08-12T17:33:24Z,https://en.wikipedia.org/wiki/Rod_Dowhower,1321932634.0,2025-11-13T13:17:02Z,False
2001,PIT,Pittsburgh Steelers,Bill Cowher,Bill Cowher,Mike Mularkey,Mike Mularkey,Mike Mularkey,Mike Mularkey,offensive_coordinator,False,False,True,False,https://en.wikipedia.org/wiki/2001_Pittsburgh_Steelers_season,1372672443,2026-09-01T18:55:52Z,https://en.wikipedia.org/wiki/Mike_Mularkey,1342382734.0,2026-03-08T17:25:44Z,False
2001,SEA,Seattle Seahawks,Mike Holmgren,Mike Holmgren,Gil Haskell,Gil Haskell,Mike Holmgren,Mike Holmgren,hc_prior_offensive_coordinator,True,False,False,False,https://en.wikipedia.org/wiki/2001_Seattle_Seahawks_season,1369981768,2026-08-18T11:26:26Z,https://en.wikipedia.org/wiki/Mike_Holmgren,1367196207.0,2026-08-01T16:51:31Z,False
2001,SF,San Francisco 49ers,Steve Mariucci,Steve Mariucci,Greg Knapp,Greg Knapp,Steve Mariucci,Steve Mariucci,hc_prior_offensive_coordinator,True,False,True,False,https://en.wikipedia.org/wiki/2001_San_Francisco_49ers_season,1367224721,2026-08-01T20:36:31Z,https://en.wikipedia.org/wiki/Steve_Mariucci,1372421158.0,2026-08-31T17:39:45Z,False
2001,TB,Tampa Bay Buccaneers,Tony Dungy,Tony Dungy,Clyde Christensen,Clyde Christensen,Clyde Christensen,Clyde Christensen,offensive_coordinator,False,False,True,False,https://en.wikipedia.org/wiki/2001_Tampa_Bay_Buccaneers_season,1364213385,2026-07-15T05:10:48Z,https://en.wikipedia.org/wiki/Clyde_Christensen,1320423772.0,2025-11-04T16:30:29Z,False
2001,TEN,Tennessee Titans,Jeff Fisher,Jeff Fisher,Mike Heimerdinger,Mike Heimerdinger,Mike Heimerdinger,Mike Heimerdinger,offensive_coordinator,False,False,False,False,https://en.wikipedia.org/wiki/2001_Tennessee_Titans_season,1341328056,2026-03-02T16:18:18Z,,,,True
2001,WAS,Washington Redskins,Marty Schottenheimer,,Jimmy Raye II,Jimmy Raye II,Jimmy Raye II,Jimmy Raye II,offensive_coordinator,False,True,,False,https://en.wikipedia.org/wiki/2001_Washington_Redskins_season,1353415763,2026-05-10T03:56:45Z,,,,True
2002,ARI,Arizona Cardinals,Dave McGinnis,Dave McGinnis,Rich Olson,Rich Olson,Rich Olson,Rich Olson,offensive_coordinator,False,False,False,False,https://en.wikipedia.org/wiki/2002_Arizona_Cardinals_season,1363190880,2026-07-08T16:57:15Z,,,,True
2002,ATL,Atlanta Falcons,Dan Reeves,Dan Reeves,,,Dan Reeves,Dan Reeves,hc_fallback_no_oc_documented,False,False,True,False,https://en.wikipedia.org/wiki/2002_Atlanta_Falcons_season,1363184892,2026-07-08T16:07:14Z,,,,True
2002,BAL,Baltimore Ravens,Brian Billick,Brian Billick,Matt Cavanaugh,Matt Cavanaugh,Brian Billick,Brian Billick,hc_prior_offensive_coordinator,True,False,False,False,https://en.wikipedia.org/wiki/2002_Baltimore_Ravens_season,1370001087,2026-08-18T14:36:59Z,https://en.wikipedia.org/wiki/Brian_Billick,1366176925.0,2026-07-26T19:02:04Z,False
2002,BUF,Buffalo Bills,Gregg Williams,Gregg Williams,Kevin Gilbride,Kevin Gilbride,Kevin Gilbride,Kevin Gilbride,offensive_coordinator,False,False,True,False,https://en.wikipedia.org/wiki/2002_Buffalo_Bills_season,1368149437,2026-08-07T08:31:50Z,https://en.wikipedia.org/wiki/Kevin_Gilbride,1345413304.0,2026-03-25T23:55:40Z,False
2002,CAR,Carolina Panthers,John Fox,John Fox (American football),Dan Henning,Dan Henning,Dan Henning,Dan Henning,offensive_coordinator,False,True,True,False,https://en.wikipedia.org/wiki/2002_Carolina_Panthers_season,1372721596,2026-09-02T00:03:09Z,https://en.wikipedia.org/wiki/Dan_Henning,1366044797.0,2026-07-25T23:33:18Z,False
2002,CHI,Chicago Bears,Dick Jauron,Dick Jauron,John Shoop,John Shoop,John Shoop,John Shoop,offensive_coordinator,False,False,False,False,https://en.wikipedia.org/wiki/2002_Chicago_Bears_season,1361855875,2026-06-30T13:55:36Z,https://en.wikipedia.org/wiki/John_Shoop,1366887862.0,2026-07-30T19:29:17Z,False
2002,CIN,Cincinnati Bengals,Dick LeBeau,Dick LeBeau,Bob Bratkowski,Bob Bratkowski,Bob Bratkowski,Bob Bratkowski,offensive_coordinator,False,False,False,False,https://en.wikipedia.org/wiki/2002_Cincinnati_Bengals_season,1368154106,2026-08-07T09:26:54Z,https://en.wikipedia.org/wiki/Bob_Bratkowski,1363891815.0,2026-07-13T03:18:47Z,False
2002,CLE,Cleveland Browns,Butch Davis,Butch Davis,Bruce Arians,Bruce Arians,Bruce Arians,Bruce Arians,offensive_coordinator,False,False,False,False,https://en.wikipedia.org/wiki/2002_Cleveland_Browns_season,1367989981,2026-08-06T11:21:15Z,,,,True
2002,DAL,Dallas Cowboys,Dave Campo,Dave Campo,Bruce Coslet,Bruce Coslet,Bruce Coslet,Bruce Coslet,offensive_coordinator,False,False,True,False,https://en.wikipedia.org/wiki/2002_Dallas_Cowboys_season,1363188332,2026-07-08T16:35:29Z,,,,True
2002,DEN,Denver Broncos,Mike Shanahan,Mike Shanahan,,,Mike Shanahan,Mike Shanahan,hc_prior_offensive_coordinator,True,False,True,False,https://en.wikipedia.org/wiki/2002_Denver_Broncos_season,1363183170,2026-07-08T15:54:13Z,https://en.wikipedia.org/wiki/Mike_Shanahan,1372773449.0,2026-09-02T05:30:07Z,True
2002,DET,Detroit Lions,Marty Mornhinweg,Marty Mornhinweg,,,Marty Mornhinweg,Marty Mornhinweg,hc_prior_offensive_coordinator,True,False,True,False,https://en.wikipedia.org/wiki/2002_Detroit_Lions_season,1368858059,2026-08-11T13:18:21Z,https://en.wikipedia.org/wiki/Marty_Mornhinweg,1370859358.0,2026-08-23T12:57:01Z,True
2002,GB,Green Bay Packers,Mike Sherman,Mike Sherman,Tom Rossley,Tom Rossley,Mike Sherman,Mike Sherman,hc_prior_offensive_coordinator,True,True,False,False,https://en.wikipedia.org/wiki/2002_Green_Bay_Packers_season,1361855809,2026-06-30T13:55:12Z,https://en.wikipedia.org/wiki/Mike_Sherman,1358905762.0,2026-06-11T19:02:49Z,False
2002,HOU,Houston Texans,Dom Capers,Dom Capers,Chris Palmer,Chris Palmer (American football),Chris Palmer,Chris Palmer (American football),offensive_coordinator,False,,,False,https://en.wikipedia.org/wiki/2002_Houston_Texans_season,1371255925,2026-08-25T13:34:49Z,https://en.wikipedia.org/wiki/Chris_Palmer_(American_football),1371145578.0,2026-08-24T21:29:23Z,False
2002,IND,Indianapolis Colts,Tony Dungy,Tony Dungy,Tom Moore,"Tom Moore (American football coach, born 1938)",Tom Moore,"Tom Moore (American football coach, born 1938)",offensive_coordinator,False,True,False,False,https://en.wikipedia.org/wiki/2002_Indianapolis_Colts_season,1358915725,2026-06-11T20:25:29Z,"https://en.wikipedia.org/wiki/Tom_Moore_(American_football_coach,_born_1938)",1364279725.0,2026-07-15T16:51:14Z,False
2002,JAX,Jacksonville Jaguars,Tom Coughlin,Tom Coughlin,,,Tom Coughlin,Tom Coughlin,hc_prior_offensive_coordinator,True,False,True,False,https://en.wikipedia.org/wiki/2002_Jacksonville_Jaguars_season,1341176989,2026-03-01T22:08:34Z,https://en.wikipedia.org/wiki/Tom_Coughlin,1372452084.0,2026-08-31T20:24:49Z,True
2002,KC,Kansas City Chiefs,Dick Vermeil,Dick Vermeil,Al Saunders,Al Saunders,Dick Vermeil,Dick Vermeil,hc_prior_offensive_coordinator,True,False,False,False,https://en.wikipedia.org/wiki/2002_Kansas_City_Chiefs_season,1368172264,2026-08-07T12:42:34Z,https://en.wikipedia.org/wiki/Dick_Vermeil,1367619607.0,2026-08-04T04:35:19Z,False
2002,LAC,San Diego Chargers,Marty Schottenheimer,Marty Schottenheimer,Cam Cameron,Cam Cameron,Cam Cameron,Cam Cameron,offensive_coordinator,False,True,True,False,https://en.wikipedia.org/wiki/2002_San_Diego_Chargers_season,1363186911,2026-07-08T16:23:23Z,https://en.wikipedia.org/wiki/Cam_Cameron,1370827888.0,2026-08-23T08:00:01Z,False
2002,LAR,St. Louis Rams,Mike Martz,Mike Martz,,,Mike Martz,Mike Martz,hc_prior_offensive_coordinator,True,False,True,False,https://en.wikipedia.org/wiki/2002_St._Louis_Rams_season,1363189263,2026-07-08T16:43:10Z,https://en.wikipedia.org/wiki/Mike_Martz,1370995800.0,2026-08-24T02:23:13Z,True
2002,LV,Oakland Raiders,Bill Callahan,Bill Callahan (coach),Marc Trestman,Marc Trestman,Marc Trestman,Marc Trestman,offensive_coordinator,False,True,,False,https://en.wikipedia.org/wiki/2002_Oakland_Raiders_season,1363190384,2026-07-08T16:53:22Z,https://en.wikipedia.org/wiki/Marc_Trestman,1370858429.0,2026-08-23T12:49:54Z,False
2002,MIA,Miami Dolphins,Dave Wannstedt,Dave Wannstedt,Norv Turner,Norv Turner,Norv Turner,Norv Turner,offensive_coordinator,False,False,True,False,https://en.wikipedia.org/wiki/2002_Miami_Dolphins_season,1361542174,2026-06-28T16:01:25Z,https://en.wikipedia.org/wiki/Norv_Turner,1354047840.0,2026-05-14T00:32:05Z,False
2002,MIN,Minnesota Vikings,Mike Tice,Mike Tice,Scott Linehan,Scott Linehan,Scott Linehan,Scott Linehan,offensive_coordinator,False,False,True,False,https://en.wikipedia.org/wiki/2002_Minnesota_Vikings_season,1370124275,2026-08-19T06:47:03Z,https://en.wikipedia.org/wiki/Scott_Linehan,1367212094.0,2026-08-01T19:06:47Z,False
2002,NE,New England Patriots,Bill Belichick,Bill Belichick,,,Bill Belichick,Bill Belichick,hc_fallback_no_oc_documented,False,False,True,False,https://en.wikipedia.org/wiki/2002_New_England_Patriots_season,1368483025,2026-08-09T08:06:43Z,https://en.wikipedia.org/wiki/Bill_Belichick,1372262973.0,2026-08-31T02:00:03Z,True
2002,NO,New Orleans Saints,Jim Haslett,Jim Haslett,Mike McCarthy,Mike McCarthy,Mike McCarthy,Mike McCarthy,offensive_coordinator,False,False,False,False,https://en.wikipedia.org/wiki/2002_New_Orleans_Saints_season,1361840860,2026-06-30T11:43:23Z,https://en.wikipedia.org/wiki/Mike_McCarthy,1370780074.0,2026-08-23T01:59:00Z,False
2002,NYG,New York Giants,Jim Fassel,Jim Fassel,,,Jim Fassel,Jim Fassel,hc_prior_offensive_coordinator,True,False,,False,https://en.wikipedia.org/wiki/2002_New_York_Giants_season,1371363270,2026-08-26T02:46:38Z,https://en.wikipedia.org/wiki/Jim_Fassel,1368763583.0,2026-08-11T00:06:55Z,True
2002,NYJ,New York Jets,Herman Edwards,Herman Edwards,Paul Hackett,Paul Hackett (American football),Paul Hackett,Paul Hackett (American football),offensive_coordinator,False,False,False,False,https://en.wikipedia.org/wiki/2002_New_York_Jets_season,1369625651,2026-08-16T03:26:29Z,https://en.wikipedia.org/wiki/Paul_Hackett_(American_football),1288155039.0,2025-04-30T20:31:52Z,False
2002,PHI,Philadelphia Eagles,Andy Reid,Andy Reid,Brad Childress,Brad Childress,Brad Childress,Brad Childress,offensive_coordinator,False,False,True,False,https://en.wikipedia.org/wiki/2002_Philadelphia_Eagles_season,1367221921,2026-08-01T20:18:08Z,https://en.wikipedia.org/wiki/Brad_Childress,1372939852.0,2026-09-03T02:23:25Z,False
2002,PIT,Pittsburgh Steelers,Bill Cowher,Bill Cowher,Mike Mularkey,Mike Mularkey,Mike Mularkey,Mike Mularkey,offensive_coordinator,False,False,False,False,https://en.wikipedia.org/wiki/2002_Pittsburgh_Steelers_season,1372676732,2026-09-01T19:25:10Z,https://en.wikipedia.org/wiki/Mike_Mularkey,1342382734.0,2026-03-08T17:25:44Z,False
2002,SEA,Seattle Seahawks,Mike Holmgren,Mike Holmgren,Gil Haskell,Gil Haskell,Mike Holmgren,Mike Holmgren,hc_prior_offensive_coordinator,True,False,False,False,https://en.wikipedia.org/wiki/2002_Seattle_Seahawks_season,1366823233,2026-07-30T12:53:15Z,https://en.wikipedia.org/wiki/Mike_Holmgren,1367196207.0,2026-08-01T16:51:31Z,False
2002,SF,San Francisco 49ers,Steve Mariucci,Steve Mariucci,Greg Knapp,Greg Knapp,Steve Mariucci,Steve Mariucci,hc_prior_offensive_coordinator,True,False,False,False,https://en.wikipedia.org/wiki/2002_San_Francisco_49ers_season,1363188781,2026-07-08T16:39:18Z,https://en.wikipedia.org/wiki/Steve_Mariucci,1372421158.0,2026-08-31T17:39:45Z,False
2002,TB,Tampa Bay Buccaneers,Jon Gruden,Jon Gruden,,,Jon Gruden,Jon Gruden,hc_prior_offensive_coordinator,True,True,True,False,https://en.wikipedia.org/wiki/2002_Tampa_Bay_Buccaneers_season,1364212681,2026-07-15T05:03:51Z,https://en.wikipedia.org/wiki/Jon_Gruden,1371040660.0,2026-08-24T06:31:13Z,True
2002,TEN,Tennessee Titans,Jeff Fisher,Jeff Fisher,Mike Heimerdinger,Mike Heimerdinger,Mike Heimerdinger,Mike Heimerdinger,offensive_coordinator,False,False,False,False,https://en.wikipedia.org/wiki/2002_Tennessee_Titans_season,1364438797,2026-07-16T14:47:18Z,,,,True
2002,WAS,Washington Redskins,Steve Spurrier,Steve Spurrier,,,Steve Spurrier,Steve Spurrier,hc_fallback_no_oc_documented,False,True,True,False,https://en.wikipedia.org/wiki/2002_Washington_Redskins_season,1363186585,2026-07-08T16:20:25Z,,,,True
2003,ARI,Arizona Cardinals,Dave McGinnis,Dave McGinnis,Jerry Sullivan,Jerry Sullivan,Jerry Sullivan,Jerry Sullivan,offensive_coordinator,False,False,True,False,https://en.wikipedia.org/wiki/2003_Arizona_Cardinals_season,1360943440,2026-06-24T16:51:15Z,,,,True
2003,ATL,Atlanta Falcons,Dan Reeves,Dan Reeves,Pete Mangurian,Pete Mangurian,Pete Mangurian,Pete Mangurian,offensive_coordinator,False,False,,True,https://en.wikipedia.org/wiki/2003_Atlanta_Falcons_season,1363020375,2026-07-07T16:03:03Z,https://en.wikipedia.org/wiki/Pete_Mangurian,1326013373.0,2025-12-06T15:37:31Z,True
2003,BAL,Baltimore Ravens,Brian Billick,Brian Billick,Matt Cavanaugh,Matt Cavanaugh,Brian Billick,Brian Billick,hc_prior_offensive_coordinator,True,False,False,False,https://en.wikipedia.org/wiki/2003_Baltimore_Ravens_season,1360945184,2026-06-24T17:07:16Z,https://en.wikipedia.org/wiki/Brian_Billick,1366176925.0,2026-07-26T19:02:04Z,False
2003,BUF,Buffalo Bills,Gregg Williams,Gregg Williams,,,Gregg Williams,Gregg Williams,hc_fallback_no_oc_documented,False,False,True,False,https://en.wikipedia.org/wiki/2003_Buffalo_Bills_season,1361417340,2026-06-27T20:31:51Z,https://en.wikipedia.org/wiki/Gregg_Williams,1368404900.0,2026-08-08T21:48:34Z,True
2003,CAR,Carolina Panthers,John Fox,John Fox (American football),Dan Henning,Dan Henning,Dan Henning,Dan Henning,offensive_coordinator,False,False,False,False,https://en.wikipedia.org/wiki/2003_Carolina_Panthers_season,1366510715,2026-07-28T12:43:59Z,https://en.wikipedia.org/wiki/Dan_Henning,1366044797.0,2026-07-25T23:33:18Z,False
2003,CHI,Chicago Bears,Dick Jauron,Dick Jauron,John Shoop,John Shoop,John Shoop,John Shoop,offensive_coordinator,False,False,False,False,https://en.wikipedia.org/wiki/2003_Chicago_Bears_season,1357276335,2026-06-01T19:23:39Z,https://en.wikipedia.org/wiki/John_Shoop,1366887862.0,2026-07-30T19:29:17Z,False
2003,CIN,Cincinnati Bengals,Marvin Lewis,Marvin Lewis,Bob Bratkowski,Bob Bratkowski,Bob Bratkowski,Bob Bratkowski,offensive_coordinator,False,True,False,False,https://en.wikipedia.org/wiki/2003_Cincinnati_Bengals_season,1368284141,2026-08-08T04:19:13Z,https://en.wikipedia.org/wiki/Bob_Bratkowski,1363891815.0,2026-07-13T03:18:47Z,False
2003,CLE,Cleveland Browns,Butch Davis,Butch Davis,Bruce Arians,Bruce Arians,Bruce Arians,Bruce Arians,offensive_coordinator,False,False,False,False,https://en.wikipedia.org/wiki/2003_Cleveland_Browns_season,1360407582,2026-06-21T08:49:34Z,,,,True
2003,DAL,Dallas Cowboys,Bill Parcells,Bill Parcells,,,Bill Parcells,Bill Parcells,hc_fallback_no_oc_documented,False,True,True,False,https://en.wikipedia.org/wiki/2003_Dallas_Cowboys_season,1348432235,2026-04-12T16:56:45Z,,,,True
2003,DEN,Denver Broncos,Mike Shanahan,Mike Shanahan,Gary Kubiak,Gary Kubiak,Mike Shanahan,Mike Shanahan,hc_prior_offensive_coordinator,True,False,,False,https://en.wikipedia.org/wiki/2003_Denver_Broncos_season,1357276412,2026-06-01T19:24:06Z,https://en.wikipedia.org/wiki/Mike_Shanahan,1372773449.0,2026-09-02T05:30:07Z,False
2003,DET,Detroit Lions,Steve Mariucci,Steve Mariucci,Sherman Lewis,Sherman Lewis,Steve Mariucci,Steve Mariucci,hc_prior_offensive_coordinator,True,True,,False,https://en.wikipedia.org/wiki/2003_Detroit_Lions_season,1366791133,2026-07-30T07:06:27Z,https://en.wikipedia.org/wiki/Steve_Mariucci,1372421158.0,2026-08-31T17:39:45Z,False
2003,GB,Green Bay Packers,Mike Sherman,Mike Sherman,Tom Rossley,Tom Rossley,Mike Sherman,Mike Sherman,hc_prior_offensive_coordinator,True,False,False,False,https://en.wikipedia.org/wiki/2003_Green_Bay_Packers_season,1360954323,2026-06-24T18:24:02Z,https://en.wikipedia.org/wiki/Mike_Sherman,1358905762.0,2026-06-11T19:02:49Z,False
2003,HOU,Houston Texans,Dom Capers,Dom Capers,Chris Palmer,Chris Palmer (American football),Chris Palmer,Chris Palmer (American football),offensive_coordinator,False,False,False,False,https://en.wikipedia.org/wiki/2003_Houston_Texans_season,1358582967,2026-06-09T17:03:04Z,https://en.wikipedia.org/wiki/Chris_Palmer_(American_football),1371145578.0,2026-08-24T21:29:23Z,False
2003,IND,Indianapolis Colts,Tony Dungy,Tony Dungy,,,Tony Dungy,Tony Dungy,hc_fallback_no_oc_documented,False,False,True,False,https://en.wikipedia.org/wiki/2003_Indianapolis_Colts_season,1361618498,2026-06-29T02:18:22Z,https://en.wikipedia.org/wiki/Tony_Dungy,1369945646.0,2026-08-18T04:33:51Z,True
2003,JAX,Jacksonville Jaguars,Jack Del Rio,Jack Del Rio,Bill Musgrave,Bill Musgrave,Bill Musgrave,Bill Musgrave,offensive_coordinator,False,True,,False,https://en.wikipedia.org/wiki/2003_Jacksonville_Jaguars_season,1369415934,2026-08-14T21:03:33Z,https://en.wikipedia.org/wiki/Bill_Musgrave,1351426305.0,2026-04-27T21:36:48Z,False
2003,KC,Kansas City Chiefs,Dick Vermeil,Dick Vermeil,Al Saunders,Al Saunders,Dick Vermeil,Dick Vermeil,hc_prior_offensive_coordinator,True,False,False,False,https://en.wikipedia.org/wiki/2003_Kansas_City_Chiefs_season,1371385616,2026-08-26T04:23:50Z,https://en.wikipedia.org/wiki/Dick_Vermeil,1367619607.0,2026-08-04T04:35:19Z,False
2003,LAC,San Diego Chargers,Marty Schottenheimer,Marty Schottenheimer,Cam Cameron,Cam Cameron,Cam Cameron,Cam Cameron,offensive_coordinator,False,False,False,False,https://en.wikipedia.org/wiki/2003_San_Diego_Chargers_season,1357276809,2026-06-01T19:26:44Z,https://en.wikipedia.org/wiki/Cam_Cameron,1370827888.0,2026-08-23T08:00:01Z,False
2003,LAR,St. Louis Rams,Mike Martz,Mike Martz,,,Mike Martz,Mike Martz,hc_prior_offensive_coordinator,True,False,,False,https://en.wikipedia.org/wiki/2003_St._Louis_Rams_season,1357276881,2026-06-01T19:27:10Z,https://en.wikipedia.org/wiki/Mike_Martz,1370995800.0,2026-08-24T02:23:13Z,True
2003,LV,Oakland Raiders,Bill Callahan,Bill Callahan (American football coach),Marc Trestman,Marc Trestman,Bill Callahan,Bill Callahan (American football coach),hc_prior_offensive_coordinator,True,True,False,False,https://en.wikipedia.org/wiki/2003_Oakland_Raiders_season,1360171692,2026-06-19T17:56:32Z,https://en.wikipedia.org/wiki/Bill_Callahan_(American_football_coach),1366706117.0,2026-07-29T17:47:29Z,False
2003,MIA,Miami Dolphins,Dave Wannstedt,Dave Wannstedt,Norv Turner,Norv Turner,Norv Turner,Norv Turner,offensive_coordinator,False,False,False,False,https://en.wikipedia.org/wiki/2003_Miami_Dolphins_season,1361418461,2026-06-27T20:36:52Z,https://en.wikipedia.org/wiki/Norv_Turner,1354047840.0,2026-05-14T00:32:05Z,False
2003,MIN,Minnesota Vikings,Mike Tice,Mike Tice,,,Mike Tice,Mike Tice,hc_fallback_no_oc_documented,False,False,True,False,https://en.wikipedia.org/wiki/2003_Minnesota_Vikings_season,1360204163,2026-06-19T22:20:13Z,https://en.wikipedia.org/wiki/Mike_Tice,1350311625.0,2026-04-21T06:05:10Z,True
2003,NE,New England Patriots,Bill Belichick,Bill Belichick,Charlie Weis,Charlie Weis,Charlie Weis,Charlie Weis,offensive_coordinator,False,False,,False,https://en.wikipedia.org/wiki/2003_New_England_Patriots_season,1356583597,2026-05-28T17:38:59Z,https://en.wikipedia.org/wiki/Charlie_Weis,1360995309.0,2026-06-24T23:55:56Z,False
2003,NO,New Orleans Saints,Jim Haslett,Jim Haslett,Mike McCarthy,Mike McCarthy,Mike McCarthy,Mike McCarthy,offensive_coordinator,False,False,False,False,https://en.wikipedia.org/wiki/2003_New_Orleans_Saints_season,1343230429,2026-03-13T02:29:31Z,https://en.wikipedia.org/wiki/Mike_McCarthy,1370780074.0,2026-08-23T01:59:00Z,False
2003,NYG,New York Giants,Jim Fassel,Jim Fassel,,,Jim Fassel,Jim Fassel,hc_prior_offensive_coordinator,True,False,,False,https://en.wikipedia.org/wiki/2003_New_York_Giants_season,1348474097,2026-04-12T21:47:55Z,https://en.wikipedia.org/wiki/Jim_Fassel,1368763583.0,2026-08-11T00:06:55Z,True
2003,NYJ,New York Jets,Herman Edwards,Herman Edwards,Paul Hackett,Paul Hackett (American football),Paul Hackett,Paul Hackett (American football),offensive_coordinator,False,False,False,False,https://en.wikipedia.org/wiki/2003_New_York_Jets_season,1341192052,2026-03-01T23:43:08Z,https://en.wikipedia.org/wiki/Paul_Hackett_(American_football),1288155039.0,2025-04-30T20:31:52Z,False
2003,PHI,Philadelphia Eagles,Andy Reid,Andy Reid,Brad Childress,Brad Childress,Brad Childress,Brad Childress,offensive_coordinator,False,False,False,False,https://en.wikipedia.org/wiki/2003_Philadelphia_Eagles_season,1371865137,2026-08-29T00:05:29Z,https://en.wikipedia.org/wiki/Brad_Childress,1372939852.0,2026-09-03T02:23:25Z,False
2003,PIT,Pittsburgh Steelers,Bill Cowher,Bill Cowher,Mike Mularkey,Mike Mularkey,Mike Mularkey,Mike Mularkey,offensive_coordinator,False,False,False,False,https://en.wikipedia.org/wiki/2003_Pittsburgh_Steelers_season,1366348805,2026-07-27T14:15:00Z,https://en.wikipedia.org/wiki/Mike_Mularkey,1342382734.0,2026-03-08T17:25:44Z,False
2003,SEA,Seattle Seahawks,Mike Holmgren,Mike Holmgren,Gil Haskell,Gil Haskell,Mike Holmgren,Mike Holmgren,hc_prior_offensive_coordinator,True,False,False,False,https://en.wikipedia.org/wiki/2003_Seattle_Seahawks_season,1369981861,2026-08-18T11:27:24Z,https://en.wikipedia.org/wiki/Mike_Holmgren,1367196207.0,2026-08-01T16:51:31Z,False
2003,SF,San Francisco 49ers,Dennis Erickson,Dennis Erickson,Greg Knapp,Greg Knapp,Greg Knapp,Greg Knapp,offensive_coordinator,False,True,False,False,https://en.wikipedia.org/wiki/2003_San_Francisco_49ers_season,1358023383,2026-06-06T02:34:06Z,https://en.wikipedia.org/wiki/Greg_Knapp,1335626221.0,2026-01-30T07:01:25Z,False
2003,TB,Tampa Bay Buccaneers,Jon Gruden,Jon Gruden,,,Jon Gruden,Jon Gruden,hc_prior_offensive_coordinator,True,False,,False,https://en.wikipedia.org/wiki/2003_Tampa_Bay_Buccaneers_season,1356583607,2026-05-28T17:39:08Z,https://en.wikipedia.org/wiki/Jon_Gruden,1371040660.0,2026-08-24T06:31:13Z,True
2003,TEN,Tennessee Titans,Jeff Fisher,Jeff Fisher,Mike Heimerdinger,Mike Heimerdinger,Mike Heimerdinger,Mike Heimerdinger,offensive_coordinator,False,False,False,False,https://en.wikipedia.org/wiki/2003_Tennessee_Titans_season,1355249539,2026-05-20T19:56:40Z,,,,True
2003,WAS,Washington Redskins,Steve Spurrier,Steve Spurrier,,,Steve Spurrier,Steve Spurrier,hc_fallback_no_oc_documented,False,False,,False,https://en.wikipedia.org/wiki/2003_Washington_Redskins_season,1341317597,2026-03-02T14:58:19Z,,,,True
2004,ARI,Arizona Cardinals,Dennis Green,Dennis Green,Alex Wood,Alex Wood (American football),Dennis Green,Dennis Green,hc_prior_offensive_coordinator,True,True,True,False,https://en.wikipedia.org/wiki/2004_Arizona_Cardinals_season,1353290845,2026-05-09T11:30:13Z,https://en.wikipedia.org/wiki/Dennis_Green,1369881539.0,2026-08-17T19:41:28Z,False
2004,ATL,Atlanta Falcons,Jim Mora,Jim L. Mora,Greg Knapp,Greg Knapp,Greg Knapp,Greg Knapp,offensive_coordinator,False,True,True,False,https://en.wikipedia.org/wiki/2004_Atlanta_Falcons_season,1370121616,2026-08-19T06:29:33Z,https://en.wikipedia.org/wiki/Greg_Knapp,1335626221.0,2026-01-30T07:01:25Z,False
2004,BAL,Baltimore Ravens,Brian Billick,Brian Billick,Matt Cavanaugh,Matt Cavanaugh,Brian Billick,Brian Billick,hc_prior_offensive_coordinator,True,False,False,False,https://en.wikipedia.org/wiki/2004_Baltimore_Ravens_season,1353320977,2026-05-09T15:44:22Z,https://en.wikipedia.org/wiki/Brian_Billick,1366176925.0,2026-07-26T19:02:04Z,False
2004,CAR,Carolina Panthers,John Fox,John Fox (American football),Dan Henning,Dan Henning,Dan Henning,Dan Henning,offensive_coordinator,False,False,False,False,https://en.wikipedia.org/wiki/2004_Carolina_Panthers_season,1357276248,2026-06-01T19:23:05Z,https://en.wikipedia.org/wiki/Dan_Henning,1366044797.0,2026-07-25T23:33:18Z,False
2004,CHI,Chicago Bears,Lovie Smith,Lovie Smith,Terry Shea,Terry Shea,Terry Shea,Terry Shea,offensive_coordinator,False,True,True,False,https://en.wikipedia.org/wiki/2004_Chicago_Bears_season,1341142313,2026-03-01T18:18:59Z,https://en.wikipedia.org/wiki/Terry_Shea,1323968167.0,2025-11-24T20:40:57Z,False
2004,CIN,Cincinnati Bengals,Marvin Lewis,Marvin Lewis,Bob Bratkowski,Bob Bratkowski,Bob Bratkowski,Bob Bratkowski,offensive_coordinator,False,False,False,False,https://en.wikipedia.org/wiki/2004_Cincinnati_Bengals_season,1368413305,2026-08-08T22:41:29Z,https://en.wikipedia.org/wiki/Bob_Bratkowski,1363891815.0,2026-07-13T03:18:47Z,False
2004,CLE,Cleveland Browns,Butch Davis,Butch Davis,Terry Robiskie,Terry Robiskie,Terry Robiskie,Terry Robiskie,offensive_coordinator,False,False,True,True,https://en.wikipedia.org/wiki/2004_Cleveland_Browns_season,1360407585,2026-06-21T08:49:38Z,https://en.wikipedia.org/wiki/Terry_Robiskie,1366490867.0,2026-07-28T08:59:16Z,True
2004,DAL,Dallas Cowboys,Bill Parcells,Bill Parcells,,,Bill Parcells,Bill Parcells,hc_fallback_no_oc_documented,False,False,,False,https://en.wikipedia.org/wiki/2004_Dallas_Cowboys_season,1341386809,2026-03-02T23:19:24Z,,,,True
2004,DEN,Denver Broncos,Mike Shanahan,Mike Shanahan,Gary Kubiak,Gary Kubiak,Mike Shanahan,Mike Shanahan,hc_prior_offensive_coordinator,True,False,False,False,https://en.wikipedia.org/wiki/2004_Denver_Broncos_season,1345886298,2026-03-28T19:50:01Z,https://en.wikipedia.org/wiki/Mike_Shanahan,1372773449.0,2026-09-02T05:30:07Z,False
2004,DET,Detroit Lions,Steve Mariucci,Steve Mariucci,Sherman Lewis,Sherman Lewis,Steve Mariucci,Steve Mariucci,hc_prior_offensive_coordinator,True,False,False,False,https://en.wikipedia.org/wiki/2004_Detroit_Lions_season,1360560201,2026-06-22T07:20:35Z,https://en.wikipedia.org/wiki/Steve_Mariucci,1372421158.0,2026-08-31T17:39:45Z,False
2004,GB,Green Bay Packers,Mike Sherman,Mike Sherman,Tom Rossley,Tom Rossley,Mike Sherman,Mike Sherman,hc_prior_offensive_coordinator,True,False,False,False,https://en.wikipedia.org/wiki/2004_Green_Bay_Packers_season,1368441498,2026-08-09T01:52:46Z,https://en.wikipedia.org/wiki/Mike_Sherman,1358905762.0,2026-06-11T19:02:49Z,False
2004,HOU,Houston Texans,Dom Capers,Dom Capers,Chris Palmer,Chris Palmer (American football),Chris Palmer,Chris Palmer (American football),offensive_coordinator,False,False,False,False,https://en.wikipedia.org/wiki/2004_Houston_Texans_season,1358582966,2026-06-09T17:03:03Z,https://en.wikipedia.org/wiki/Chris_Palmer_(American_football),1371145578.0,2026-08-24T21:29:23Z,False
2004,IND,Indianapolis Colts,Tony Dungy,Tony Dungy,,,Tony Dungy,Tony Dungy,hc_fallback_no_oc_documented,False,False,,False,https://en.wikipedia.org/wiki/2004_Indianapolis_Colts_season,1371080926,2026-08-24T13:17:10Z,https://en.wikipedia.org/wiki/Tony_Dungy,1369945646.0,2026-08-18T04:33:51Z,True
2004,JAX,Jacksonville Jaguars,Jack Del Rio,Jack Del Rio,Bill Musgrave,Bill Musgrave,Bill Musgrave,Bill Musgrave,offensive_coordinator,False,False,False,False,https://en.wikipedia.org/wiki/2004_Jacksonville_Jaguars_season,1341177042,2026-03-01T22:08:54Z,https://en.wikipedia.org/wiki/Bill_Musgrave,1351426305.0,2026-04-27T21:36:48Z,False
2004,KC,Kansas City Chiefs,Dick Vermeil,Dick Vermeil,Al Saunders,Al Saunders,Dick Vermeil,Dick Vermeil,hc_prior_offensive_coordinator,True,False,False,False,https://en.wikipedia.org/wiki/2004_Kansas_City_Chiefs_season,1357276237,2026-06-01T19:23:01Z,https://en.wikipedia.org/wiki/Dick_Vermeil,1367619607.0,2026-08-04T04:35:19Z,False
2004,LAC,San Diego Chargers,Marty Schottenheimer,Marty Schottenheimer,Cam Cameron,Cam Cameron,Cam Cameron,Cam Cameron,offensive_coordinator,False,False,False,False,https://en.wikipedia.org/wiki/2004_San_Diego_Chargers_season,1341205818,2026-03-02T00:54:10Z,https://en.wikipedia.org/wiki/Cam_Cameron,1370827888.0,2026-08-23T08:00:01Z,False
2004,LAR,St. Louis Rams,Mike Martz,Mike Martz,,,Mike Martz,Mike Martz,hc_prior_offensive_coordinator,True,False,,False,https://en.wikipedia.org/wiki/2004_St._Louis_Rams_season,1368481907,2026-08-09T07:50:29Z,https://en.wikipedia.org/wiki/Mike_Martz,1370995800.0,2026-08-24T02:23:13Z,True
2004,LV,Oakland Raiders,Norv Turner,Norv Turner,Jimmy Raye,Jimmy Raye II,Norv Turner,Norv Turner,hc_prior_offensive_coordinator,True,True,True,False,https://en.wikipedia.org/wiki/2004_Oakland_Raiders_season,1345945492,2026-03-29T03:01:00Z,https://en.wikipedia.org/wiki/Norv_Turner,1354047840.0,2026-05-14T00:32:05Z,False
2004,MIA,Miami Dolphins,Dave Wannstedt,Dave Wannstedt,Chris Foerster,Chris Foerster,Chris Foerster,Chris Foerster,offensive_coordinator,False,False,True,False,https://en.wikipedia.org/wiki/2004_Miami_Dolphins_season,1368816242,2026-08-11T07:26:03Z,https://en.wikipedia.org/wiki/Chris_Foerster,1366717170.0,2026-07-29T19:23:59Z,False
2004,MIN,Minnesota Vikings,Mike Tice,Mike Tice,,,Mike Tice,Mike Tice,hc_fallback_no_oc_documented,False,False,,False,https://en.wikipedia.org/wiki/2004_Minnesota_Vikings_season,1370121687,2026-08-19T06:30:11Z,https://en.wikipedia.org/wiki/Mike_Tice,1350311625.0,2026-04-21T06:05:10Z,True
2004,NE,New England Patriots,Bill Belichick,Bill Belichick,Charlie Weis,Charlie Weis,Charlie Weis,Charlie Weis,offensive_coordinator,False,False,False,False,https://en.wikipedia.org/wiki/2004_New_England_Patriots_season,1372278137,2026-08-31T03:02:10Z,https://en.wikipedia.org/wiki/Charlie_Weis,1360995309.0,2026-06-24T23:55:56Z,False
2004,NO,New Orleans Saints,Jim Haslett,Jim Haslett,Mike McCarthy,Mike McCarthy,Mike McCarthy,Mike McCarthy,offensive_coordinator,False,False,False,False,https://en.wikipedia.org/wiki/2004_New_Orleans_Saints_season,1341200774,2026-03-02T00:27:58Z,https://en.wikipedia.org/wiki/Mike_McCarthy,1370780074.0,2026-08-23T01:59:00Z,False
2004,NYG,New York Giants,Tom Coughlin,Tom Coughlin,,,Tom Coughlin,Tom Coughlin,hc_prior_offensive_coordinator,True,True,,False,https://en.wikipedia.org/wiki/2004_New_York_Giants_season,1349265891,2026-04-16T14:30:32Z,https://en.wikipedia.org/wiki/Tom_Coughlin,1372452084.0,2026-08-31T20:24:49Z,True
2004,NYJ,New York Jets,Herman Edwards,Herman Edwards,Paul Hackett,Paul Hackett (American football),Paul Hackett,Paul Hackett (American football),offensive_coordinator,False,False,False,False,https://en.wikipedia.org/wiki/2004_New_York_Jets_season,1341192080,2026-03-01T23:43:16Z,https://en.wikipedia.org/wiki/Paul_Hackett_(American_football),1288155039.0,2025-04-30T20:31:52Z,False
2004,PHI,Philadelphia Eagles,Andy Reid,Andy Reid,Brad Childress,Brad Childress,Brad Childress,Brad Childress,offensive_coordinator,False,False,False,False,https://en.wikipedia.org/wiki/2004_Philadelphia_Eagles_season,1341186823,2026-03-01T23:11:16Z,https://en.wikipedia.org/wiki/Brad_Childress,1372939852.0,2026-09-03T02:23:25Z,False
2004,PIT,Pittsburgh Steelers,Bill Cowher,Bill Cowher,Ken Whisenhunt,Ken Whisenhunt,Ken Whisenhunt,Ken Whisenhunt,offensive_coordinator,False,False,True,False,https://en.wikipedia.org/wiki/2004_Pittsburgh_Steelers_season,1370121745,2026-08-19T06:30:38Z,https://en.wikipedia.org/wiki/Ken_Whisenhunt,1371317123.0,2026-08-25T21:43:45Z,False
2004,SEA,Seattle Seahawks,Mike Holmgren,Mike Holmgren,Gil Haskell,Gil Haskell,Mike Holmgren,Mike Holmgren,hc_prior_offensive_coordinator,True,False,False,False,https://en.wikipedia.org/wiki/2004_Seattle_Seahawks_season,1369981962,2026-08-18T11:28:19Z,https://en.wikipedia.org/wiki/Mike_Holmgren,1367196207.0,2026-08-01T16:51:31Z,False
2004,TB,Tampa Bay Buccaneers,Jon Gruden,Jon Gruden,,,Jon Gruden,Jon Gruden,hc_prior_offensive_coordinator,True,False,,False,https://en.wikipedia.org/wiki/2004_Tampa_Bay_Buccaneers_season,1341180798,2026-03-01T22:33:42Z,https://en.wikipedia.org/wiki/Jon_Gruden,1371040660.0,2026-08-24T06:31:13Z,True
2004,TEN,Tennessee Titans,Jeff Fisher,Jeff Fisher,Mike Heimerdinger,Mike Heimerdinger,Mike Heimerdinger,Mike Heimerdinger,offensive_coordinator,False,False,False,False,https://en.wikipedia.org/wiki/2004_Tennessee_Titans_season,1341328110,2026-03-02T16:18:46Z,,,,True
2004,WAS,Washington Redskins,Joe Gibbs,,Don Breaux,Don Breaux,Don Breaux,Don Breaux,offensive_coordinator,False,True,,False,https://en.wikipedia.org/wiki/2004_Washington_Redskins_season,1341317622,2026-03-02T14:58:28Z,https://en.wikipedia.org/wiki/Don_Breaux,1366352026.0,2026-07-27T14:36:29Z,False
2005,ARI,Arizona Cardinals,Dennis Green,Dennis Green,Keith Rowen,Keith Rowen,Dennis Green,Dennis Green,hc_prior_offensive_coordinator,True,False,True,False,https://en.wikipedia.org/wiki/2005_Arizona_Cardinals_season,1354666957,2026-05-17T18:00:10Z,https://en.wikipedia.org/wiki/Dennis_Green,1369881539.0,2026-08-17T19:41:28Z,False
2005,ATL,Atlanta Falcons,Jim Mora,Jim L. Mora,Greg Knapp,Greg Knapp,Greg Knapp,Greg Knapp,offensive_coordinator,False,False,False,False,https://en.wikipedia.org/wiki/2005_Atlanta_Falcons_season,1360215367,2026-06-20T00:01:38Z,https://en.wikipedia.org/wiki/Greg_Knapp,1335626221.0,2026-01-30T07:01:25Z,False
2005,BAL,Baltimore Ravens,Brian Billick,Brian Billick,Jim Fassel,Jim Fassel,Brian Billick,Brian Billick,hc_prior_offensive_coordinator,True,False,True,False,https://en.wikipedia.org/wiki/2005_Baltimore_Ravens_season,1353321436,2026-05-09T15:47:32Z,https://en.wikipedia.org/wiki/Brian_Billick,1366176925.0,2026-07-26T19:02:04Z,False
2005,BUF,Buffalo Bills,Mike Mularkey,Mike Mularkey,Tom Clements,Tom Clements,Mike Mularkey,Mike Mularkey,hc_prior_offensive_coordinator,True,,,False,https://en.wikipedia.org/wiki/2005_Buffalo_Bills_season,1372140497,2026-08-30T15:22:58Z,https://en.wikipedia.org/wiki/Mike_Mularkey,1342382734.0,2026-03-08T17:25:44Z,False
2005,CAR,Carolina Panthers,John Fox,John Fox (American football),Dan Henning,Dan Henning,Dan Henning,Dan Henning,offensive_coordinator,False,False,False,False,https://en.wikipedia.org/wiki/2005_Carolina_Panthers_season,1369407094,2026-08-14T19:57:31Z,https://en.wikipedia.org/wiki/Dan_Henning,1366044797.0,2026-07-25T23:33:18Z,False
2005,CHI,Chicago Bears,Lovie Smith,Lovie Smith,Ron Turner,Ron Turner (American football),Ron Turner,Ron Turner (American football),offensive_coordinator,False,False,True,False,https://en.wikipedia.org/wiki/2005_Chicago_Bears_season,1367190501,2026-08-01T16:09:13Z,https://en.wikipedia.org/wiki/Ron_Turner_(American_football),1368757526.0,2026-08-10T23:21:31Z,False
2005,CIN,Cincinnati Bengals,Marvin Lewis,Marvin Lewis,Bob Bratkowski,Bob Bratkowski,Bob Bratkowski,Bob Bratkowski,offensive_coordinator,False,False,False,False,https://en.wikipedia.org/wiki/2005_Cincinnati_Bengals_season,1368545515,2026-08-09T18:23:47Z,https://en.wikipedia.org/wiki/Bob_Bratkowski,1363891815.0,2026-07-13T03:18:47Z,False
2005,CLE,Cleveland Browns,Romeo Crennel,Romeo Crennel,Maurice Carthon,Maurice Carthon,Maurice Carthon,Maurice Carthon,offensive_coordinator,False,True,True,False,https://en.wikipedia.org/wiki/2005_Cleveland_Browns_season,1359978186,2026-06-18T12:58:42Z,https://en.wikipedia.org/wiki/Maurice_Carthon,1368519438.0,2026-08-09T14:55:00Z,False
2005,DAL,Dallas Cowboys,Bill Parcells,Bill Parcells,,,Bill Parcells,Bill Parcells,hc_fallback_no_oc_documented,False,False,,False,https://en.wikipedia.org/wiki/2005_Dallas_Cowboys_season,1341386841,2026-03-02T23:19:45Z,,,,True
2005,DEN,Denver Broncos,Mike Shanahan,Mike Shanahan,Gary Kubiak,Gary Kubiak,Mike Shanahan,Mike Shanahan,hc_prior_offensive_coordinator,True,False,False,False,https://en.wikipedia.org/wiki/2005_Denver_Broncos_season,1360407579,2026-06-21T08:49:30Z,https://en.wikipedia.org/wiki/Mike_Shanahan,1372773449.0,2026-09-02T05:30:07Z,False
2005,DET,Detroit Lions,Steve Mariucci,Steve Mariucci,Ted Tollner,Ted Tollner,Steve Mariucci,Steve Mariucci,hc_prior_offensive_coordinator,True,False,True,True,https://en.wikipedia.org/wiki/2005_Detroit_Lions_season,1359210310,2026-06-13T21:12:40Z,https://en.wikipedia.org/wiki/Steve_Mariucci,1372421158.0,2026-08-31T17:39:45Z,True
2005,GB,Green Bay Packers,Mike Sherman,Mike Sherman,Tom Rossley,Tom Rossley,Mike Sherman,Mike Sherman,hc_prior_offensive_coordinator,True,False,False,False,https://en.wikipedia.org/wiki/2005_Green_Bay_Packers_season,1361031900,2026-06-25T05:15:33Z,https://en.wikipedia.org/wiki/Mike_Sherman,1358905762.0,2026-06-11T19:02:49Z,False
2005,HOU,Houston Texans,Dom Capers,Dom Capers,Chris Palmer,Chris Palmer (American football),Chris Palmer,Chris Palmer (American football),offensive_coordinator,False,False,False,False,https://en.wikipedia.org/wiki/2005_Houston_Texans_season,1358580983,2026-06-09T16:47:24Z,https://en.wikipedia.org/wiki/Chris_Palmer_(American_football),1371145578.0,2026-08-24T21:29:23Z,False
2005,IND,Indianapolis Colts,Tony Dungy,Tony Dungy,,,Tony Dungy,Tony Dungy,hc_fallback_no_oc_documented,False,False,,False,https://en.wikipedia.org/wiki/2005_Indianapolis_Colts_season,1369589732,2026-08-15T22:47:35Z,https://en.wikipedia.org/wiki/Tony_Dungy,1369945646.0,2026-08-18T04:33:51Z,True
2005,JAX,Jacksonville Jaguars,Jack Del Rio,Jack Del Rio,Carl Smith,Carl Smith (American football),Carl Smith,Carl Smith (American football),offensive_coordinator,False,False,True,False,https://en.wikipedia.org/wiki/2005_Jacksonville_Jaguars_season,1365746788,2026-07-24T05:39:43Z,https://en.wikipedia.org/wiki/Carl_Smith_(American_football),1358275048.0,2026-06-07T18:21:55Z,False
2005,KC,Kansas City Chiefs,Dick Vermeil,Dick Vermeil,Al Saunders,Al Saunders,Dick Vermeil,Dick Vermeil,hc_prior_offensive_coordinator,True,False,False,False,https://en.wikipedia.org/wiki/2005_Kansas_City_Chiefs_season,1370501877,2026-08-21T13:41:24Z,https://en.wikipedia.org/wiki/Dick_Vermeil,1367619607.0,2026-08-04T04:35:19Z,False
2005,LAC,San Diego Chargers,Marty Schottenheimer,Marty Schottenheimer,Cam Cameron,Cam Cameron,Cam Cameron,Cam Cameron,offensive_coordinator,False,False,False,False,https://en.wikipedia.org/wiki/2005_San_Diego_Chargers_season,1341205865,2026-03-02T00:54:24Z,https://en.wikipedia.org/wiki/Cam_Cameron,1370827888.0,2026-08-23T08:00:01Z,False
2005,LAR,St. Louis Rams,Mike Martz,Mike Martz,,,Mike Martz,Mike Martz,hc_prior_offensive_coordinator,True,False,,True,https://en.wikipedia.org/wiki/2005_St._Louis_Rams_season,1372946238,2026-09-03T03:14:40Z,https://en.wikipedia.org/wiki/Mike_Martz,1370995800.0,2026-08-24T02:23:13Z,True
2005,LV,Oakland Raiders,Norv Turner,Norv Turner,Jimmy Raye,Jimmy Raye II,Norv Turner,Norv Turner,hc_prior_offensive_coordinator,True,False,False,False,https://en.wikipedia.org/wiki/2005_Oakland_Raiders_season,1368815853,2026-08-11T07:21:33Z,https://en.wikipedia.org/wiki/Norv_Turner,1354047840.0,2026-05-14T00:32:05Z,False
2005,MIA,Miami Dolphins,Nick Saban,Nick Saban,Scott Linehan,Scott Linehan,Scott Linehan,Scott Linehan,offensive_coordinator,False,True,True,False,https://en.wikipedia.org/wiki/2005_Miami_Dolphins_season,1354491249,2026-05-16T19:31:05Z,https://en.wikipedia.org/wiki/Scott_Linehan,1367212094.0,2026-08-01T19:06:47Z,False
2005,MIN,Minnesota Vikings,Mike Tice,Mike Tice,,,Mike Tice,Mike Tice,hc_fallback_no_oc_documented,False,False,,False,https://en.wikipedia.org/wiki/2005_Minnesota_Vikings_season,1360215426,2026-06-20T00:02:05Z,https://en.wikipedia.org/wiki/Mike_Tice,1350311625.0,2026-04-21T06:05:10Z,True
2005,NE,New England Patriots,Bill Belichick,Bill Belichick,,,Bill Belichick,Bill Belichick,hc_fallback_no_oc_documented,False,False,True,False,https://en.wikipedia.org/wiki/2005_New_England_Patriots_season,1366273157,2026-07-27T03:09:21Z,https://en.wikipedia.org/wiki/Bill_Belichick,1372262973.0,2026-08-31T02:00:03Z,True
2005,NO,New Orleans Saints,Jim Haslett,Jim Haslett,Mike Sheppard,Mike Sheppard (American football),Mike Sheppard,Mike Sheppard (American football),offensive_coordinator,False,False,True,False,https://en.wikipedia.org/wiki/2005_New_Orleans_Saints_season,1368442094,2026-08-09T01:56:20Z,https://en.wikipedia.org/wiki/Mike_Sheppard_(American_football),1352998774.0,2026-05-07T14:58:50Z,False
2005,NYG,New York Giants,Tom Coughlin,Tom Coughlin,,,Tom Coughlin,Tom Coughlin,hc_prior_offensive_coordinator,True,False,,False,https://en.wikipedia.org/wiki/2005_New_York_Giants_season,1368442105,2026-08-09T01:56:25Z,https://en.wikipedia.org/wiki/Tom_Coughlin,1372452084.0,2026-08-31T20:24:49Z,True
2005,NYJ,New York Jets,Herman Edwards,Herman Edwards,Mike Heimerdinger,Mike Heimerdinger,Mike Heimerdinger,Mike Heimerdinger,offensive_coordinator,False,False,True,False,https://en.wikipedia.org/wiki/2005_New_York_Jets_season,1341192104,2026-03-01T23:43:24Z,,,,True
2005,PHI,Philadelphia Eagles,Andy Reid,Andy Reid,Marty Mornhinweg,Marty Mornhinweg,Marty Mornhinweg,Marty Mornhinweg,offensive_coordinator,False,False,True,False,https://en.wikipedia.org/wiki/2005_Philadelphia_Eagles_season,1341186850,2026-03-01T23:11:24Z,https://en.wikipedia.org/wiki/Marty_Mornhinweg,1370859358.0,2026-08-23T12:57:01Z,False
2005,PIT,Pittsburgh Steelers,Bill Cowher,Bill Cowher,Ken Whisenhunt,Ken Whisenhunt,Ken Whisenhunt,Ken Whisenhunt,offensive_coordinator,False,False,False,False,https://en.wikipedia.org/wiki/2005_Pittsburgh_Steelers_season,1372971070,2026-09-03T07:06:38Z,https://en.wikipedia.org/wiki/Ken_Whisenhunt,1371317123.0,2026-08-25T21:43:45Z,False
2005,SEA,Seattle Seahawks,Mike Holmgren,Mike Holmgren,Gil Haskell,Gil Haskell,Mike Holmgren,Mike Holmgren,hc_prior_offensive_coordinator,True,False,False,False,https://en.wikipedia.org/wiki/2005_Seattle_Seahawks_season,1369982031,2026-08-18T11:29:05Z,https://en.wikipedia.org/wiki/Mike_Holmgren,1367196207.0,2026-08-01T16:51:31Z,False
2005,SF,San Francisco 49ers,Mike Nolan,,Mike McCarthy,Mike McCarthy,Mike McCarthy,Mike McCarthy,offensive_coordinator,False,,,False,https://en.wikipedia.org/wiki/2005_San_Francisco_49ers_season,1368597579,2026-08-10T01:06:33Z,https://en.wikipedia.org/wiki/Mike_McCarthy,1370780074.0,2026-08-23T01:59:00Z,False
2005,TB,Tampa Bay Buccaneers,Jon Gruden,Jon Gruden,,,Jon Gruden,Jon Gruden,hc_prior_offensive_coordinator,True,False,,False,https://en.wikipedia.org/wiki/2005_Tampa_Bay_Buccaneers_season,1345369641,2026-03-25T19:15:41Z,https://en.wikipedia.org/wiki/Jon_Gruden,1371040660.0,2026-08-24T06:31:13Z,True
2005,TEN,Tennessee Titans,Jeff Fisher,Jeff Fisher,Norm Chow,Norm Chow,Norm Chow,Norm Chow,offensive_coordinator,False,False,True,False,https://en.wikipedia.org/wiki/2005_Tennessee_Titans_season,1341328126,2026-03-02T16:18:55Z,https://en.wikipedia.org/wiki/Norm_Chow,1358400538.0,2026-06-08T12:55:11Z,False
2005,WAS,Washington Redskins,Joe Gibbs,,Don Breaux,Don Breaux,Don Breaux,Don Breaux,offensive_coordinator,False,True,False,False,https://en.wikipedia.org/wiki/2005_Washington_Redskins_season,1341317651,2026-03-02T14:58:39Z,https://en.wikipedia.org/wiki/Don_Breaux,1366352026.0,2026-07-27T14:36:29Z,False
2006,ARI,Arizona Cardinals,Dennis Green,Dennis Green,Keith Rowen,Keith Rowen,Dennis Green,Dennis Green,hc_prior_offensive_coordinator,True,False,False,False,https://en.wikipedia.org/wiki/2006_Arizona_Cardinals_season,1368769357,2026-08-11T00:53:11Z,https://en.wikipedia.org/wiki/Dennis_Green,1369881539.0,2026-08-17T19:41:28Z,False
2006,ATL,Atlanta Falcons,Jim Mora,Jim L. Mora,Greg Knapp,Greg Knapp,Greg Knapp,Greg Knapp,offensive_coordinator,False,False,False,False,https://en.wikipedia.org/wiki/2006_Atlanta_Falcons_season,1360208738,2026-06-19T23:04:24Z,https://en.wikipedia.org/wiki/Greg_Knapp,1335626221.0,2026-01-30T07:01:25Z,False
2006,BAL,Baltimore Ravens,Brian Billick,Brian Billick,Jim Fassel,Jim Fassel,Brian Billick,Brian Billick,hc_prior_offensive_coordinator,True,False,False,False,https://en.wikipedia.org/wiki/2006_Baltimore_Ravens_season,1360208789,2026-06-19T23:04:46Z,https://en.wikipedia.org/wiki/Brian_Billick,1366176925.0,2026-07-26T19:02:04Z,False
2006,BUF,Buffalo Bills,Dick Jauron,Dick Jauron,Steve Fairchild,Steve Fairchild,Steve Fairchild,Steve Fairchild,offensive_coordinator,False,True,True,False,https://en.wikipedia.org/wiki/2006_Buffalo_Bills_season,1341139345,2026-03-01T17:59:39Z,https://en.wikipedia.org/wiki/Steve_Fairchild,1315136726.0,2025-10-05T01:44:07Z,False
2006,CAR,Carolina Panthers,John Fox,John Fox (American football),Dan Henning,Dan Henning,Dan Henning,Dan Henning,offensive_coordinator,False,False,False,False,https://en.wikipedia.org/wiki/2006_Carolina_Panthers_season,1359319302,2026-06-14T16:00:46Z,https://en.wikipedia.org/wiki/Dan_Henning,1366044797.0,2026-07-25T23:33:18Z,False
2006,CHI,Chicago Bears,Lovie Smith,Lovie Smith,Ron Turner,Ron Turner (American football),Ron Turner,Ron Turner (American football),offensive_coordinator,False,False,False,False,https://en.wikipedia.org/wiki/2006_Chicago_Bears_season,1368685461,2026-08-10T14:15:01Z,https://en.wikipedia.org/wiki/Ron_Turner_(American_football),1368757526.0,2026-08-10T23:21:31Z,False
2006,CIN,Cincinnati Bengals,Marvin Lewis,Marvin Lewis,Bob Bratkowski,Bob Bratkowski,Bob Bratkowski,Bob Bratkowski,offensive_coordinator,False,False,False,False,https://en.wikipedia.org/wiki/2006_Cincinnati_Bengals_season,1364121601,2026-07-14T16:56:50Z,https://en.wikipedia.org/wiki/Bob_Bratkowski,1363891815.0,2026-07-13T03:18:47Z,False
2006,CLE,Cleveland Browns,Romeo Crennel,Romeo Crennel,Maurice Carthon,Maurice Carthon,Maurice Carthon,Maurice Carthon,offensive_coordinator,False,False,False,False,https://en.wikipedia.org/wiki/2006_Cleveland_Browns_season,1341394942,2026-03-03T00:31:23Z,https://en.wikipedia.org/wiki/Maurice_Carthon,1368519438.0,2026-08-09T14:55:00Z,False
2006,DAL,Dallas Cowboys,Bill Parcells,Bill Parcells,,,Bill Parcells,Bill Parcells,hc_fallback_no_oc_documented,False,False,,False,https://en.wikipedia.org/wiki/2006_Dallas_Cowboys_season,1341386854,2026-03-02T23:19:55Z,,,,True
2006,DEN,Denver Broncos,Mike Shanahan,Mike Shanahan,Rick Dennison,Rick Dennison,Mike Shanahan,Mike Shanahan,hc_prior_offensive_coordinator,True,False,True,False,https://en.wikipedia.org/wiki/2006_Denver_Broncos_season,1366662598,2026-07-29T11:05:08Z,https://en.wikipedia.org/wiki/Mike_Shanahan,1372773449.0,2026-09-02T05:30:07Z,False
2006,DET,Detroit Lions,Rod Marinelli,Rod Marinelli,Mike Martz,Mike Martz,Mike Martz,Mike Martz,offensive_coordinator,False,True,True,False,https://en.wikipedia.org/wiki/2006_Detroit_Lions_season,1366788977,2026-07-30T06:36:48Z,https://en.wikipedia.org/wiki/Mike_Martz,1370995800.0,2026-08-24T02:23:13Z,False
2006,GB,Green Bay Packers,Mike McCarthy,Mike McCarthy,Jeff Jagodzinski,Jeff Jagodzinski,Mike McCarthy,Mike McCarthy,hc_prior_offensive_coordinator,True,True,True,False,https://en.wikipedia.org/wiki/2006_Green_Bay_Packers_season,1366161646,2026-07-26T17:20:42Z,https://en.wikipedia.org/wiki/Mike_McCarthy,1370780074.0,2026-08-23T01:59:00Z,False
2006,HOU,Houston Texans,Gary Kubiak,Gary Kubiak,,,Gary Kubiak,Gary Kubiak,hc_prior_offensive_coordinator,True,True,True,False,https://en.wikipedia.org/wiki/2006_Houston_Texans_season,1360415015,2026-06-21T10:22:47Z,https://en.wikipedia.org/wiki/Gary_Kubiak,1370838987.0,2026-08-23T09:54:52Z,True
2006,IND,Indianapolis Colts,Tony Dungy,Tony Dungy,Tom Moore,"Tom Moore (American football coach, born 1938)",Tom Moore,"Tom Moore (American football coach, born 1938)",offensive_coordinator,False,False,,False,https://en.wikipedia.org/wiki/2006_Indianapolis_Colts_season,1368726354,2026-08-10T19:15:42Z,"https://en.wikipedia.org/wiki/Tom_Moore_(American_football_coach,_born_1938)",1364279725.0,2026-07-15T16:51:14Z,False
2006,JAX,Jacksonville Jaguars,Jack Del Rio,Jack Del Rio,Carl Smith,Carl Smith (American football),Carl Smith,Carl Smith (American football),offensive_coordinator,False,False,False,False,https://en.wikipedia.org/wiki/2006_Jacksonville_Jaguars_season,1352410142,2026-05-04T01:24:19Z,https://en.wikipedia.org/wiki/Carl_Smith_(American_football),1358275048.0,2026-06-07T18:21:55Z,False
2006,KC,Kansas City Chiefs,Herm Edwards,Herm Edwards,Mike Solari,Mike Solari,Mike Solari,Mike Solari,offensive_coordinator,False,True,True,False,https://en.wikipedia.org/wiki/2006_Kansas_City_Chiefs_season,1347901744,2026-04-09T14:18:33Z,https://en.wikipedia.org/wiki/Mike_Solari,1357346284.0,2026-06-02T03:23:31Z,False
2006,LAC,San Diego Chargers,Marty Schottenheimer,Marty Schottenheimer,Cam Cameron,Cam Cameron,Cam Cameron,Cam Cameron,offensive_coordinator,False,False,False,False,https://en.wikipedia.org/wiki/2006_San_Diego_Chargers_season,1368305448,2026-08-08T07:58:49Z,https://en.wikipedia.org/wiki/Cam_Cameron,1370827888.0,2026-08-23T08:00:01Z,False
2006,LAR,St. Louis Rams,Scott Linehan,Scott Linehan,Greg Olson,Greg Olson (American football),Scott Linehan,Scott Linehan,hc_prior_offensive_coordinator,True,True,,False,https://en.wikipedia.org/wiki/2006_St._Louis_Rams_season,1358101772,2026-06-06T15:40:40Z,https://en.wikipedia.org/wiki/Scott_Linehan,1367212094.0,2026-08-01T19:06:47Z,False
2006,MIA,Miami Dolphins,John Gamble,John Gamble (American football),Mike Mularkey,Mike Mularkey,Mike Mularkey,Mike Mularkey,offensive_coordinator,False,True,True,False,https://en.wikipedia.org/wiki/2006_Miami_Dolphins_season,1341326402,2026-03-02T16:07:17Z,https://en.wikipedia.org/wiki/Mike_Mularkey,1342382734.0,2026-03-08T17:25:44Z,False
2006,MIN,Minnesota Vikings,Brad Childress,Brad Childress,Darrell Bevell,Darrell Bevell,Brad Childress,Brad Childress,hc_prior_offensive_coordinator,True,True,,False,https://en.wikipedia.org/wiki/2006_Minnesota_Vikings_season,1370558936,2026-08-21T20:55:07Z,https://en.wikipedia.org/wiki/Brad_Childress,1372939852.0,2026-09-03T02:23:25Z,False
2006,NE,New England Patriots,Bill Belichick,Bill Belichick,,,Bill Belichick,Bill Belichick,hc_fallback_no_oc_documented,False,False,,False,https://en.wikipedia.org/wiki/2006_New_England_Patriots_season,1368456875,2026-08-09T04:13:29Z,https://en.wikipedia.org/wiki/Bill_Belichick,1372262973.0,2026-08-31T02:00:03Z,True
2006,NO,New Orleans Saints,Sean Payton,Sean Payton,Doug Marrone,Doug Marrone,Doug Marrone,Doug Marrone,offensive_coordinator,False,True,True,False,https://en.wikipedia.org/wiki/2006_New_Orleans_Saints_season,1371810759,2026-08-28T16:09:43Z,https://en.wikipedia.org/wiki/Doug_Marrone,1365995958.0,2026-07-25T17:17:59Z,False
2006,NYG,New York Giants,Tom Coughlin,Tom Coughlin,John Hufnagel,John Hufnagel,Tom Coughlin,Tom Coughlin,hc_prior_offensive_coordinator,True,False,,False,https://en.wikipedia.org/wiki/2006_New_York_Giants_season,1347005776,2026-04-04T03:29:07Z,https://en.wikipedia.org/wiki/Tom_Coughlin,1372452084.0,2026-08-31T20:24:49Z,False
2006,NYJ,New York Jets,Eric Mangini,Eric Mangini,Brian Schottenheimer,Brian Schottenheimer,Brian Schottenheimer,Brian Schottenheimer,offensive_coordinator,False,True,True,False,https://en.wikipedia.org/wiki/2006_New_York_Jets_season,1356584242,2026-05-28T17:43:47Z,https://en.wikipedia.org/wiki/Brian_Schottenheimer,1365068709.0,2026-07-20T02:46:52Z,False
2006,PHI,Philadelphia Eagles,Andy Reid,Andy Reid,Marty Mornhinweg,Marty Mornhinweg,Marty Mornhinweg,Marty Mornhinweg,offensive_coordinator,False,False,False,False,https://en.wikipedia.org/wiki/2006_Philadelphia_Eagles_season,1372970427,2026-09-03T06:57:46Z,https://en.wikipedia.org/wiki/Marty_Mornhinweg,1370859358.0,2026-08-23T12:57:01Z,False
2006,PIT,Pittsburgh Steelers,Bill Cowher,Bill Cowher,Ken Whisenhunt,Ken Whisenhunt,Ken Whisenhunt,Ken Whisenhunt,offensive_coordinator,False,False,False,False,https://en.wikipedia.org/wiki/2006_Pittsburgh_Steelers_season,1367107026,2026-08-01T01:20:16Z,https://en.wikipedia.org/wiki/Ken_Whisenhunt,1371317123.0,2026-08-25T21:43:45Z,False
2006,SEA,Seattle Seahawks,Mike Holmgren,Mike Holmgren,Gil Haskell,Gil Haskell,Mike Holmgren,Mike Holmgren,hc_prior_offensive_coordinator,True,False,False,False,https://en.wikipedia.org/wiki/2006_Seattle_Seahawks_season,1350971230,2026-04-25T04:00:24Z,https://en.wikipedia.org/wiki/Mike_Holmgren,1367196207.0,2026-08-01T16:51:31Z,False
2006,SF,San Francisco 49ers,Mike Nolan,,Norv Turner,Norv Turner,Norv Turner,Norv Turner,offensive_coordinator,False,True,True,False,https://en.wikipedia.org/wiki/2006_San_Francisco_49ers_season,1366699115,2026-07-29T16:45:27Z,https://en.wikipedia.org/wiki/Norv_Turner,1354047840.0,2026-05-14T00:32:05Z,False
2006,TB,Tampa Bay Buccaneers,Jon Gruden,Jon Gruden,,,Jon Gruden,Jon Gruden,hc_prior_offensive_coordinator,True,False,,False,https://en.wikipedia.org/wiki/2006_Tampa_Bay_Buccaneers_season,1341180849,2026-03-01T22:34:04Z,https://en.wikipedia.org/wiki/Jon_Gruden,1371040660.0,2026-08-24T06:31:13Z,True
2006,TEN,Tennessee Titans,Jeff Fisher,Jeff Fisher,Norm Chow,Norm Chow,Norm Chow,Norm Chow,offensive_coordinator,False,False,False,False,https://en.wikipedia.org/wiki/2006_Tennessee_Titans_season,1348168457,2026-04-11T02:54:21Z,https://en.wikipedia.org/wiki/Norm_Chow,1358400538.0,2026-06-08T12:55:11Z,False
2006,WAS,Washington Redskins,Joe Gibbs,,Al Saunders,Al Saunders,Al Saunders,Al Saunders,offensive_coordinator,False,True,True,False,https://en.wikipedia.org/wiki/2006_Washington_Redskins_season,1341317669,2026-03-02T14:58:48Z,https://en.wikipedia.org/wiki/Al_Saunders,1344029967.0,2026-03-17T21:39:39Z,False
2007,ARI,Arizona Cardinals,Ken Whisenhunt,Ken Whisenhunt,Todd Haley,Todd Haley,Ken Whisenhunt,Ken Whisenhunt,hc_prior_offensive_coordinator,True,True,True,False,https://en.wikipedia.org/wiki/2007_Arizona_Cardinals_season,1357687982,2026-06-04T02:13:23Z,https://en.wikipedia.org/wiki/Ken_Whisenhunt,1371317123.0,2026-08-25T21:43:45Z,False
2007,ATL,Atlanta Falcons,Bobby Petrino,Bobby Petrino,Hue Jackson,Hue Jackson,Hue Jackson,Hue Jackson,offensive_coordinator,False,True,True,True,https://en.wikipedia.org/wiki/2007_Atlanta_Falcons_season,1360208247,2026-06-19T23:00:03Z,https://en.wikipedia.org/wiki/Hue_Jackson,1372654510.0,2026-09-01T17:20:33Z,True
2007,BAL,Baltimore Ravens,Brian Billick,Brian Billick,Rick Neuheisel,Rick Neuheisel,Brian Billick,Brian Billick,hc_prior_offensive_coordinator,True,False,True,False,https://en.wikipedia.org/wiki/2007_Baltimore_Ravens_season,1353323324,2026-05-09T16:01:03Z,https://en.wikipedia.org/wiki/Brian_Billick,1366176925.0,2026-07-26T19:02:04Z,False
2007,BUF,Buffalo Bills,Dick Jauron,Dick Jauron,Steve Fairchild,Steve Fairchild,Steve Fairchild,Steve Fairchild,offensive_coordinator,False,False,False,False,https://en.wikipedia.org/wiki/2007_Buffalo_Bills_season,1342019504,2026-03-06T14:25:51Z,https://en.wikipedia.org/wiki/Steve_Fairchild,1315136726.0,2025-10-05T01:44:07Z,False
2007,CAR,Carolina Panthers,John Fox,John Fox (American football),Jeff Davidson,Jeff Davidson,Jeff Davidson,Jeff Davidson,offensive_coordinator,False,False,True,False,https://en.wikipedia.org/wiki/2007_Carolina_Panthers_season,1341321454,2026-03-02T15:27:19Z,https://en.wikipedia.org/wiki/Jeff_Davidson,1350303011.0,2026-04-21T05:01:32Z,False
2007,CHI,Chicago Bears,Lovie Smith,Lovie Smith,Ron Turner,Ron Turner (football coach),Ron Turner,Ron Turner (football coach),offensive_coordinator,False,False,True,False,https://en.wikipedia.org/wiki/2007_Chicago_Bears_season,1369943795,2026-08-18T04:13:34Z,,,,True
2007,CIN,Cincinnati Bengals,Marvin Lewis,Marvin Lewis,Bob Bratkowski,Bob Bratkowski,Bob Bratkowski,Bob Bratkowski,offensive_coordinator,False,False,False,False,https://en.wikipedia.org/wiki/2007_Cincinnati_Bengals_season,1341233684,2026-03-02T03:18:00Z,https://en.wikipedia.org/wiki/Bob_Bratkowski,1363891815.0,2026-07-13T03:18:47Z,False
2007,CLE,Cleveland Browns,Romeo Crennel,Romeo Crennel,Rob Chudzinski,Rob Chudzinski,Rob Chudzinski,Rob Chudzinski,offensive_coordinator,False,False,True,False,https://en.wikipedia.org/wiki/2007_Cleveland_Browns_season,1371508819,2026-08-26T21:51:01Z,https://en.wikipedia.org/wiki/Rob_Chudzinski,1366906141.0,2026-07-30T21:16:17Z,False
2007,DAL,Dallas Cowboys,Wade Phillips,Wade Phillips,Jason Garrett,Jason Garrett,Jason Garrett,Jason Garrett,offensive_coordinator,False,True,,False,https://en.wikipedia.org/wiki/2007_Dallas_Cowboys_season,1341386879,2026-03-02T23:20:05Z,https://en.wikipedia.org/wiki/Jason_Garrett,1371019151.0,2026-08-24T04:12:17Z,False
2007,DEN,Denver Broncos,Mike Shanahan,Mike Shanahan,Rick Dennison,Rick Dennison,Mike Shanahan,Mike Shanahan,hc_prior_offensive_coordinator,True,False,False,False,https://en.wikipedia.org/wiki/2007_Denver_Broncos_season,1354592927,2026-05-17T08:28:38Z,https://en.wikipedia.org/wiki/Mike_Shanahan,1372773449.0,2026-09-02T05:30:07Z,False
2007,DET,Detroit Lions,Rod Marinelli,Rod Marinelli,Mike Martz,Mike Martz,Mike Martz,Mike Martz,offensive_coordinator,False,False,False,False,https://en.wikipedia.org/wiki/2007_Detroit_Lions_season,1341174357,2026-03-01T21:49:56Z,https://en.wikipedia.org/wiki/Mike_Martz,1370995800.0,2026-08-24T02:23:13Z,False
2007,HOU,Houston Texans,Gary Kubiak,Gary Kubiak,Mike Sherman,Mike Sherman,Gary Kubiak,Gary Kubiak,hc_prior_offensive_coordinator,True,False,,False,https://en.wikipedia.org/wiki/2007_Houston_Texans_season,1358580988,2026-06-09T16:47:28Z,https://en.wikipedia.org/wiki/Gary_Kubiak,1370838987.0,2026-08-23T09:54:52Z,False
2007,IND,Indianapolis Colts,Tony Dungy,Tony Dungy,Tom Moore,"Tom Moore (American football coach, born 1938)",Tom Moore,"Tom Moore (American football coach, born 1938)",offensive_coordinator,False,False,False,False,https://en.wikipedia.org/wiki/2007_Indianapolis_Colts_season,1365204698,2026-07-20T23:37:46Z,"https://en.wikipedia.org/wiki/Tom_Moore_(American_football_coach,_born_1938)",1364279725.0,2026-07-15T16:51:14Z,False
2007,JAX,Jacksonville Jaguars,Jack Del Rio,Jack Del Rio,Dirk Koetter,Dirk Koetter,Dirk Koetter,Dirk Koetter,offensive_coordinator,False,False,True,False,https://en.wikipedia.org/wiki/2007_Jacksonville_Jaguars_season,1370622552,2026-08-22T03:40:57Z,https://en.wikipedia.org/wiki/Dirk_Koetter,1329236647.0,2025-12-24T17:12:45Z,False
2007,KC,Kansas City Chiefs,Herm Edwards,Herm Edwards,Mike Solari,Mike Solari,Mike Solari,Mike Solari,offensive_coordinator,False,False,False,False,https://en.wikipedia.org/wiki/2007_Kansas_City_Chiefs_season,1368938212,2026-08-11T23:56:43Z,https://en.wikipedia.org/wiki/Mike_Solari,1357346284.0,2026-06-02T03:23:31Z,False
2007,LAC,San Diego Chargers,Norv Turner,Norv Turner,Clarence Shelmon,Clarence Shelmon,Norv Turner,Norv Turner,hc_prior_offensive_coordinator,True,True,True,False,https://en.wikipedia.org/wiki/2007_San_Diego_Chargers_season,1357143648,2026-06-01T00:27:20Z,https://en.wikipedia.org/wiki/Norv_Turner,1354047840.0,2026-05-14T00:32:05Z,False
2007,LAR,St. Louis Rams,Scott Linehan,Scott Linehan,Greg Olson,Greg Olson (American football),Scott Linehan,Scott Linehan,hc_prior_offensive_coordinator,True,False,False,False,https://en.wikipedia.org/wiki/2007_St._Louis_Rams_season,1357687877,2026-06-04T02:13:01Z,https://en.wikipedia.org/wiki/Scott_Linehan,1367212094.0,2026-08-01T19:06:47Z,False
2007,LV,Oakland Raiders,Lane Kiffin,Lane Kiffin,Greg Knapp,Greg Knapp,Greg Knapp,Greg Knapp,offensive_coordinator,False,,,False,https://en.wikipedia.org/wiki/2007_Oakland_Raiders_season,1350928941,2026-04-24T21:54:38Z,https://en.wikipedia.org/wiki/Greg_Knapp,1335626221.0,2026-01-30T07:01:25Z,False
2007,MIA,Miami Dolphins,Cam Cameron,Cam Cameron,,,Cam Cameron,Cam Cameron,hc_fallback_no_oc_documented,False,True,True,False,https://en.wikipedia.org/wiki/2007_Miami_Dolphins_season,1369942955,2026-08-18T04:03:22Z,https://en.wikipedia.org/wiki/Cam_Cameron,1370827888.0,2026-08-23T08:00:01Z,True
2007,MIN,Minnesota Vikings,Brad Childress,Brad Childress,Darrell Bevell,Darrell Bevell,Brad Childress,Brad Childress,hc_prior_offensive_coordinator,True,False,False,False,https://en.wikipedia.org/wiki/2007_Minnesota_Vikings_season,1357143740,2026-06-01T00:28:24Z,https://en.wikipedia.org/wiki/Brad_Childress,1372939852.0,2026-09-03T02:23:25Z,False
2007,NE,New England Patriots,Bill Belichick,Bill Belichick,Josh McDaniels,Josh McDaniels,Josh McDaniels,Josh McDaniels,offensive_coordinator,False,False,,False,https://en.wikipedia.org/wiki/2007_New_England_Patriots_season,1371508821,2026-08-26T21:51:04Z,,,,True
2007,NO,New Orleans Saints,Sean Payton,Sean Payton,,,Sean Payton,Sean Payton,hc_fallback_no_oc_documented,False,False,True,False,https://en.wikipedia.org/wiki/2007_New_Orleans_Saints_season,1341200852,2026-03-02T00:28:26Z,,,,True
2007,NYG,New York Giants,Tom Coughlin,Tom Coughlin,Kevin Gilbride,Kevin Gilbride,Tom Coughlin,Tom Coughlin,hc_prior_offensive_coordinator,True,False,True,False,https://en.wikipedia.org/wiki/2007_New_York_Giants_season,1372606966,2026-09-01T12:48:05Z,https://en.wikipedia.org/wiki/Tom_Coughlin,1372452084.0,2026-08-31T20:24:49Z,False
2007,NYJ,New York Jets,Eric Mangini,Eric Mangini,Brian Schottenheimer,Brian Schottenheimer,Brian Schottenheimer,Brian Schottenheimer,offensive_coordinator,False,False,False,False,https://en.wikipedia.org/wiki/2007_New_York_Jets_season,1356584836,2026-05-28T17:48:00Z,https://en.wikipedia.org/wiki/Brian_Schottenheimer,1365068709.0,2026-07-20T02:46:52Z,False
2007,PHI,Philadelphia Eagles,Andy Reid,Andy Reid,Marty Mornhinweg,Marty Mornhinweg,Marty Mornhinweg,Marty Mornhinweg,offensive_coordinator,False,False,False,False,https://en.wikipedia.org/wiki/2007_Philadelphia_Eagles_season,1341186899,2026-03-01T23:11:40Z,https://en.wikipedia.org/wiki/Marty_Mornhinweg,1370859358.0,2026-08-23T12:57:01Z,False
2007,PIT,Pittsburgh Steelers,Mike Tomlin,Mike Tomlin,Bruce Arians,Bruce Arians,Bruce Arians,Bruce Arians,offensive_coordinator,False,True,True,False,https://en.wikipedia.org/wiki/2007_Pittsburgh_Steelers_season,1360208205,2026-06-19T22:59:38Z,,,,True
2007,SEA,Seattle Seahawks,Mike Holmgren,Mike Holmgren,Gil Haskell,Gil Haskell,Mike Holmgren,Mike Holmgren,hc_prior_offensive_coordinator,True,False,False,False,https://en.wikipedia.org/wiki/2007_Seattle_Seahawks_season,1366725015,2026-07-29T20:24:04Z,https://en.wikipedia.org/wiki/Mike_Holmgren,1367196207.0,2026-08-01T16:51:31Z,False
2007,SF,San Francisco 49ers,Mike Nolan,,Jim Hostler,Jim Hostler,Jim Hostler,Jim Hostler,offensive_coordinator,False,True,True,False,https://en.wikipedia.org/wiki/2007_San_Francisco_49ers_season,1365712405,2026-07-24T00:50:23Z,https://en.wikipedia.org/wiki/Jim_Hostler,1340723460.0,2026-02-27T07:54:31Z,False
2007,TB,Tampa Bay Buccaneers,Jon Gruden,Jon Gruden,Bill Muir,Bill Muir,Jon Gruden,Jon Gruden,hc_prior_offensive_coordinator,True,False,,False,https://en.wikipedia.org/wiki/2007_Tampa_Bay_Buccaneers_season,1341180877,2026-03-01T22:34:13Z,https://en.wikipedia.org/wiki/Jon_Gruden,1371040660.0,2026-08-24T06:31:13Z,False
2007,TEN,Tennessee Titans,Jeff Fisher,Jeff Fisher,Norm Chow,Norm Chow,Norm Chow,Norm Chow,offensive_coordinator,False,False,False,False,https://en.wikipedia.org/wiki/2007_Tennessee_Titans_season,1368928916,2026-08-11T22:36:58Z,https://en.wikipedia.org/wiki/Norm_Chow,1358400538.0,2026-06-08T12:55:11Z,False
2007,WAS,Washington Redskins,Joe Gibbs,,Al Saunders,Al Saunders,Al Saunders,Al Saunders,offensive_coordinator,False,True,False,False,https://en.wikipedia.org/wiki/2007_Washington_Redskins_season,1341317690,2026-03-02T14:58:58Z,https://en.wikipedia.org/wiki/Al_Saunders,1344029967.0,2026-03-17T21:39:39Z,False
2008,ARI,Arizona Cardinals,Ken Whisenhunt,Ken Whisenhunt,Todd Haley,Todd Haley,Ken Whisenhunt,Ken Whisenhunt,hc_prior_offensive_coordinator,True,False,False,False,https://en.wikipedia.org/wiki/2008_Arizona_Cardinals_season,1372931053,2026-09-03T01:22:10Z,https://en.wikipedia.org/wiki/Ken_Whisenhunt,1371317123.0,2026-08-25T21:43:45Z,False
2008,ATL,Atlanta Falcons,Mike Smith,Mike Smith (American football coach),Mike Mularkey,Mike Mularkey,Mike Mularkey,Mike Mularkey,offensive_coordinator,False,True,True,False,https://en.wikipedia.org/wiki/2008_Atlanta_Falcons_season,1372852638,2026-09-02T16:17:41Z,https://en.wikipedia.org/wiki/Mike_Mularkey,1342382734.0,2026-03-08T17:25:44Z,False
2008,BAL,Baltimore Ravens,John Harbaugh,John Harbaugh (football coach),Cam Cameron,Cam Cameron,Cam Cameron,Cam Cameron,offensive_coordinator,False,True,True,False,https://en.wikipedia.org/wiki/2008_Baltimore_Ravens_season,1372856339,2026-09-02T16:40:35Z,https://en.wikipedia.org/wiki/Cam_Cameron,1370827888.0,2026-08-23T08:00:01Z,False
2008,BUF,Buffalo Bills,Dick Jauron,Dick Jauron,Turk Schonert,Turk Schonert,Turk Schonert,Turk Schonert,offensive_coordinator,False,False,True,False,https://en.wikipedia.org/wiki/2008_Buffalo_Bills_season,1357336177,2026-06-02T02:05:56Z,https://en.wikipedia.org/wiki/Turk_Schonert,1365734413.0,2026-07-24T03:33:00Z,False
2008,CAR,Carolina Panthers,John Fox,John Fox (American football),Jeff Davidson,Jeff Davidson,Jeff Davidson,Jeff Davidson,offensive_coordinator,False,False,False,False,https://en.wikipedia.org/wiki/2008_Carolina_Panthers_season,1357276295,2026-06-01T19:23:23Z,https://en.wikipedia.org/wiki/Jeff_Davidson,1350303011.0,2026-04-21T05:01:32Z,False
2008,CHI,Chicago Bears,Lovie Smith,Lovie Smith,Ron Turner,Ron Turner (football coach),Ron Turner,Ron Turner (football coach),offensive_coordinator,False,False,False,False,https://en.wikipedia.org/wiki/2008_Chicago_Bears_season,1368449949,2026-08-09T02:57:16Z,,,,True
2008,CIN,Cincinnati Bengals,Marvin Lewis,Marvin Lewis,Bob Bratkowski,Bob Bratkowski,Bob Bratkowski,Bob Bratkowski,offensive_coordinator,False,False,False,False,https://en.wikipedia.org/wiki/2008_Cincinnati_Bengals_season,1368463512,2026-08-09T05:09:51Z,https://en.wikipedia.org/wiki/Bob_Bratkowski,1363891815.0,2026-07-13T03:18:47Z,False
2008,CLE,Cleveland Browns,Romeo Crennel,Romeo Crennel,Rob Chudzinski,Rob Chudzinski,Rob Chudzinski,Rob Chudzinski,offensive_coordinator,False,False,False,False,https://en.wikipedia.org/wiki/2008_Cleveland_Browns_season,1341394983,2026-03-03T00:31:48Z,https://en.wikipedia.org/wiki/Rob_Chudzinski,1366906141.0,2026-07-30T21:16:17Z,False
2008,DEN,Denver Broncos,Mike Shanahan,Mike Shanahan,Rick Dennison,Rick Dennison,Mike Shanahan,Mike Shanahan,hc_prior_offensive_coordinator,True,False,False,False,https://en.wikipedia.org/wiki/2008_Denver_Broncos_season,1368987313,2026-08-12T06:12:38Z,https://en.wikipedia.org/wiki/Mike_Shanahan,1372773449.0,2026-09-02T05:30:07Z,False
2008,DET,Detroit Lions,Rod Marinelli,Rod Marinelli,Jim Colletto,Jim Colletto,Jim Colletto,Jim Colletto,offensive_coordinator,False,False,True,False,https://en.wikipedia.org/wiki/2008_Detroit_Lions_season,1369165781,2026-08-13T07:39:00Z,https://en.wikipedia.org/wiki/Jim_Colletto,1314286775.0,2025-09-30T16:47:49Z,False
2008,GB,Green Bay Packers,Mike McCarthy,Mike McCarthy,Joe Philbin,Joe Philbin,Mike McCarthy,Mike McCarthy,hc_prior_offensive_coordinator,True,,,False,https://en.wikipedia.org/wiki/2008_Green_Bay_Packers_season,1359240822,2026-06-14T01:40:31Z,https://en.wikipedia.org/wiki/Mike_McCarthy,1370780074.0,2026-08-23T01:59:00Z,False
2008,HOU,Houston Texans,Gary Kubiak,Gary Kubiak,,,Gary Kubiak,Gary Kubiak,hc_prior_offensive_coordinator,True,False,True,False,https://en.wikipedia.org/wiki/2008_Houston_Texans_season,1358582964,2026-06-09T17:03:03Z,https://en.wikipedia.org/wiki/Gary_Kubiak,1370838987.0,2026-08-23T09:54:52Z,True
2008,IND,Indianapolis Colts,Tony Dungy,Tony Dungy,Tom Moore,"Tom Moore (American football coach, born 1938)",Tom Moore,"Tom Moore (American football coach, born 1938)",offensive_coordinator,False,False,False,False,https://en.wikipedia.org/wiki/2008_Indianapolis_Colts_season,1341176306,2026-03-01T22:03:39Z,"https://en.wikipedia.org/wiki/Tom_Moore_(American_football_coach,_born_1938)",1364279725.0,2026-07-15T16:51:14Z,False
2008,KC,Kansas City Chiefs,Herm Edwards,Herm Edwards,Chan Gailey,Chan Gailey,Chan Gailey,Chan Gailey,offensive_coordinator,False,False,True,False,https://en.wikipedia.org/wiki/2008_Kansas_City_Chiefs_season,1366348911,2026-07-27T14:15:33Z,https://en.wikipedia.org/wiki/Chan_Gailey,1360092666.0,2026-06-19T04:52:15Z,False
2008,LAC,San Diego Chargers,Norv Turner,Norv Turner,Clarence Shelmon,Clarence Shelmon,Norv Turner,Norv Turner,hc_prior_offensive_coordinator,True,False,False,False,https://en.wikipedia.org/wiki/2008_San_Diego_Chargers_season,1360215293,2026-06-20T00:01:13Z,https://en.wikipedia.org/wiki/Norv_Turner,1354047840.0,2026-05-14T00:32:05Z,False
2008,LV,Oakland Raiders,Lane Kiffin,Lane Kiffin,Greg Knapp,Greg Knapp,Greg Knapp,Greg Knapp,offensive_coordinator,False,False,False,True,https://en.wikipedia.org/wiki/2008_Oakland_Raiders_season,1350929090,2026-04-24T21:55:48Z,https://en.wikipedia.org/wiki/Greg_Knapp,1335626221.0,2026-01-30T07:01:25Z,True
2008,MIA,Miami Dolphins,Tony Sparano,Tony Sparano,Dan Henning,Dan Henning,Tony Sparano,Tony Sparano,hc_prior_offensive_coordinator,True,True,,False,https://en.wikipedia.org/wiki/2008_Miami_Dolphins_season,1369940699,2026-08-18T03:40:18Z,https://en.wikipedia.org/wiki/Tony_Sparano,1344212531.0,2026-03-19T01:32:12Z,False
2008,MIN,Minnesota Vikings,Brad Childress,Brad Childress,Darrell Bevell,Darrell Bevell,Brad Childress,Brad Childress,hc_prior_offensive_coordinator,True,False,False,False,https://en.wikipedia.org/wiki/2008_Minnesota_Vikings_season,1369211081,2026-08-13T14:47:44Z,https://en.wikipedia.org/wiki/Brad_Childress,1372939852.0,2026-09-03T02:23:25Z,False
2008,NE,New England Patriots,Bill Belichick,Bill Belichick,,,Bill Belichick,Bill Belichick,hc_fallback_no_oc_documented,False,False,True,False,https://en.wikipedia.org/wiki/2008_New_England_Patriots_season,1371508827,2026-08-26T21:51:06Z,https://en.wikipedia.org/wiki/Bill_Belichick,1372262973.0,2026-08-31T02:00:03Z,True
2008,NO,New Orleans Saints,Sean Payton,Sean Payton,,,Sean Payton,Sean Payton,hc_fallback_no_oc_documented,False,False,,False,https://en.wikipedia.org/wiki/2008_New_Orleans_Saints_season,1362548424,2026-07-04T18:20:40Z,,,,True
2008,NYG,New York Giants,Tom Coughlin,Tom Coughlin,Kevin Gilbride,Kevin Gilbride,Tom Coughlin,Tom Coughlin,hc_prior_offensive_coordinator,True,False,False,False,https://en.wikipedia.org/wiki/2008_New_York_Giants_season,1363157428,2026-07-08T12:02:45Z,https://en.wikipedia.org/wiki/Tom_Coughlin,1372452084.0,2026-08-31T20:24:49Z,False
2008,NYJ,New York Jets,Eric Mangini,Eric Mangini,Brian Schottenheimer,Brian Schottenheimer,Brian Schottenheimer,Brian Schottenheimer,offensive_coordinator,False,False,False,False,https://en.wikipedia.org/wiki/2008_New_York_Jets_season,1352925957,2026-05-07T02:19:23Z,https://en.wikipedia.org/wiki/Brian_Schottenheimer,1365068709.0,2026-07-20T02:46:52Z,False
2008,PHI,Philadelphia Eagles,Andy Reid,Andy Reid,Marty Mornhinweg,Marty Mornhinweg,Marty Mornhinweg,Marty Mornhinweg,offensive_coordinator,False,False,False,False,https://en.wikipedia.org/wiki/2008_Philadelphia_Eagles_season,1363057681,2026-07-07T19:59:00Z,https://en.wikipedia.org/wiki/Marty_Mornhinweg,1370859358.0,2026-08-23T12:57:01Z,False
2008,PIT,Pittsburgh Steelers,Mike Tomlin,Mike Tomlin,Bruce Arians,Bruce Arians,Bruce Arians,Bruce Arians,offensive_coordinator,False,False,False,False,https://en.wikipedia.org/wiki/2008_Pittsburgh_Steelers_season,1363849203,2026-07-12T21:22:40Z,,,,True
2008,SEA,Seattle Seahawks,Mike Holmgren,Mike Holmgren,Gil Haskell,Gil Haskell,Mike Holmgren,Mike Holmgren,hc_prior_offensive_coordinator,True,False,False,False,https://en.wikipedia.org/wiki/2008_Seattle_Seahawks_season,1366724938,2026-07-29T20:23:34Z,https://en.wikipedia.org/wiki/Mike_Holmgren,1367196207.0,2026-08-01T16:51:31Z,False
2008,SF,San Francisco 49ers,Mike Nolan,Mike Nolan,Mike Martz,Mike Martz,Mike Martz,Mike Martz,offensive_coordinator,False,True,True,True,https://en.wikipedia.org/wiki/2008_San_Francisco_49ers_season,1356107172,2026-05-25T20:04:53Z,https://en.wikipedia.org/wiki/Mike_Martz,1370995800.0,2026-08-24T02:23:13Z,True
2008,TB,Tampa Bay Buccaneers,Jon Gruden,Jon Gruden,,,Jon Gruden,Jon Gruden,hc_prior_offensive_coordinator,True,False,True,False,https://en.wikipedia.org/wiki/2008_Tampa_Bay_Buccaneers_season,1341180895,2026-03-01T22:34:22Z,https://en.wikipedia.org/wiki/Jon_Gruden,1371040660.0,2026-08-24T06:31:13Z,True
2008,WAS,Washington Redskins,,,Sherman Smith,Sherman Smith,Sherman Smith,Sherman Smith,offensive_coordinator,False,True,True,False,https://en.wikipedia.org/wiki/2008_Washington_Redskins_season,1368463491,2026-08-09T05:09:46Z,https://en.wikipedia.org/wiki/Sherman_Smith,1366608659.0,2026-07-29T01:43:08Z,True
2009,ARI,Arizona Cardinals,Ken Whisenhunt,Ken Whisenhunt,,,Ken Whisenhunt,Ken Whisenhunt,hc_prior_offensive_coordinator,True,False,True,False,https://en.wikipedia.org/wiki/2009_Arizona_Cardinals_season,1350457175,2026-04-22T02:01:16Z,https://en.wikipedia.org/wiki/Ken_Whisenhunt,1371317123.0,2026-08-25T21:43:45Z,True
2009,ATL,Atlanta Falcons,Mike Smith,Mike Smith (American football coach),Mike Mularkey,Mike Mularkey,Mike Mularkey,Mike Mularkey,offensive_coordinator,False,False,False,False,https://en.wikipedia.org/wiki/2009_Atlanta_Falcons_season,1359330321,2026-06-14T17:17:30Z,https://en.wikipedia.org/wiki/Mike_Mularkey,1342382734.0,2026-03-08T17:25:44Z,False
2009,BAL,Baltimore Ravens,John Harbaugh,John Harbaugh,Cam Cameron,Cam Cameron,Cam Cameron,Cam Cameron,offensive_coordinator,False,True,False,False,https://en.wikipedia.org/wiki/2009_Baltimore_Ravens_season,1353325251,2026-05-09T16:15:13Z,https://en.wikipedia.org/wiki/Cam_Cameron,1370827888.0,2026-08-23T08:00:01Z,False
2009,BUF,Buffalo Bills,Dick Jauron,Dick Jauron,,,Dick Jauron,Dick Jauron,hc_fallback_no_oc_documented,False,False,True,True,https://en.wikipedia.org/wiki/2009_Buffalo_Bills_season,1341139413,2026-03-01T18:00:04Z,https://en.wikipedia.org/wiki/Dick_Jauron,1366950150.0,2026-07-31T01:15:24Z,True
2009,CAR,Carolina Panthers,John Fox,John Fox (football coach),Jeff Davidson,Jeff Davidson,Jeff Davidson,Jeff Davidson,offensive_coordinator,False,True,False,False,https://en.wikipedia.org/wiki/2009_Carolina_Panthers_season,1365303933,2026-07-21T15:27:09Z,https://en.wikipedia.org/wiki/Jeff_Davidson,1350303011.0,2026-04-21T05:01:32Z,False
2009,CHI,Chicago Bears,Lovie Smith,Lovie Smith,Ron Turner,Ron Turner (football coach),Ron Turner,Ron Turner (football coach),offensive_coordinator,False,False,False,False,https://en.wikipedia.org/wiki/2009_Chicago_Bears_season,1345090832,2026-03-24T06:51:13Z,,,,True
2009,CIN,Cincinnati Bengals,Marvin Lewis,Marvin Lewis,Bob Bratkowski,Bob Bratkowski,Bob Bratkowski,Bob Bratkowski,offensive_coordinator,False,False,False,False,https://en.wikipedia.org/wiki/2009_Cincinnati_Bengals_season,1341233777,2026-03-02T03:18:31Z,https://en.wikipedia.org/wiki/Bob_Bratkowski,1363891815.0,2026-07-13T03:18:47Z,False
2009,CLE,Cleveland Browns,Eric Mangini,Eric Mangini,Brian Daboll,Brian Daboll,Brian Daboll,Brian Daboll,offensive_coordinator,False,True,True,False,https://en.wikipedia.org/wiki/2009_Cleveland_Browns_season,1352669198,2026-05-05T15:41:13Z,https://en.wikipedia.org/wiki/Brian_Daboll,1372930267.0,2026-09-03T01:15:39Z,False
2009,DAL,Dallas Cowboys,Wade Phillips,Wade Phillips,Jason Garrett,Jason Garrett,Jason Garrett,Jason Garrett,offensive_coordinator,False,,,False,https://en.wikipedia.org/wiki/2009_Dallas_Cowboys_season,1360975122,2026-06-24T21:08:46Z,https://en.wikipedia.org/wiki/Jason_Garrett,1371019151.0,2026-08-24T04:12:17Z,False
2009,DEN,Denver Broncos,Josh McDaniels,Josh McDaniels,,,Josh McDaniels,Josh McDaniels,hc_fallback_no_oc_documented,False,True,True,False,https://en.wikipedia.org/wiki/2009_Denver_Broncos_season,1345886400,2026-03-28T19:50:44Z,,,,True
2009,DET,Detroit Lions,Jim Schwartz,Jim Schwartz,Scott Linehan,Scott Linehan,Scott Linehan,Scott Linehan,offensive_coordinator,False,True,True,False,https://en.wikipedia.org/wiki/2009_Detroit_Lions_season,1370744831,2026-08-22T21:39:17Z,https://en.wikipedia.org/wiki/Scott_Linehan,1367212094.0,2026-08-01T19:06:47Z,False
2009,GB,Green Bay Packers,Mike McCarthy,Mike McCarthy,Joe Philbin,Joe Philbin,Mike McCarthy,Mike McCarthy,hc_prior_offensive_coordinator,True,False,False,False,https://en.wikipedia.org/wiki/2009_Green_Bay_Packers_season,1368848969,2026-08-11T12:01:54Z,https://en.wikipedia.org/wiki/Mike_McCarthy,1370780074.0,2026-08-23T01:59:00Z,False
2009,HOU,Houston Texans,Gary Kubiak,Gary Kubiak,Kyle Shanahan,Kyle Shanahan,Gary Kubiak,Gary Kubiak,hc_prior_offensive_coordinator,True,False,,False,https://en.wikipedia.org/wiki/2009_Houston_Texans_season,1358580946,2026-06-09T16:47:10Z,https://en.wikipedia.org/wiki/Gary_Kubiak,1370838987.0,2026-08-23T09:54:52Z,False
2009,IND,Indianapolis Colts,Jim Caldwell,Jim Caldwell (American football),Tom Moore,"Tom Moore (American football coach, born 1938)",Tom Moore,"Tom Moore (American football coach, born 1938)",offensive_coordinator,False,True,False,False,https://en.wikipedia.org/wiki/2009_Indianapolis_Colts_season,1370665610,2026-08-22T11:21:40Z,"https://en.wikipedia.org/wiki/Tom_Moore_(American_football_coach,_born_1938)",1364279725.0,2026-07-15T16:51:14Z,False
2009,JAX,Jacksonville Jaguars,Jack Del Rio,Jack Del Rio,Dirk Koetter,Dirk Koetter,Dirk Koetter,Dirk Koetter,offensive_coordinator,False,,,False,https://en.wikipedia.org/wiki/2009_Jacksonville_Jaguars_season,1353816612,2026-05-12T15:01:40Z,https://en.wikipedia.org/wiki/Dirk_Koetter,1329236647.0,2025-12-24T17:12:45Z,False
2009,KC,Kansas City Chiefs,Todd Haley,Todd Haley,,,Todd Haley,Todd Haley,hc_prior_offensive_coordinator,True,True,True,False,https://en.wikipedia.org/wiki/2009_Kansas_City_Chiefs_season,1356585722,2026-05-28T17:53:57Z,https://en.wikipedia.org/wiki/Todd_Haley,1354256523.0,2026-05-15T07:48:42Z,True
2009,LAC,San Diego Chargers,Norv Turner,Norv Turner,Clarence Shelmon,Clarence Shelmon,Norv Turner,Norv Turner,hc_prior_offensive_coordinator,True,False,False,False,https://en.wikipedia.org/wiki/2009_San_Diego_Chargers_season,1363270658,2026-07-09T03:21:51Z,https://en.wikipedia.org/wiki/Norv_Turner,1354047840.0,2026-05-14T00:32:05Z,False
2009,LAR,St. Louis Rams,Steve Spagnuolo,Steve Spagnuolo,Pat Shurmur,Pat Shurmur,Pat Shurmur,Pat Shurmur,offensive_coordinator,False,,,False,https://en.wikipedia.org/wiki/2009_St._Louis_Rams_season,1359324902,2026-06-14T16:46:22Z,https://en.wikipedia.org/wiki/Pat_Shurmur,1367139264.0,2026-08-01T06:30:15Z,False
2009,LV,Oakland Raiders,Tom Cable,Tom Cable,,,Tom Cable,Tom Cable,hc_prior_offensive_coordinator,True,False,True,False,https://en.wikipedia.org/wiki/2009_Oakland_Raiders_season,1350929112,2026-04-24T21:56:00Z,https://en.wikipedia.org/wiki/Tom_Cable,1350302705.0,2026-04-21T04:59:30Z,True
2009,MIA,Miami Dolphins,Tony Sparano,Tony Sparano,Dan Henning,Dan Henning,Tony Sparano,Tony Sparano,hc_prior_offensive_coordinator,True,False,False,False,https://en.wikipedia.org/wiki/2009_Miami_Dolphins_season,1341326457,2026-03-02T16:07:45Z,https://en.wikipedia.org/wiki/Tony_Sparano,1344212531.0,2026-03-19T01:32:12Z,False
2009,MIN,Minnesota Vikings,Brad Childress,Brad Childress,Darrell Bevell,Darrell Bevell,Brad Childress,Brad Childress,hc_prior_offensive_coordinator,True,False,False,False,https://en.wikipedia.org/wiki/2009_Minnesota_Vikings_season,1352669212,2026-05-05T15:41:22Z,https://en.wikipedia.org/wiki/Brad_Childress,1372939852.0,2026-09-03T02:23:25Z,False
2009,NE,New England Patriots,Bill Belichick,Bill Belichick,,,Bill Belichick,Bill Belichick,hc_fallback_no_oc_documented,False,False,,False,https://en.wikipedia.org/wiki/2009_New_England_Patriots_season,1370794523,2026-08-23T03:33:10Z,https://en.wikipedia.org/wiki/Bill_Belichick,1372262973.0,2026-08-31T02:00:03Z,True
2009,NO,New Orleans Saints,Sean Payton,Sean Payton,"Pete Carmichael, Jr.","Pete Carmichael, Jr.","Pete Carmichael, Jr.","Pete Carmichael, Jr.",offensive_coordinator,False,False,,False,https://en.wikipedia.org/wiki/2009_New_Orleans_Saints_season,1356395579,2026-05-27T14:14:07Z,,,,True
2009,NYG,New York Giants,Tom Coughlin,Tom Coughlin,Kevin Gilbride,Kevin Gilbride,Tom Coughlin,Tom Coughlin,hc_prior_offensive_coordinator,True,False,False,False,https://en.wikipedia.org/wiki/2009_New_York_Giants_season,1345844478,2026-03-28T14:29:44Z,https://en.wikipedia.org/wiki/Tom_Coughlin,1372452084.0,2026-08-31T20:24:49Z,False
2009,NYJ,New York Jets,Rex Ryan,Rex Ryan,Brian Schottenheimer,Brian Schottenheimer,Brian Schottenheimer,Brian Schottenheimer,offensive_coordinator,False,True,False,False,https://en.wikipedia.org/wiki/2009_New_York_Jets_season,1369426464,2026-08-14T22:30:06Z,https://en.wikipedia.org/wiki/Brian_Schottenheimer,1365068709.0,2026-07-20T02:46:52Z,False
2009,PHI,Philadelphia Eagles,Andy Reid,Andy Reid,Marty Mornhinweg,Marty Mornhinweg,Marty Mornhinweg,Marty Mornhinweg,offensive_coordinator,False,False,False,False,https://en.wikipedia.org/wiki/2009_Philadelphia_Eagles_season,1341186946,2026-03-01T23:11:56Z,https://en.wikipedia.org/wiki/Marty_Mornhinweg,1370859358.0,2026-08-23T12:57:01Z,False
2009,PIT,Pittsburgh Steelers,Mike Tomlin,Mike Tomlin,Bruce Arians,Bruce Arians,Bruce Arians,Bruce Arians,offensive_coordinator,False,False,False,False,https://en.wikipedia.org/wiki/2009_Pittsburgh_Steelers_season,1363891806,2026-07-13T03:18:44Z,,,,True
2009,SEA,Seattle Seahawks,Jim L. Mora,Jim L. Mora,Greg Knapp,Greg Knapp,Greg Knapp,Greg Knapp,offensive_coordinator,False,True,True,False,https://en.wikipedia.org/wiki/2009_Seattle_Seahawks_season,1369604850,2026-08-16T00:50:14Z,https://en.wikipedia.org/wiki/Greg_Knapp,1335626221.0,2026-01-30T07:01:25Z,False
2009,SF,San Francisco 49ers,Mike Singletary,Mike Singletary,Jimmy Raye,Jimmy Raye II,Jimmy Raye,Jimmy Raye II,offensive_coordinator,False,False,True,False,https://en.wikipedia.org/wiki/2009_San_Francisco_49ers_season,1356585880,2026-05-28T17:54:52Z,,,,True
2009,TB,Tampa Bay Buccaneers,Raheem Morris,Raheem Morris,,,Raheem Morris,Raheem Morris,hc_fallback_no_oc_documented,False,True,,False,https://en.wikipedia.org/wiki/2009_Tampa_Bay_Buccaneers_season,1355087420,2026-05-19T21:45:20Z,https://en.wikipedia.org/wiki/Raheem_Morris,1372679755.0,2026-09-01T19:42:51Z,True
2009,TEN,Tennessee Titans,Jeff Fisher,Jeff Fisher,Mike Heimerdinger,Mike Heimerdinger,Mike Heimerdinger,Mike Heimerdinger,offensive_coordinator,False,,,False,https://en.wikipedia.org/wiki/2009_Tennessee_Titans_season,1362040057,2026-07-01T16:13:11Z,,,,True
2009,WAS,Washington Redskins,Jim Zorn,Jim Zorn,Sherman Lewis,Sherman Lewis,Jim Zorn,Jim Zorn,hc_prior_offensive_coordinator,True,,True,False,https://en.wikipedia.org/wiki/2009_Washington_Redskins_season,1367383555,2026-08-02T19:45:24Z,https://en.wikipedia.org/wiki/Jim_Zorn,1370844963.0,2026-08-23T10:56:54Z,False
2010,ARI,Arizona Cardinals,Ken Whisenhunt,Ken Whisenhunt,,,Ken Whisenhunt,Ken Whisenhunt,hc_prior_offensive_coordinator,True,False,,False,https://en.wikipedia.org/wiki/2010_Arizona_Cardinals_season,1370124509,2026-08-19T06:49:59Z,https://en.wikipedia.org/wiki/Ken_Whisenhunt,1371317123.0,2026-08-25T21:43:45Z,True
2010,ATL,Atlanta Falcons,Mike Smith,Mike Smith (American football coach),Mike Mularkey,Mike Mularkey,Mike Mularkey,Mike Mularkey,offensive_coordinator,False,False,False,False,https://en.wikipedia.org/wiki/2010_Atlanta_Falcons_season,1370124989,2026-08-19T06:57:18Z,https://en.wikipedia.org/wiki/Mike_Mularkey,1342382734.0,2026-03-08T17:25:44Z,False
2010,BAL,Baltimore Ravens,John Harbaugh,John Harbaugh,Cam Cameron,Cam Cameron,Cam Cameron,Cam Cameron,offensive_coordinator,False,False,False,False,https://en.wikipedia.org/wiki/2010_Baltimore_Ravens_season,1370125819,2026-08-19T07:07:54Z,https://en.wikipedia.org/wiki/Cam_Cameron,1370827888.0,2026-08-23T08:00:01Z,False
2010,BUF,Buffalo Bills,Chan Gailey,Chan Gailey,,,Chan Gailey,Chan Gailey,hc_prior_offensive_coordinator,True,True,,False,https://en.wikipedia.org/wiki/2010_Buffalo_Bills_season,1369928832,2026-08-18T02:06:27Z,https://en.wikipedia.org/wiki/Chan_Gailey,1360092666.0,2026-06-19T04:52:15Z,True
2010,CAR,Carolina Panthers,John Fox,John Fox (American football),Jeff Davidson,Jeff Davidson,Jeff Davidson,Jeff Davidson,offensive_coordinator,False,True,False,False,https://en.wikipedia.org/wiki/2010_Carolina_Panthers_season,1370125087,2026-08-19T06:58:35Z,https://en.wikipedia.org/wiki/Jeff_Davidson,1350303011.0,2026-04-21T05:01:32Z,False
2010,CHI,Chicago Bears,Lovie Smith,Lovie Smith,Mike Martz,Mike Martz,Mike Martz,Mike Martz,offensive_coordinator,False,False,True,False,https://en.wikipedia.org/wiki/2010_Chicago_Bears_season,1370125500,2026-08-19T07:03:31Z,https://en.wikipedia.org/wiki/Mike_Martz,1370995800.0,2026-08-24T02:23:13Z,False
2010,CIN,Cincinnati Bengals,Marvin Lewis,Marvin Lewis,Bob Bratkowski,Bob Bratkowski,Bob Bratkowski,Bob Bratkowski,offensive_coordinator,False,False,False,False,https://en.wikipedia.org/wiki/2010_Cincinnati_Bengals_season,1360213387,2026-06-19T23:43:30Z,https://en.wikipedia.org/wiki/Bob_Bratkowski,1363891815.0,2026-07-13T03:18:47Z,False
2010,CLE,Cleveland Browns,Eric Mangini,Eric Mangini,Brian Daboll,Brian Daboll,Brian Daboll,Brian Daboll,offensive_coordinator,False,False,False,False,https://en.wikipedia.org/wiki/2010_Cleveland_Browns_season,1350304882,2026-04-21T05:14:34Z,https://en.wikipedia.org/wiki/Brian_Daboll,1372930267.0,2026-09-03T01:15:39Z,False
2010,DAL,Dallas Cowboys,Wade Phillips,Wade Phillips,Jason Garrett,Jason Garrett,Jason Garrett,Jason Garrett,offensive_coordinator,False,False,False,True,https://en.wikipedia.org/wiki/2010_Dallas_Cowboys_season,1358090735,2026-06-06T14:06:40Z,https://en.wikipedia.org/wiki/Jason_Garrett,1371019151.0,2026-08-24T04:12:17Z,True
2010,DEN,Denver Broncos,Josh McDaniels,Josh McDaniels,Mike McCoy,Mike McCoy (American football coach),Mike McCoy,Mike McCoy (American football coach),offensive_coordinator,False,False,,True,https://en.wikipedia.org/wiki/2010_Denver_Broncos_season,1369963193,2026-08-18T07:33:10Z,https://en.wikipedia.org/wiki/Mike_McCoy_(American_football_coach),1372911715.0,2026-09-02T23:16:39Z,True
2010,DET,Detroit Lions,Jim Schwartz,Jim Schwartz,Scott Linehan,Scott Linehan,Scott Linehan,Scott Linehan,offensive_coordinator,False,False,False,False,https://en.wikipedia.org/wiki/2010_Detroit_Lions_season,1370125541,2026-08-19T07:04:04Z,https://en.wikipedia.org/wiki/Scott_Linehan,1367212094.0,2026-08-01T19:06:47Z,False
2010,GB,Green Bay Packers,Mike McCarthy,Mike McCarthy,Joe Philbin,Joe Philbin,Mike McCarthy,Mike McCarthy,hc_prior_offensive_coordinator,True,False,False,False,https://en.wikipedia.org/wiki/2010_Green_Bay_Packers_season,1365575241,2026-07-23T06:26:01Z,https://en.wikipedia.org/wiki/Mike_McCarthy,1370780074.0,2026-08-23T01:59:00Z,False
2010,HOU,Houston Texans,Gary Kubiak,Gary Kubiak,Rick Dennison,Rick Dennison,Gary Kubiak,Gary Kubiak,hc_prior_offensive_coordinator,True,False,True,False,https://en.wikipedia.org/wiki/2010_Houston_Texans_season,1358580935,2026-06-09T16:47:05Z,https://en.wikipedia.org/wiki/Gary_Kubiak,1370838987.0,2026-08-23T09:54:52Z,False
2010,IND,Indianapolis Colts,Jim Caldwell,Jim Caldwell (American football),Clyde Christensen,Clyde Christensen,Clyde Christensen,Clyde Christensen,offensive_coordinator,False,False,True,False,https://en.wikipedia.org/wiki/2010_Indianapolis_Colts_season,1358915803,2026-06-11T20:25:58Z,https://en.wikipedia.org/wiki/Clyde_Christensen,1320423772.0,2025-11-04T16:30:29Z,False
2010,JAX,Jacksonville Jaguars,Jack Del Rio,Jack Del Rio,Dirk Koetter,Dirk Koetter,Dirk Koetter,Dirk Koetter,offensive_coordinator,False,False,False,False,https://en.wikipedia.org/wiki/2010_Jacksonville_Jaguars_season,1370126403,2026-08-19T07:14:04Z,https://en.wikipedia.org/wiki/Dirk_Koetter,1329236647.0,2025-12-24T17:12:45Z,False
2010,KC,Kansas City Chiefs,Todd Haley,Todd Haley,Charlie Weis,Charlie Weis,Todd Haley,Todd Haley,hc_prior_offensive_coordinator,True,False,,False,https://en.wikipedia.org/wiki/2010_Kansas_City_Chiefs_season,1370126578,2026-08-19T07:14:48Z,https://en.wikipedia.org/wiki/Todd_Haley,1354256523.0,2026-05-15T07:48:42Z,False
2010,LAC,San Diego Chargers,Norv Turner,Norv Turner,Clarence Shelmon,Clarence Shelmon,Norv Turner,Norv Turner,hc_prior_offensive_coordinator,True,False,False,False,https://en.wikipedia.org/wiki/2010_San_Diego_Chargers_season,1370126772,2026-08-19T07:15:27Z,https://en.wikipedia.org/wiki/Norv_Turner,1354047840.0,2026-05-14T00:32:05Z,False
2010,LAR,St. Louis Rams,Steve Spagnuolo,Steve Spagnuolo,Pat Shurmur,Pat Shurmur,Pat Shurmur,Pat Shurmur,offensive_coordinator,False,False,False,False,https://en.wikipedia.org/wiki/2010_St._Louis_Rams_season,1370129025,2026-08-19T07:32:32Z,https://en.wikipedia.org/wiki/Pat_Shurmur,1367139264.0,2026-08-01T06:30:15Z,False
2010,LV,Oakland Raiders,Tom Cable,Tom Cable,Hue Jackson,Hue Jackson,Tom Cable,Tom Cable,hc_prior_offensive_coordinator,True,False,,False,https://en.wikipedia.org/wiki/2010_Oakland_Raiders_season,1370121518,2026-08-19T06:28:31Z,https://en.wikipedia.org/wiki/Tom_Cable,1350302705.0,2026-04-21T04:59:30Z,False
2010,MIA,Miami Dolphins,Tony Sparano,Tony Sparano,Dan Henning,Dan Henning,Tony Sparano,Tony Sparano,hc_prior_offensive_coordinator,True,False,False,False,https://en.wikipedia.org/wiki/2010_Miami_Dolphins_season,1370125855,2026-08-19T07:08:33Z,https://en.wikipedia.org/wiki/Tony_Sparano,1344212531.0,2026-03-19T01:32:12Z,False
2010,MIN,Minnesota Vikings,Brad Childress,Brad Childress,Darrell Bevell,Darrell Bevell,Brad Childress,Brad Childress,hc_prior_offensive_coordinator,True,False,False,True,https://en.wikipedia.org/wiki/2010_Minnesota_Vikings_season,1354522425,2026-05-16T23:22:37Z,https://en.wikipedia.org/wiki/Brad_Childress,1372939852.0,2026-09-03T02:23:25Z,True
2010,NE,New England Patriots,Bill Belichick,Bill Belichick,,,Bill Belichick,Bill Belichick,hc_fallback_no_oc_documented,False,False,,False,https://en.wikipedia.org/wiki/2010_New_England_Patriots_season,1370795949,2026-08-23T03:42:57Z,https://en.wikipedia.org/wiki/Bill_Belichick,1372262973.0,2026-08-31T02:00:03Z,True
2010,NO,New Orleans Saints,Sean Payton,Sean Payton,Pete Carmichael Jr.,Pete Carmichael Jr.,Pete Carmichael Jr.,Pete Carmichael Jr.,offensive_coordinator,False,False,True,False,https://en.wikipedia.org/wiki/2010_New_Orleans_Saints_season,1370125289,2026-08-19T07:00:50Z,https://en.wikipedia.org/wiki/Pete_Carmichael_Jr.,1349785236.0,2026-04-18T22:49:41Z,False
2010,NYG,New York Giants,Tom Coughlin,Tom Coughlin,Kevin Gilbride,Kevin Gilbride,Tom Coughlin,Tom Coughlin,hc_prior_offensive_coordinator,True,False,False,False,https://en.wikipedia.org/wiki/2010_New_York_Giants_season,1370125635,2026-08-19T07:05:20Z,https://en.wikipedia.org/wiki/Tom_Coughlin,1372452084.0,2026-08-31T20:24:49Z,False
2010,NYJ,New York Jets,Rex Ryan,Rex Ryan,Brian Schottenheimer,Brian Schottenheimer,Brian Schottenheimer,Brian Schottenheimer,offensive_coordinator,False,False,False,False,https://en.wikipedia.org/wiki/2010_New_York_Jets_season,1370059158,2026-08-18T22:22:37Z,https://en.wikipedia.org/wiki/Brian_Schottenheimer,1365068709.0,2026-07-20T02:46:52Z,False
2010,PHI,Philadelphia Eagles,Andy Reid,Andy Reid,Marty Mornhinweg,Marty Mornhinweg,Marty Mornhinweg,Marty Mornhinweg,offensive_coordinator,False,False,False,False,https://en.wikipedia.org/wiki/2010_Philadelphia_Eagles_season,1370807605,2026-08-23T05:04:09Z,https://en.wikipedia.org/wiki/Marty_Mornhinweg,1370859358.0,2026-08-23T12:57:01Z,False
2010,PIT,Pittsburgh Steelers,Mike Tomlin,Mike Tomlin,Bruce Arians,Bruce Arians,Bruce Arians,Bruce Arians,offensive_coordinator,False,False,False,False,https://en.wikipedia.org/wiki/2010_Pittsburgh_Steelers_season,1365815135,2026-07-24T15:40:59Z,,,,True
2010,SEA,Seattle Seahawks,Pete Carroll,Pete Carroll,Jeremy Bates,Jeremy Bates (American football),Jeremy Bates,Jeremy Bates (American football),offensive_coordinator,False,True,True,False,https://en.wikipedia.org/wiki/2010_Seattle_Seahawks_season,1370124890,2026-08-19T06:55:54Z,https://en.wikipedia.org/wiki/Jeremy_Bates_(American_football),1335025238.0,2026-01-26T23:16:28Z,False
2010,SF,San Francisco 49ers,Mike Singletary,Mike Singletary,Jimmy Raye,Jimmy Raye II,Jimmy Raye,Jimmy Raye II,offensive_coordinator,False,False,False,True,https://en.wikipedia.org/wiki/2010_San_Francisco_49ers_season,1358917430,2026-06-11T20:38:04Z,,,,True
2010,TB,Tampa Bay Buccaneers,Raheem Morris,Raheem Morris,Greg Olson,Greg Olson (American football),Greg Olson,Greg Olson (American football),offensive_coordinator,False,False,,False,https://en.wikipedia.org/wiki/2010_Tampa_Bay_Buccaneers_season,1370135035,2026-08-19T08:51:25Z,https://en.wikipedia.org/wiki/Greg_Olson_(American_football),1338231029.0,2026-02-13T23:07:07Z,False
2010,TEN,Tennessee Titans,Jeff Fisher,Jeff Fisher,Mike Heimerdinger,Mike Heimerdinger,Mike Heimerdinger,Mike Heimerdinger,offensive_coordinator,False,False,False,False,https://en.wikipedia.org/wiki/2010_Tennessee_Titans_season,1360214317,2026-06-19T23:50:05Z,,,,True
2010,WAS,Washington Redskins,Mike Shanahan,Mike Shanahan,Kyle Shanahan,Kyle Shanahan,Mike Shanahan,Mike Shanahan,hc_prior_offensive_coordinator,True,True,True,False,https://en.wikipedia.org/wiki/2010_Washington_Redskins_season,1354591336,2026-05-17T08:13:06Z,https://en.wikipedia.org/wiki/Mike_Shanahan,1372773449.0,2026-09-02T05:30:07Z,False
2011,ARI,Arizona Cardinals,Ken Whisenhunt,Ken Whisenhunt,Mike Miller,Mike Miller (football coach),Ken Whisenhunt,Ken Whisenhunt,hc_prior_offensive_coordinator,True,False,,False,https://en.wikipedia.org/wiki/2011_Arizona_Cardinals_season,1370132137,2026-08-19T08:14:12Z,https://en.wikipedia.org/wiki/Ken_Whisenhunt,1371317123.0,2026-08-25T21:43:45Z,False
2011,ATL,Atlanta Falcons,Mike Smith,Mike Smith (American football coach),Mike Mularkey,Mike Mularkey,Mike Mularkey,Mike Mularkey,offensive_coordinator,False,False,False,False,https://en.wikipedia.org/wiki/2011_Atlanta_Falcons_season,1370132163,2026-08-19T08:14:40Z,https://en.wikipedia.org/wiki/Mike_Mularkey,1342382734.0,2026-03-08T17:25:44Z,False
2011,BAL,Baltimore Ravens,John Harbaugh,John Harbaugh (football coach),Cam Cameron,Cam Cameron,Cam Cameron,Cam Cameron,offensive_coordinator,False,True,False,False,https://en.wikipedia.org/wiki/2011_Baltimore_Ravens_season,1360211505,2026-06-19T23:30:09Z,https://en.wikipedia.org/wiki/Cam_Cameron,1370827888.0,2026-08-23T08:00:01Z,False
2011,BUF,Buffalo Bills,Chan Gailey,Chan Gailey,,,Chan Gailey,Chan Gailey,hc_prior_offensive_coordinator,True,False,,False,https://en.wikipedia.org/wiki/2011_Buffalo_Bills_season,1360211207,2026-06-19T23:27:22Z,https://en.wikipedia.org/wiki/Chan_Gailey,1360092666.0,2026-06-19T04:52:15Z,True
2011,CAR,Carolina Panthers,Ron Rivera,Ron Rivera,Rob Chudzinski,Rob Chudzinski,Rob Chudzinski,Rob Chudzinski,offensive_coordinator,False,True,True,False,https://en.wikipedia.org/wiki/2011_Carolina_Panthers_season,1370417948,2026-08-21T01:15:24Z,https://en.wikipedia.org/wiki/Rob_Chudzinski,1366906141.0,2026-07-30T21:16:17Z,False
2011,CHI,Chicago Bears,Lovie Smith,Lovie Smith,Mike Martz,Mike Martz,Mike Martz,Mike Martz,offensive_coordinator,False,False,False,False,https://en.wikipedia.org/wiki/2011_Chicago_Bears_season,1370429243,2026-08-21T02:29:35Z,https://en.wikipedia.org/wiki/Mike_Martz,1370995800.0,2026-08-24T02:23:13Z,False
2011,CIN,Cincinnati Bengals,Marvin Lewis,Marvin Lewis,Jay Gruden,Jay Gruden,Jay Gruden,Jay Gruden,offensive_coordinator,False,False,True,False,https://en.wikipedia.org/wiki/2011_Cincinnati_Bengals_season,1370133034,2026-08-19T08:25:50Z,https://en.wikipedia.org/wiki/Jay_Gruden,1372075700.0,2026-08-30T04:41:12Z,False
2011,CLE,Cleveland Browns,Pat Shurmur,Pat Shurmur,,,Pat Shurmur,Pat Shurmur,hc_prior_offensive_coordinator,True,True,True,False,https://en.wikipedia.org/wiki/2011_Cleveland_Browns_season,1370437596,2026-08-21T03:18:00Z,https://en.wikipedia.org/wiki/Pat_Shurmur,1367139264.0,2026-08-01T06:30:15Z,True
2011,DAL,Dallas Cowboys,Jason Garrett,Jason Garrett,,,Jason Garrett,Jason Garrett,hc_prior_offensive_coordinator,True,False,True,False,https://en.wikipedia.org/wiki/2011_Dallas_Cowboys_season,1354415848,2026-05-16T08:02:38Z,https://en.wikipedia.org/wiki/Jason_Garrett,1371019151.0,2026-08-24T04:12:17Z,True
2011,DEN,Denver Broncos,John Fox,John Fox (American football),Mike McCoy,Mike McCoy (American football coach),Mike McCoy,Mike McCoy (American football coach),offensive_coordinator,False,True,False,False,https://en.wikipedia.org/wiki/2011_Denver_Broncos_season,1370474391,2026-08-21T08:46:26Z,https://en.wikipedia.org/wiki/Mike_McCoy_(American_football_coach),1372911715.0,2026-09-02T23:16:39Z,False
2011,DET,Detroit Lions,Jim Schwartz,Jim Schwartz,Scott Linehan,Scott Linehan,Scott Linehan,Scott Linehan,offensive_coordinator,False,False,False,False,https://en.wikipedia.org/wiki/2011_Detroit_Lions_season,1360210781,2026-06-19T23:22:59Z,https://en.wikipedia.org/wiki/Scott_Linehan,1367212094.0,2026-08-01T19:06:47Z,False
2011,GB,Green Bay Packers,Mike McCarthy,Mike McCarthy,Joe Philbin,Joe Philbin,Mike McCarthy,Mike McCarthy,hc_prior_offensive_coordinator,True,False,False,False,https://en.wikipedia.org/wiki/2011_Green_Bay_Packers_season,1370500290,2026-08-21T13:25:59Z,https://en.wikipedia.org/wiki/Mike_McCarthy,1370780074.0,2026-08-23T01:59:00Z,False
2011,HOU,Houston Texans,Gary Kubiak,Gary Kubiak,Rick Dennison,Rick Dennison,Gary Kubiak,Gary Kubiak,hc_prior_offensive_coordinator,True,False,False,False,https://en.wikipedia.org/wiki/2011_Houston_Texans_season,1370133609,2026-08-19T08:33:20Z,https://en.wikipedia.org/wiki/Gary_Kubiak,1370838987.0,2026-08-23T09:54:52Z,False
2011,IND,Indianapolis Colts,Jim Caldwell,Jim Caldwell (American football),Clyde Christensen,Clyde Christensen,Clyde Christensen,Clyde Christensen,offensive_coordinator,False,False,False,False,https://en.wikipedia.org/wiki/2011_Indianapolis_Colts_season,1369006809,2026-08-12T08:58:16Z,https://en.wikipedia.org/wiki/Clyde_Christensen,1320423772.0,2025-11-04T16:30:29Z,False
2011,JAX,Jacksonville Jaguars,Jack Del Rio,Jack Del Rio,Dirk Koetter,Dirk Koetter,Dirk Koetter,Dirk Koetter,offensive_coordinator,False,False,False,True,https://en.wikipedia.org/wiki/2011_Jacksonville_Jaguars_season,1370122691,2026-08-19T06:36:58Z,https://en.wikipedia.org/wiki/Dirk_Koetter,1329236647.0,2025-12-24T17:12:45Z,True
2011,KC,Kansas City Chiefs,Todd Haley,Todd Haley,Bill Muir,Bill Muir,Todd Haley,Todd Haley,hc_prior_offensive_coordinator,True,False,True,True,https://en.wikipedia.org/wiki/2011_Kansas_City_Chiefs_season,1370134116,2026-08-19T08:39:38Z,https://en.wikipedia.org/wiki/Todd_Haley,1354256523.0,2026-05-15T07:48:42Z,True
2011,LAC,San Diego Chargers,Norv Turner,Norv Turner,Clarence Shelmon,Clarence Shelmon,Norv Turner,Norv Turner,hc_prior_offensive_coordinator,True,False,False,False,https://en.wikipedia.org/wiki/2011_San_Diego_Chargers_season,1370132974,2026-08-19T08:25:12Z,https://en.wikipedia.org/wiki/Norv_Turner,1354047840.0,2026-05-14T00:32:05Z,False
2011,LAR,St. Louis Rams,Steve Spagnuolo,Steve Spagnuolo,Josh McDaniels,Josh McDaniels,Josh McDaniels,Josh McDaniels,offensive_coordinator,False,False,True,False,https://en.wikipedia.org/wiki/2011_St._Louis_Rams_season,1370677603,2026-08-22T13:27:10Z,,,,True
2011,LV,Oakland Raiders,Hue Jackson,Hue Jackson,,,Hue Jackson,Hue Jackson,hc_prior_offensive_coordinator,True,True,True,False,https://en.wikipedia.org/wiki/2011_Oakland_Raiders_season,1370133470,2026-08-19T08:31:17Z,https://en.wikipedia.org/wiki/Hue_Jackson,1372654510.0,2026-09-01T17:20:33Z,True
2011,MIA,Miami Dolphins,Tony Sparano,Tony Sparano,Brian Daboll,Brian Daboll,Tony Sparano,Tony Sparano,hc_prior_offensive_coordinator,True,False,True,True,https://en.wikipedia.org/wiki/2011_Miami_Dolphins_season,1369946104,2026-08-18T04:38:38Z,https://en.wikipedia.org/wiki/Tony_Sparano,1344212531.0,2026-03-19T01:32:12Z,True
2011,MIN,Minnesota Vikings,Leslie Frazier,Leslie Frazier,Bill Musgrave,Bill Musgrave,Bill Musgrave,Bill Musgrave,offensive_coordinator,False,False,True,False,https://en.wikipedia.org/wiki/2011_Minnesota_Vikings_season,1370133248,2026-08-19T08:28:58Z,https://en.wikipedia.org/wiki/Bill_Musgrave,1351426305.0,2026-04-27T21:36:48Z,False
2011,NE,New England Patriots,Bill Belichick,Bill Belichick,Bill O'Brien,Bill O'Brien (American football),Bill O'Brien,Bill O'Brien (American football),offensive_coordinator,False,False,,False,https://en.wikipedia.org/wiki/2011_New_England_Patriots_season,1372949516,2026-09-03T03:37:05Z,https://en.wikipedia.org/wiki/Bill_O'Brien_(American_football),1369284458.0,2026-08-14T01:43:48Z,False
2011,NO,New Orleans Saints,Sean Payton,Sean Payton,Pete Carmichael Jr.,Pete Carmichael Jr.,Pete Carmichael Jr.,Pete Carmichael Jr.,offensive_coordinator,False,False,False,False,https://en.wikipedia.org/wiki/2011_New_Orleans_Saints_season,1370134323,2026-08-19T08:42:32Z,https://en.wikipedia.org/wiki/Pete_Carmichael_Jr.,1349785236.0,2026-04-18T22:49:41Z,False
2011,NYG,New York Giants,Tom Coughlin,Tom Coughlin,Kevin Gilbride,Kevin Gilbride,Tom Coughlin,Tom Coughlin,hc_prior_offensive_coordinator,True,False,False,False,https://en.wikipedia.org/wiki/2011_New_York_Giants_season,1370134161,2026-08-19T08:40:10Z,https://en.wikipedia.org/wiki/Tom_Coughlin,1372452084.0,2026-08-31T20:24:49Z,False
2011,NYJ,New York Jets,Rex Ryan,Rex Ryan,Brian Schottenheimer,Brian Schottenheimer,Brian Schottenheimer,Brian Schottenheimer,offensive_coordinator,False,False,False,False,https://en.wikipedia.org/wiki/2011_New_York_Jets_season,1358918849,2026-06-11T20:47:18Z,https://en.wikipedia.org/wiki/Brian_Schottenheimer,1365068709.0,2026-07-20T02:46:52Z,False
2011,PHI,Philadelphia Eagles,Andy Reid,Andy Reid,Marty Mornhinweg,Marty Mornhinweg,Marty Mornhinweg,Marty Mornhinweg,offensive_coordinator,False,False,False,False,https://en.wikipedia.org/wiki/2011_Philadelphia_Eagles_season,1341186997,2026-03-01T23:12:15Z,https://en.wikipedia.org/wiki/Marty_Mornhinweg,1370859358.0,2026-08-23T12:57:01Z,False
2011,PIT,Pittsburgh Steelers,Mike Tomlin,Mike Tomlin,Bruce Arians,Bruce Arians,Bruce Arians,Bruce Arians,offensive_coordinator,False,False,False,False,https://en.wikipedia.org/wiki/2011_Pittsburgh_Steelers_season,1360213038,2026-06-19T23:41:09Z,,,,True
2011,SEA,Seattle Seahawks,Pete Carroll,Pete Carroll,Darrell Bevell,Darrell Bevell,Darrell Bevell,Darrell Bevell,offensive_coordinator,False,False,True,False,https://en.wikipedia.org/wiki/2011_Seattle_Seahawks_season,1370132782,2026-08-19T08:22:34Z,https://en.wikipedia.org/wiki/Darrell_Bevell,1362695435.0,2026-07-05T17:34:38Z,False
2011,SF,San Francisco 49ers,Jim Harbaugh,Jim Harbaugh,Greg Roman,Greg Roman,Greg Roman,Greg Roman,offensive_coordinator,False,True,True,False,https://en.wikipedia.org/wiki/2011_San_Francisco_49ers_season,1370705284,2026-08-22T16:47:12Z,https://en.wikipedia.org/wiki/Greg_Roman,1359192614.0,2026-06-13T18:49:27Z,False
2011,TB,Tampa Bay Buccaneers,Raheem Morris,Raheem Morris,Greg Olson,Greg Olson (American football),Greg Olson,Greg Olson (American football),offensive_coordinator,False,False,False,False,https://en.wikipedia.org/wiki/2011_Tampa_Bay_Buccaneers_season,1370134387,2026-08-19T08:43:35Z,https://en.wikipedia.org/wiki/Greg_Olson_(American_football),1338231029.0,2026-02-13T23:07:07Z,False
2011,TEN,Tennessee Titans,Mike Munchak,Mike Munchak,Chris Palmer,Chris Palmer (American football),Chris Palmer,Chris Palmer (American football),offensive_coordinator,False,True,True,False,https://en.wikipedia.org/wiki/2011_Tennessee_Titans_season,1370134357,2026-08-19T08:43:01Z,https://en.wikipedia.org/wiki/Chris_Palmer_(American_football),1371145578.0,2026-08-24T21:29:23Z,False
2011,WAS,Washington Redskins,Mike Shanahan,Mike Shanahan,Kyle Shanahan,Kyle Shanahan,Mike Shanahan,Mike Shanahan,hc_prior_offensive_coordinator,True,False,False,False,https://en.wikipedia.org/wiki/2011_Washington_Redskins_season,1370134226,2026-08-19T08:41:06Z,https://en.wikipedia.org/wiki/Mike_Shanahan,1372773449.0,2026-09-02T05:30:07Z,False
2012,ARI,Arizona Cardinals,Ken Whisenhunt,Ken Whisenhunt,Mike Miller,Mike Miller (American football coach),Ken Whisenhunt,Ken Whisenhunt,hc_prior_offensive_coordinator,True,False,True,False,https://en.wikipedia.org/wiki/2012_Arizona_Cardinals_season,1360214049,2026-06-19T23:48:08Z,https://en.wikipedia.org/wiki/Ken_Whisenhunt,1371317123.0,2026-08-25T21:43:45Z,False
2012,ATL,Atlanta Falcons,Mike Smith,Mike Smith (American football coach),Dirk Koetter,Dirk Koetter,Dirk Koetter,Dirk Koetter,offensive_coordinator,False,False,True,False,https://en.wikipedia.org/wiki/2012_Atlanta_Falcons_season,1360214367,2026-06-19T23:50:54Z,https://en.wikipedia.org/wiki/Dirk_Koetter,1329236647.0,2025-12-24T17:12:45Z,False
2012,BAL,Baltimore Ravens,John Harbaugh,John Harbaugh,Cam Cameron,Cam Cameron,Cam Cameron,Cam Cameron,offensive_coordinator,False,True,False,True,https://en.wikipedia.org/wiki/2012_Baltimore_Ravens_season,1360212421,2026-06-19T23:37:18Z,https://en.wikipedia.org/wiki/Cam_Cameron,1370827888.0,2026-08-23T08:00:01Z,True
2012,BUF,Buffalo Bills,Chan Gailey,Chan Gailey,,,Chan Gailey,Chan Gailey,hc_prior_offensive_coordinator,True,False,,False,https://en.wikipedia.org/wiki/2012_Buffalo_Bills_season,1368022423,2026-08-06T15:41:53Z,https://en.wikipedia.org/wiki/Chan_Gailey,1360092666.0,2026-06-19T04:52:15Z,True
2012,CAR,Carolina Panthers,Ron Rivera,Ron Rivera,Rob Chudzinski,Rob Chudzinski,Rob Chudzinski,Rob Chudzinski,offensive_coordinator,False,False,False,False,https://en.wikipedia.org/wiki/2012_Carolina_Panthers_season,1360214417,2026-06-19T23:51:34Z,https://en.wikipedia.org/wiki/Rob_Chudzinski,1366906141.0,2026-07-30T21:16:17Z,False
2012,CHI,Chicago Bears,Lovie Smith,Lovie Smith,Mike Tice,Mike Tice,Mike Tice,Mike Tice,offensive_coordinator,False,False,True,False,https://en.wikipedia.org/wiki/2012_Chicago_Bears_season,1370941068,2026-08-23T21:07:09Z,https://en.wikipedia.org/wiki/Mike_Tice,1350311625.0,2026-04-21T06:05:10Z,False
2012,CIN,Cincinnati Bengals,Marvin Lewis,Marvin Lewis,Jay Gruden,Jay Gruden,Jay Gruden,Jay Gruden,offensive_coordinator,False,False,False,False,https://en.wikipedia.org/wiki/2012_Cincinnati_Bengals_season,1362617364,2026-07-05T04:43:11Z,https://en.wikipedia.org/wiki/Jay_Gruden,1372075700.0,2026-08-30T04:41:12Z,False
2012,CLE,Cleveland Browns,Pat Shurmur,Pat Shurmur,Brad Childress,Brad Childress,Pat Shurmur,Pat Shurmur,hc_prior_offensive_coordinator,True,False,,False,https://en.wikipedia.org/wiki/2012_Cleveland_Browns_season,1370129292,2026-08-19T07:36:07Z,https://en.wikipedia.org/wiki/Pat_Shurmur,1367139264.0,2026-08-01T06:30:15Z,False
2012,DAL,Dallas Cowboys,Jason Garrett,Jason Garrett,,,Jason Garrett,Jason Garrett,hc_prior_offensive_coordinator,True,False,,False,https://en.wikipedia.org/wiki/2012_Dallas_Cowboys_season,1345637750,2026-03-27T06:06:47Z,https://en.wikipedia.org/wiki/Jason_Garrett,1371019151.0,2026-08-24T04:12:17Z,True
2012,DEN,Denver Broncos,John Fox,John Fox (American football),Mike McCoy,Mike McCoy (American football coach),Mike McCoy,Mike McCoy (American football coach),offensive_coordinator,False,False,False,False,https://en.wikipedia.org/wiki/2012_Denver_Broncos_season,1370991197,2026-08-24T01:50:08Z,https://en.wikipedia.org/wiki/Mike_McCoy_(American_football_coach),1372911715.0,2026-09-02T23:16:39Z,False
2012,DET,Detroit Lions,Jim Schwartz,Jim Schwartz,Scott Linehan,Scott Linehan,Scott Linehan,Scott Linehan,offensive_coordinator,False,False,False,False,https://en.wikipedia.org/wiki/2012_Detroit_Lions_season,1369762566,2026-08-17T00:42:18Z,https://en.wikipedia.org/wiki/Scott_Linehan,1367212094.0,2026-08-01T19:06:47Z,False
2012,GB,Green Bay Packers,Mike McCarthy,Mike McCarthy,Tom Clements,Tom Clements,Mike McCarthy,Mike McCarthy,hc_prior_offensive_coordinator,True,False,True,False,https://en.wikipedia.org/wiki/2012_Green_Bay_Packers_season,1360666257,2026-06-22T21:37:45Z,https://en.wikipedia.org/wiki/Mike_McCarthy,1370780074.0,2026-08-23T01:59:00Z,False
2012,HOU,Houston Texans,Gary Kubiak,Gary Kubiak,Rick Dennison,Rick Dennison,Gary Kubiak,Gary Kubiak,hc_prior_offensive_coordinator,True,False,False,False,https://en.wikipedia.org/wiki/2012_Houston_Texans_season,1360213231,2026-06-19T23:42:30Z,https://en.wikipedia.org/wiki/Gary_Kubiak,1370838987.0,2026-08-23T09:54:52Z,False
2012,IND,Indianapolis Colts,Chuck Pagano,Chuck Pagano,Bruce Arians,Bruce Arians,Bruce Arians,Bruce Arians,offensive_coordinator,False,True,True,True,https://en.wikipedia.org/wiki/2012_Indianapolis_Colts_season,1371043062,2026-08-24T06:59:12Z,,,,True
2012,JAX,Jacksonville Jaguars,Mike Mularkey,Mike Mularkey,Bob Bratkowski,Bob Bratkowski,Mike Mularkey,Mike Mularkey,hc_prior_offensive_coordinator,True,True,True,False,https://en.wikipedia.org/wiki/2012_Jacksonville_Jaguars_season,1358918966,2026-06-11T20:48:16Z,https://en.wikipedia.org/wiki/Mike_Mularkey,1342382734.0,2026-03-08T17:25:44Z,False
2012,KC,Kansas City Chiefs,Romeo Crennel,Romeo Crennel,Brian Daboll,Brian Daboll,Brian Daboll,Brian Daboll,offensive_coordinator,False,False,True,False,https://en.wikipedia.org/wiki/2012_Kansas_City_Chiefs_season,1341196717,2026-03-02T00:05:55Z,https://en.wikipedia.org/wiki/Brian_Daboll,1372930267.0,2026-09-03T01:15:39Z,False
2012,LAC,San Diego Chargers,Norv Turner,Norv Turner,,,Norv Turner,Norv Turner,hc_prior_offensive_coordinator,True,False,True,False,https://en.wikipedia.org/wiki/2012_San_Diego_Chargers_season,1360214004,2026-06-19T23:47:29Z,https://en.wikipedia.org/wiki/Norv_Turner,1354047840.0,2026-05-14T00:32:05Z,True
2012,LAR,St. Louis Rams,Jeff Fisher,Jeff Fisher,Brian Schottenheimer,Brian Schottenheimer,Brian Schottenheimer,Brian Schottenheimer,offensive_coordinator,False,True,True,False,https://en.wikipedia.org/wiki/2012_St._Louis_Rams_season,1360214159,2026-06-19T23:48:34Z,https://en.wikipedia.org/wiki/Brian_Schottenheimer,1365068709.0,2026-07-20T02:46:52Z,False
2012,LV,Oakland Raiders,Dennis Allen,Dennis Allen (American football),Fan Reaction,,Fan Reaction,,offensive_coordinator,False,True,,False,https://en.wikipedia.org/wiki/2012_Oakland_Raiders_season,1360213883,2026-06-19T23:47:06Z,,,,True
2012,MIA,Miami Dolphins,Joe Philbin,Joe Philbin,Mike Sherman,Mike Sherman,Joe Philbin,Joe Philbin,hc_prior_offensive_coordinator,True,True,True,False,https://en.wikipedia.org/wiki/2012_Miami_Dolphins_season,1369942146,2026-08-18T03:53:46Z,https://en.wikipedia.org/wiki/Joe_Philbin,1366026413.0,2026-07-25T21:14:46Z,False
2012,MIN,Minnesota Vikings,Leslie Frazier,Leslie Frazier,Bill Musgrave,Bill Musgrave,Bill Musgrave,Bill Musgrave,offensive_coordinator,False,False,False,False,https://en.wikipedia.org/wiki/2012_Minnesota_Vikings_season,1360214982,2026-06-19T23:57:55Z,https://en.wikipedia.org/wiki/Bill_Musgrave,1351426305.0,2026-04-27T21:36:48Z,False
2012,NE,New England Patriots,Bill Belichick,Bill Belichick,Josh McDaniels,Josh McDaniels,Josh McDaniels,Josh McDaniels,offensive_coordinator,False,False,True,False,https://en.wikipedia.org/wiki/2012_New_England_Patriots_season,1366538904,2026-07-28T16:11:45Z,,,,True
2012,NO,New Orleans Saints,Sean Payton,Sean Payton,"Pete Carmichael, Jr.","Pete Carmichael, Jr.","Pete Carmichael, Jr.","Pete Carmichael, Jr.",offensive_coordinator,False,False,True,True,https://en.wikipedia.org/wiki/2012_New_Orleans_Saints_season,1360214558,2026-06-19T23:53:26Z,,,,True
2012,NYG,New York Giants,Tom Coughlin,Tom Coughlin,Kevin Gilbride,Kevin Gilbride,Tom Coughlin,Tom Coughlin,hc_prior_offensive_coordinator,True,False,False,False,https://en.wikipedia.org/wiki/2012_New_York_Giants_season,1360215068,2026-06-19T23:59:12Z,https://en.wikipedia.org/wiki/Tom_Coughlin,1372452084.0,2026-08-31T20:24:49Z,False
2012,NYJ,New York Jets,Rex Ryan,Rex Ryan,Tony Sparano,Tony Sparano,Tony Sparano,Tony Sparano,offensive_coordinator,False,False,True,False,https://en.wikipedia.org/wiki/2012_New_York_Jets_season,1360212239,2026-06-19T23:36:24Z,https://en.wikipedia.org/wiki/Tony_Sparano,1344212531.0,2026-03-19T01:32:12Z,False
2012,PHI,Philadelphia Eagles,Andy Reid,Andy Reid,Marty Mornhinweg,Marty Mornhinweg,Marty Mornhinweg,Marty Mornhinweg,offensive_coordinator,False,False,False,False,https://en.wikipedia.org/wiki/2012_Philadelphia_Eagles_season,1371104245,2026-08-24T16:15:34Z,https://en.wikipedia.org/wiki/Marty_Mornhinweg,1370859358.0,2026-08-23T12:57:01Z,False
2012,PIT,Pittsburgh Steelers,Mike Tomlin,Mike Tomlin,Todd Haley,Todd Haley,Todd Haley,Todd Haley,offensive_coordinator,False,False,True,False,https://en.wikipedia.org/wiki/2012_Pittsburgh_Steelers_season,1360212940,2026-06-19T23:40:28Z,https://en.wikipedia.org/wiki/Todd_Haley,1354256523.0,2026-05-15T07:48:42Z,False
2012,SEA,Seattle Seahawks,Pete Carroll,Pete Carroll,Darrell Bevell,Darrell Bevell,Darrell Bevell,Darrell Bevell,offensive_coordinator,False,False,False,False,https://en.wikipedia.org/wiki/2012_Seattle_Seahawks_season,1360214232,2026-06-19T23:49:33Z,https://en.wikipedia.org/wiki/Darrell_Bevell,1362695435.0,2026-07-05T17:34:38Z,False
2012,SF,San Francisco 49ers,Jim Harbaugh,Jim Harbaugh,Greg Roman,Greg Roman,Greg Roman,Greg Roman,offensive_coordinator,False,False,False,False,https://en.wikipedia.org/wiki/2012_San_Francisco_49ers_season,1360208513,2026-06-19T23:02:25Z,https://en.wikipedia.org/wiki/Greg_Roman,1359192614.0,2026-06-13T18:49:27Z,False
2012,TB,Tampa Bay Buccaneers,Greg Schiano,Greg Schiano,Mike Sullivan,Mike Sullivan (American football coach),Mike Sullivan,Mike Sullivan (American football coach),offensive_coordinator,False,True,True,False,https://en.wikipedia.org/wiki/2012_Tampa_Bay_Buccaneers_season,1366029677,2026-07-25T21:44:02Z,https://en.wikipedia.org/wiki/Mike_Sullivan_(American_football_coach),1360008436.0,2026-06-18T17:30:16Z,False
2012,TEN,Tennessee Titans,Mike Munchak,Mike Munchak,Chris Palmer,Chris Palmer (American football),Chris Palmer,Chris Palmer (American football),offensive_coordinator,False,False,False,False,https://en.wikipedia.org/wiki/2012_Tennessee_Titans_season,1372835906,2026-09-02T14:30:31Z,https://en.wikipedia.org/wiki/Chris_Palmer_(American_football),1371145578.0,2026-08-24T21:29:23Z,False
2012,WAS,Washington Redskins,Mike Shanahan,Mike Shanahan,Kyle Shanahan,Kyle Shanahan,Mike Shanahan,Mike Shanahan,hc_prior_offensive_coordinator,True,False,False,False,https://en.wikipedia.org/wiki/2012_Washington_Redskins_season,1360215123,2026-06-19T23:59:49Z,https://en.wikipedia.org/wiki/Mike_Shanahan,1372773449.0,2026-09-02T05:30:07Z,False
2013,ARI,Arizona Cardinals,Bruce Arians,Bruce Arians,,,Bruce Arians,Bruce Arians,hc_fallback_no_oc_documented,False,True,True,False,https://en.wikipedia.org/wiki/2013_Arizona_Cardinals_season,1370132214,2026-08-19T08:15:07Z,,,,True
2013,ATL,Atlanta Falcons,Mike Smith,Mike Smith (American football coach),Dirk Koetter,Dirk Koetter,Dirk Koetter,Dirk Koetter,offensive_coordinator,False,False,False,False,https://en.wikipedia.org/wiki/2013_Atlanta_Falcons_season,1341319384,2026-03-02T15:10:53Z,https://en.wikipedia.org/wiki/Dirk_Koetter,1329236647.0,2025-12-24T17:12:45Z,False
2013,BAL,Baltimore Ravens,John Harbaugh,John Harbaugh,Jim Caldwell,Jim Caldwell (American football),Jim Caldwell,Jim Caldwell (American football),offensive_coordinator,False,False,False,False,https://en.wikipedia.org/wiki/2013_Baltimore_Ravens_season,1362617467,2026-07-05T04:44:26Z,https://en.wikipedia.org/wiki/Jim_Caldwell_(American_football),1372264909.0,2026-08-31T02:08:41Z,False
2013,BUF,Buffalo Bills,Doug Marrone,Doug Marrone,Nathaniel Hackett,Nathaniel Hackett,Doug Marrone,Doug Marrone,hc_prior_offensive_coordinator,True,True,,False,https://en.wikipedia.org/wiki/2013_Buffalo_Bills_season,1370134517,2026-08-19T08:44:56Z,https://en.wikipedia.org/wiki/Doug_Marrone,1365995958.0,2026-07-25T17:17:59Z,False
2013,CAR,Carolina Panthers,Ron Rivera,Ron Rivera,Mike Shula,Mike Shula,Mike Shula,Mike Shula,offensive_coordinator,False,False,True,False,https://en.wikipedia.org/wiki/2013_Carolina_Panthers_season,1370132520,2026-08-19T08:19:07Z,https://en.wikipedia.org/wiki/Mike_Shula,1371102364.0,2026-08-24T16:00:54Z,False
2013,CHI,Chicago Bears,Marc Trestman,Marc Trestman,,,Marc Trestman,Marc Trestman,hc_prior_offensive_coordinator,True,True,True,False,https://en.wikipedia.org/wiki/2013_Chicago_Bears_season,1370132439,2026-08-19T08:17:46Z,https://en.wikipedia.org/wiki/Marc_Trestman,1370858429.0,2026-08-23T12:49:54Z,True
2013,CIN,Cincinnati Bengals,Marvin Lewis,Marvin Lewis,Jay Gruden,Jay Gruden,Jay Gruden,Jay Gruden,offensive_coordinator,False,False,False,False,https://en.wikipedia.org/wiki/2013_Cincinnati_Bengals_season,1370133096,2026-08-19T08:26:33Z,https://en.wikipedia.org/wiki/Jay_Gruden,1372075700.0,2026-08-30T04:41:12Z,False
2013,CLE,Cleveland Browns,Rob Chudzinski,Rob Chudzinski,Norv Turner,Norv Turner,Rob Chudzinski,Rob Chudzinski,hc_prior_offensive_coordinator,True,True,True,False,https://en.wikipedia.org/wiki/2013_Cleveland_Browns_season,1370133169,2026-08-19T08:27:44Z,https://en.wikipedia.org/wiki/Rob_Chudzinski,1366906141.0,2026-07-30T21:16:17Z,False
2013,DAL,Dallas Cowboys,Jason Garrett,Jason Garrett,,,Jason Garrett,Jason Garrett,hc_prior_offensive_coordinator,True,False,,False,https://en.wikipedia.org/wiki/2013_Dallas_Cowboys_season,1371820205,2026-08-28T17:27:10Z,https://en.wikipedia.org/wiki/Jason_Garrett,1371019151.0,2026-08-24T04:12:17Z,True
2013,DEN,Denver Broncos,John Fox,John Fox (American football),Adam Gase,Adam Gase,Adam Gase,Adam Gase,offensive_coordinator,False,False,True,True,https://en.wikipedia.org/wiki/2013_Denver_Broncos_season,1371471865,2026-08-26T17:09:28Z,https://en.wikipedia.org/wiki/Adam_Gase,1370114823.0,2026-08-19T05:29:40Z,True
2013,DET,Detroit Lions,Jim Schwartz,Jim Schwartz,Scott Linehan,Scott Linehan,Scott Linehan,Scott Linehan,offensive_coordinator,False,False,False,False,https://en.wikipedia.org/wiki/2013_Detroit_Lions_season,1370134560,2026-08-19T08:45:26Z,https://en.wikipedia.org/wiki/Scott_Linehan,1367212094.0,2026-08-01T19:06:47Z,False
2013,GB,Green Bay Packers,Mike McCarthy,Mike McCarthy,Tom Clements,Tom Clements,Mike McCarthy,Mike McCarthy,hc_prior_offensive_coordinator,True,False,False,False,https://en.wikipedia.org/wiki/2013_Green_Bay_Packers_season,1370134455,2026-08-19T08:44:29Z,https://en.wikipedia.org/wiki/Mike_McCarthy,1370780074.0,2026-08-23T01:59:00Z,False
2013,HOU,Houston Texans,Gary Kubiak,Gary Kubiak,Rick Dennison,Rick Dennison,Gary Kubiak,Gary Kubiak,hc_prior_offensive_coordinator,True,False,False,True,https://en.wikipedia.org/wiki/2013_Houston_Texans_season,1370133639,2026-08-19T08:33:44Z,https://en.wikipedia.org/wiki/Gary_Kubiak,1370838987.0,2026-08-23T09:54:52Z,True
2013,IND,Indianapolis Colts,Chuck Pagano,Chuck Pagano,Pep Hamilton,Pep Hamilton,Pep Hamilton,Pep Hamilton,offensive_coordinator,False,True,True,False,https://en.wikipedia.org/wiki/2013_Indianapolis_Colts_season,1371508083,2026-08-26T21:44:27Z,,,,True
2013,JAX,Jacksonville Jaguars,Gus Bradley,Gus Bradley,Jedd Fisch,Jedd Fisch,Jedd Fisch,Jedd Fisch,offensive_coordinator,False,True,True,False,https://en.wikipedia.org/wiki/2013_Jacksonville_Jaguars_season,1370134620,2026-08-19T08:46:20Z,https://en.wikipedia.org/wiki/Jedd_Fisch,1371952201.0,2026-08-29T15:15:57Z,False
2013,KC,Kansas City Chiefs,Andy Reid,Andy Reid,Doug Pederson,Doug Pederson,Doug Pederson,Doug Pederson,offensive_coordinator,False,True,True,False,https://en.wikipedia.org/wiki/2013_Kansas_City_Chiefs_season,1371515555,2026-08-26T22:49:54Z,https://en.wikipedia.org/wiki/Doug_Pederson,1372203063.0,2026-08-30T21:22:36Z,False
2013,LAC,San Diego Chargers,Mike McCoy,Mike McCoy (American football coach),Ken Whisenhunt,Ken Whisenhunt,Mike McCoy,Mike McCoy (American football coach),hc_prior_offensive_coordinator,True,True,,False,https://en.wikipedia.org/wiki/2013_San_Diego_Chargers_season,1370132904,2026-08-19T08:24:10Z,https://en.wikipedia.org/wiki/Mike_McCoy_(American_football_coach),1372911715.0,2026-09-02T23:16:39Z,False
2013,LAR,St. Louis Rams,Jeff Fisher,Jeff Fisher,Brian Schottenheimer,Brian Schottenheimer,Brian Schottenheimer,Brian Schottenheimer,offensive_coordinator,False,False,False,False,https://en.wikipedia.org/wiki/2013_St._Louis_Rams_season,1370132680,2026-08-19T08:21:10Z,https://en.wikipedia.org/wiki/Brian_Schottenheimer,1365068709.0,2026-07-20T02:46:52Z,False
2013,LV,Oakland Raiders,Dennis Allen,Dennis Allen (American football),Greg Olson,Greg Olson (American football),Greg Olson,Greg Olson (American football),offensive_coordinator,False,False,True,False,https://en.wikipedia.org/wiki/2013_Oakland_Raiders_season,1370133500,2026-08-19T08:31:45Z,https://en.wikipedia.org/wiki/Greg_Olson_(American_football),1338231029.0,2026-02-13T23:07:07Z,False
2013,MIA,Miami Dolphins,Joe Philbin,Joe Philbin,Mike Sherman,Mike Sherman,Joe Philbin,Joe Philbin,hc_prior_offensive_coordinator,True,False,False,False,https://en.wikipedia.org/wiki/2013_Miami_Dolphins_season,1370134274,2026-08-19T08:41:37Z,https://en.wikipedia.org/wiki/Joe_Philbin,1366026413.0,2026-07-25T21:14:46Z,False
2013,MIN,Minnesota Vikings,Leslie Frazier,Leslie Frazier,Bill Musgrave,Bill Musgrave,Bill Musgrave,Bill Musgrave,offensive_coordinator,False,False,False,False,https://en.wikipedia.org/wiki/2013_Minnesota_Vikings_season,1371868052,2026-08-29T00:32:33Z,https://en.wikipedia.org/wiki/Bill_Musgrave,1351426305.0,2026-04-27T21:36:48Z,False
2013,NE,New England Patriots,Bill Belichick,Bill Belichick,,,Bill Belichick,Bill Belichick,hc_fallback_no_oc_documented,False,False,True,False,https://en.wikipedia.org/wiki/2013_New_England_Patriots_season,1370134299,2026-08-19T08:42:03Z,https://en.wikipedia.org/wiki/Bill_Belichick,1372262973.0,2026-08-31T02:00:03Z,True
2013,NO,New Orleans Saints,Sean Payton,Sean Payton,Pete Carmichael Jr.,Pete Carmichael Jr.,Pete Carmichael Jr.,Pete Carmichael Jr.,offensive_coordinator,False,True,True,False,https://en.wikipedia.org/wiki/2013_New_Orleans_Saints_season,1370134588,2026-08-19T08:45:50Z,https://en.wikipedia.org/wiki/Pete_Carmichael_Jr.,1349785236.0,2026-04-18T22:49:41Z,False
2013,NYG,New York Giants,Tom Coughlin,Tom Coughlin,Kevin Gilbride,Kevin Gilbride,Tom Coughlin,Tom Coughlin,hc_prior_offensive_coordinator,True,False,False,False,https://en.wikipedia.org/wiki/2013_New_York_Giants_season,1370133796,2026-08-19T08:35:57Z,https://en.wikipedia.org/wiki/Tom_Coughlin,1372452084.0,2026-08-31T20:24:49Z,False
2013,NYJ,New York Jets,Rex Ryan,Rex Ryan,Marty Mornhinweg,Marty Mornhinweg,Marty Mornhinweg,Marty Mornhinweg,offensive_coordinator,False,False,True,False,https://en.wikipedia.org/wiki/2013_New_York_Jets_season,1358919189,2026-06-11T20:50:02Z,https://en.wikipedia.org/wiki/Marty_Mornhinweg,1370859358.0,2026-08-23T12:57:01Z,False
2013,PHI,Philadelphia Eagles,Chip Kelly,Chip Kelly,Pat Shurmur,Pat Shurmur,Pat Shurmur,Pat Shurmur,offensive_coordinator,False,True,True,False,https://en.wikipedia.org/wiki/2013_Philadelphia_Eagles_season,1370133575,2026-08-19T08:32:47Z,https://en.wikipedia.org/wiki/Pat_Shurmur,1367139264.0,2026-08-01T06:30:15Z,False
2013,PIT,Pittsburgh Steelers,Mike Tomlin,Mike Tomlin,Todd Haley,Todd Haley,Todd Haley,Todd Haley,offensive_coordinator,False,False,False,False,https://en.wikipedia.org/wiki/2013_Pittsburgh_Steelers_season,1370134651,2026-08-19T08:46:50Z,https://en.wikipedia.org/wiki/Todd_Haley,1354256523.0,2026-05-15T07:48:42Z,False
2013,SEA,Seattle Seahawks,Pete Carroll,Pete Carroll,Darrell Bevell,Darrell Bevell,Darrell Bevell,Darrell Bevell,offensive_coordinator,False,False,False,False,https://en.wikipedia.org/wiki/2013_Seattle_Seahawks_season,1370132841,2026-08-19T08:23:23Z,https://en.wikipedia.org/wiki/Darrell_Bevell,1362695435.0,2026-07-05T17:34:38Z,False
2013,SF,San Francisco 49ers,Jim Harbaugh,Jim Harbaugh,Greg Roman,Greg Roman,Greg Roman,Greg Roman,offensive_coordinator,False,False,False,False,https://en.wikipedia.org/wiki/2013_San_Francisco_49ers_season,1358330047,2026-06-08T01:29:09Z,https://en.wikipedia.org/wiki/Greg_Roman,1359192614.0,2026-06-13T18:49:27Z,False
2013,TB,Tampa Bay Buccaneers,Greg Schiano,Greg Schiano,Mike Sullivan,Mike Sullivan (American football coach),Mike Sullivan,Mike Sullivan (American football coach),offensive_coordinator,False,False,False,False,https://en.wikipedia.org/wiki/2013_Tampa_Bay_Buccaneers_season,1370134423,2026-08-19T08:44:03Z,https://en.wikipedia.org/wiki/Mike_Sullivan_(American_football_coach),1360008436.0,2026-06-18T17:30:16Z,False
2013,TEN,Tennessee Titans,Mike Munchak,Mike Munchak,Dowell Loggains,Dowell Loggains,Dowell Loggains,Dowell Loggains,offensive_coordinator,False,False,True,False,https://en.wikipedia.org/wiki/2013_Tennessee_Titans_season,1369956502,2026-08-18T06:26:19Z,https://en.wikipedia.org/wiki/Dowell_Loggains,1362614329.0,2026-07-05T04:05:14Z,False
2013,WAS,Washington Redskins,Mike Shanahan,Mike Shanahan,Kyle Shanahan,Kyle Shanahan,Mike Shanahan,Mike Shanahan,hc_prior_offensive_coordinator,True,False,False,False,https://en.wikipedia.org/wiki/2013_Washington_Redskins_season,1370134677,2026-08-19T08:47:19Z,https://en.wikipedia.org/wiki/Mike_Shanahan,1372773449.0,2026-09-02T05:30:07Z,False
2014,ARI,Arizona Cardinals,Bruce Arians,Bruce Arians,Harold Goodwin,Harold Goodwin (American football),Harold Goodwin,Harold Goodwin (American football),offensive_coordinator,False,False,,False,https://en.wikipedia.org/wiki/2014_Arizona_Cardinals_season,1350648007,2026-04-23T04:05:39Z,,,,True
2014,ATL,Atlanta Falcons,Mike Smith,Mike Smith (American football coach),Dirk Koetter,Dirk Koetter,Dirk Koetter,Dirk Koetter,offensive_coordinator,False,False,False,False,https://en.wikipedia.org/wiki/2014_Atlanta_Falcons_season,1341319405,2026-03-02T15:11:02Z,https://en.wikipedia.org/wiki/Dirk_Koetter,1329236647.0,2025-12-24T17:12:45Z,False
2014,BAL,Baltimore Ravens,John Harbaugh,John Harbaugh,Gary Kubiak,Gary Kubiak,Gary Kubiak,Gary Kubiak,offensive_coordinator,False,False,True,False,https://en.wikipedia.org/wiki/2014_Baltimore_Ravens_season,1365396101,2026-07-22T03:38:05Z,https://en.wikipedia.org/wiki/Gary_Kubiak,1370838987.0,2026-08-23T09:54:52Z,False
2014,BUF,Buffalo Bills,Doug Marrone,Doug Marrone,Nathaniel Hackett,Nathaniel Hackett,Doug Marrone,Doug Marrone,hc_prior_offensive_coordinator,True,False,False,False,https://en.wikipedia.org/wiki/2014_Buffalo_Bills_season,1354591923,2026-05-17T08:18:44Z,https://en.wikipedia.org/wiki/Doug_Marrone,1365995958.0,2026-07-25T17:17:59Z,False
2014,CAR,Carolina Panthers,Linda O'Hora,,Mike Shula,Mike Shula,Mike Shula,Mike Shula,offensive_coordinator,False,True,False,False,https://en.wikipedia.org/wiki/2014_Carolina_Panthers_season,1341321567,2026-03-02T15:28:19Z,https://en.wikipedia.org/wiki/Mike_Shula,1371102364.0,2026-08-24T16:00:54Z,False
2014,CHI,Chicago Bears,Marc Trestman,Marc Trestman,Aaron Kromer,Aaron Kromer,Marc Trestman,Marc Trestman,hc_prior_offensive_coordinator,True,False,,False,https://en.wikipedia.org/wiki/2014_Chicago_Bears_season,1371847576,2026-08-28T21:14:52Z,https://en.wikipedia.org/wiki/Marc_Trestman,1370858429.0,2026-08-23T12:49:54Z,False
2014,CIN,Cincinnati Bengals,Marvin Lewis,Marvin Lewis,Hue Jackson,Hue Jackson,Hue Jackson,Hue Jackson,offensive_coordinator,False,False,True,False,https://en.wikipedia.org/wiki/2014_Cincinnati_Bengals_season,1346372724,2026-03-31T13:43:20Z,https://en.wikipedia.org/wiki/Hue_Jackson,1372654510.0,2026-09-01T17:20:33Z,False
2014,CLE,Cleveland Browns,Mike Pettine,Mike Pettine,Kyle Shanahan,Kyle Shanahan,Kyle Shanahan,Kyle Shanahan,offensive_coordinator,False,True,True,False,https://en.wikipedia.org/wiki/2014_Cleveland_Browns_season,1352670554,2026-05-05T15:50:10Z,https://en.wikipedia.org/wiki/Kyle_Shanahan,1368731193.0,2026-08-10T19:49:53Z,False
2014,DAL,Dallas Cowboys,Jason Garrett,Jason Garrett,Bill Callahan,Bill Callahan (American football coach),Jason Garrett,Jason Garrett,hc_prior_offensive_coordinator,True,False,,False,https://en.wikipedia.org/wiki/2014_Dallas_Cowboys_season,1356559138,2026-05-28T14:23:59Z,https://en.wikipedia.org/wiki/Jason_Garrett,1371019151.0,2026-08-24T04:12:17Z,False
2014,DEN,Denver Broncos,John Fox,John Fox (American football),Adam Gase,Adam Gase,Adam Gase,Adam Gase,offensive_coordinator,False,True,False,False,https://en.wikipedia.org/wiki/2014_Denver_Broncos_season,1353221720,2026-05-08T22:55:28Z,https://en.wikipedia.org/wiki/Adam_Gase,1370114823.0,2026-08-19T05:29:40Z,False
2014,DET,Detroit Lions,Jim Caldwell,Jim Caldwell (American football),Joe Lombardi,Joe Lombardi,Jim Caldwell,Jim Caldwell (American football),hc_prior_offensive_coordinator,True,True,True,False,https://en.wikipedia.org/wiki/2014_Detroit_Lions_season,1369762433,2026-08-17T00:40:55Z,https://en.wikipedia.org/wiki/Jim_Caldwell_(American_football),1372264909.0,2026-08-31T02:08:41Z,False
2014,GB,Green Bay Packers,Mike McCarthy,Mike McCarthy,Tom Clements,Tom Clements,Mike McCarthy,Mike McCarthy,hc_prior_offensive_coordinator,True,False,False,False,https://en.wikipedia.org/wiki/2014_Green_Bay_Packers_season,1341146181,2026-03-01T18:40:25Z,https://en.wikipedia.org/wiki/Mike_McCarthy,1370780074.0,2026-08-23T01:59:00Z,False
2014,HOU,Houston Texans,Bill O'Brien,Bill O'Brien (American football),,,Bill O'Brien,Bill O'Brien (American football),hc_fallback_no_oc_documented,False,True,True,False,https://en.wikipedia.org/wiki/2014_Houston_Texans_season,1341146926,2026-03-01T18:45:18Z,https://en.wikipedia.org/wiki/Bill_O'Brien_(American_football),1369284458.0,2026-08-14T01:43:48Z,True
2014,IND,Indianapolis Colts,Chuck Pagano,Chuck Pagano,Pep Hamilton,Pep Hamilton,Pep Hamilton,Pep Hamilton,offensive_coordinator,False,False,False,False,https://en.wikipedia.org/wiki/2014_Indianapolis_Colts_season,1371946249,2026-08-29T14:29:01Z,,,,True
2014,JAX,Jacksonville Jaguars,Gus Bradley,Gus Bradley,Jedd Fisch,Jedd Fisch,Jedd Fisch,Jedd Fisch,offensive_coordinator,False,False,False,False,https://en.wikipedia.org/wiki/2014_Jacksonville_Jaguars_season,1341177319,2026-03-01T22:10:59Z,https://en.wikipedia.org/wiki/Jedd_Fisch,1371952201.0,2026-08-29T15:15:57Z,False
2014,KC,Kansas City Chiefs,Andy Reid,Andy Reid,Doug Pederson,Doug Pederson,Doug Pederson,Doug Pederson,offensive_coordinator,False,False,False,False,https://en.wikipedia.org/wiki/2014_Kansas_City_Chiefs_season,1368923810,2026-08-11T21:56:31Z,https://en.wikipedia.org/wiki/Doug_Pederson,1372203063.0,2026-08-30T21:22:36Z,False
2014,LAC,San Diego Chargers,Mike McCoy,Mike McCoy (American football coach),Frank Reich,Frank Reich,Mike McCoy,Mike McCoy (American football coach),hc_prior_offensive_coordinator,True,False,True,False,https://en.wikipedia.org/wiki/2014_San_Diego_Chargers_season,1341206295,2026-03-02T00:56:33Z,https://en.wikipedia.org/wiki/Mike_McCoy_(American_football_coach),1372911715.0,2026-09-02T23:16:39Z,False
2014,LAR,St. Louis Rams,Jeff Fisher,Jeff Fisher,Brian Schottenheimer,Brian Schottenheimer,Brian Schottenheimer,Brian Schottenheimer,offensive_coordinator,False,False,False,False,https://en.wikipedia.org/wiki/2014_St._Louis_Rams_season,1341216583,2026-03-02T01:50:46Z,https://en.wikipedia.org/wiki/Brian_Schottenheimer,1365068709.0,2026-07-20T02:46:52Z,False
2014,LV,Oakland Raiders,Dennis Allen,Dennis Allen (American football),Greg Olson,Greg Olson (American football),Greg Olson,Greg Olson (American football),offensive_coordinator,False,False,False,True,https://en.wikipedia.org/wiki/2014_Oakland_Raiders_season,1369438140,2026-08-15T00:11:23Z,https://en.wikipedia.org/wiki/Greg_Olson_(American_football),1338231029.0,2026-02-13T23:07:07Z,True
2014,MIA,Miami Dolphins,Joe Philbin,Joe Philbin,Bill Lazor,Bill Lazor,Joe Philbin,Joe Philbin,hc_prior_offensive_coordinator,True,False,True,False,https://en.wikipedia.org/wiki/2014_Miami_Dolphins_season,1354759393,2026-05-18T02:53:07Z,https://en.wikipedia.org/wiki/Joe_Philbin,1366026413.0,2026-07-25T21:14:46Z,False
2014,MIN,Minnesota Vikings,Mike Zimmer,Mike Zimmer,Norv Turner,Norv Turner,Norv Turner,Norv Turner,offensive_coordinator,False,True,True,False,https://en.wikipedia.org/wiki/2014_Minnesota_Vikings_season,1371986829,2026-08-29T18:42:26Z,https://en.wikipedia.org/wiki/Norv_Turner,1354047840.0,2026-05-14T00:32:05Z,False
2014,NE,New England Patriots,Bill Belichick,Bill Belichick,,,Bill Belichick,Bill Belichick,hc_fallback_no_oc_documented,False,False,,False,https://en.wikipedia.org/wiki/2014_New_England_Patriots_season,1371650106,2026-08-27T17:03:43Z,https://en.wikipedia.org/wiki/Bill_Belichick,1372262973.0,2026-08-31T02:00:03Z,True
2014,NO,New Orleans Saints,Sean Payton,Sean Payton,Pete Carmichael Jr.,Pete Carmichael Jr.,Pete Carmichael Jr.,Pete Carmichael Jr.,offensive_coordinator,False,False,False,False,https://en.wikipedia.org/wiki/2014_New_Orleans_Saints_season,1341200996,2026-03-02T00:29:32Z,https://en.wikipedia.org/wiki/Pete_Carmichael_Jr.,1349785236.0,2026-04-18T22:49:41Z,False
2014,NYG,New York Giants,Tom Coughlin,Tom Coughlin,Ben McAdoo,Ben McAdoo,Tom Coughlin,Tom Coughlin,hc_prior_offensive_coordinator,True,False,True,False,https://en.wikipedia.org/wiki/2014_New_York_Giants_season,1345191795,2026-03-24T20:31:22Z,https://en.wikipedia.org/wiki/Tom_Coughlin,1372452084.0,2026-08-31T20:24:49Z,False
2014,NYJ,New York Jets,Rex Ryan,Rex Ryan,Marty Mornhinweg,Marty Mornhinweg,Marty Mornhinweg,Marty Mornhinweg,offensive_coordinator,False,False,False,False,https://en.wikipedia.org/wiki/2014_New_York_Jets_season,1356154785,2026-05-26T01:31:47Z,https://en.wikipedia.org/wiki/Marty_Mornhinweg,1370859358.0,2026-08-23T12:57:01Z,False
2014,PHI,Philadelphia Eagles,Chip Kelly,Chip Kelly,Pat Shurmur,Pat Shurmur,Pat Shurmur,Pat Shurmur,offensive_coordinator,False,False,False,False,https://en.wikipedia.org/wiki/2014_Philadelphia_Eagles_season,1359467592,2026-06-15T12:58:36Z,https://en.wikipedia.org/wiki/Pat_Shurmur,1367139264.0,2026-08-01T06:30:15Z,False
2014,PIT,Pittsburgh Steelers,Mike Tomlin,Mike Tomlin,Todd Haley,Todd Haley,Todd Haley,Todd Haley,offensive_coordinator,False,False,False,False,https://en.wikipedia.org/wiki/2014_Pittsburgh_Steelers_season,1355733826,2026-05-23T16:22:08Z,https://en.wikipedia.org/wiki/Todd_Haley,1354256523.0,2026-05-15T07:48:42Z,False
2014,SEA,Seattle Seahawks,Pete Carroll,Pete Carroll,Darrell Bevell,Darrell Bevell,Darrell Bevell,Darrell Bevell,offensive_coordinator,False,False,False,False,https://en.wikipedia.org/wiki/2014_Seattle_Seahawks_season,1366487488,2026-07-28T08:23:02Z,https://en.wikipedia.org/wiki/Darrell_Bevell,1362695435.0,2026-07-05T17:34:38Z,False
2014,SF,San Francisco 49ers,Jim Harbaugh,Jim Harbaugh,Greg Roman,Greg Roman,Greg Roman,Greg Roman,offensive_coordinator,False,False,False,False,https://en.wikipedia.org/wiki/2014_San_Francisco_49ers_season,1361548794,2026-06-28T17:00:21Z,https://en.wikipedia.org/wiki/Greg_Roman,1359192614.0,2026-06-13T18:49:27Z,False
2014,TB,Tampa Bay Buccaneers,Lovie Smith,Lovie Smith,Jeff Tedford,Jeff Tedford,Jeff Tedford,Jeff Tedford,offensive_coordinator,False,True,True,False,https://en.wikipedia.org/wiki/2014_Tampa_Bay_Buccaneers_season,1370768767,2026-08-23T00:40:02Z,https://en.wikipedia.org/wiki/Jeff_Tedford,1368230661.0,2026-08-07T20:53:13Z,False
2014,TEN,Tennessee Titans,Ken Whisenhunt,Ken Whisenhunt,Jason Michael,Jason Michael,Ken Whisenhunt,Ken Whisenhunt,hc_prior_offensive_coordinator,True,True,True,False,https://en.wikipedia.org/wiki/2014_Tennessee_Titans_season,1369956523,2026-08-18T06:26:35Z,https://en.wikipedia.org/wiki/Ken_Whisenhunt,1371317123.0,2026-08-25T21:43:45Z,False
2014,WAS,Washington Redskins,Jay Gruden,Jay Gruden,Sean McVay,Sean McVay,Jay Gruden,Jay Gruden,hc_prior_offensive_coordinator,True,True,True,False,https://en.wikipedia.org/wiki/2014_Washington_Redskins_season,1357711425,2026-06-04T06:07:48Z,https://en.wikipedia.org/wiki/Jay_Gruden,1372075700.0,2026-08-30T04:41:12Z,False
2015,ARI,Arizona Cardinals,Bruce Arians,Bruce Arians,Harold Goodwin,Harold Goodwin (American football),Harold Goodwin,Harold Goodwin (American football),offensive_coordinator,False,False,False,False,https://en.wikipedia.org/wiki/2015_Arizona_Cardinals_season,1350648127,2026-04-23T04:06:58Z,,,,True
2015,ATL,Atlanta Falcons,Dan Quinn,Dan Quinn (American football),Kyle Shanahan,Kyle Shanahan,Kyle Shanahan,Kyle Shanahan,offensive_coordinator,False,True,True,False,https://en.wikipedia.org/wiki/2015_Atlanta_Falcons_season,1370132262,2026-08-19T08:15:40Z,https://en.wikipedia.org/wiki/Kyle_Shanahan,1368731193.0,2026-08-10T19:49:53Z,False
2015,BAL,Baltimore Ravens,John Harbaugh,John Harbaugh,Marc Trestman,Marc Trestman,Marc Trestman,Marc Trestman,offensive_coordinator,False,False,True,False,https://en.wikipedia.org/wiki/2015_Baltimore_Ravens_season,1370133711,2026-08-19T08:34:46Z,https://en.wikipedia.org/wiki/Marc_Trestman,1370858429.0,2026-08-23T12:49:54Z,False
2015,BUF,Buffalo Bills,Rex Ryan,Rex Ryan,Greg Roman,Greg Roman,Greg Roman,Greg Roman,offensive_coordinator,False,True,True,False,https://en.wikipedia.org/wiki/2015_Buffalo_Bills_season,1370133951,2026-08-19T08:37:47Z,https://en.wikipedia.org/wiki/Greg_Roman,1359192614.0,2026-06-13T18:49:27Z,False
2015,CAR,Carolina Panthers,Linda O'Hora,,Mike Shula,Mike Shula,Mike Shula,Mike Shula,offensive_coordinator,False,True,False,False,https://en.wikipedia.org/wiki/2015_Carolina_Panthers_season,1360845488,2026-06-24T00:03:52Z,https://en.wikipedia.org/wiki/Mike_Shula,1371102364.0,2026-08-24T16:00:54Z,False
2015,CHI,Chicago Bears,John Fox,John Fox (American football),Adam Gase,Adam Gase,Adam Gase,Adam Gase,offensive_coordinator,False,True,True,False,https://en.wikipedia.org/wiki/2015_Chicago_Bears_season,1370132572,2026-08-19T08:19:56Z,https://en.wikipedia.org/wiki/Adam_Gase,1370114823.0,2026-08-19T05:29:40Z,False
2015,CIN,Cincinnati Bengals,Marvin Lewis,Marvin Lewis,Hue Jackson,Hue Jackson,Hue Jackson,Hue Jackson,offensive_coordinator,False,False,False,False,https://en.wikipedia.org/wiki/2015_Cincinnati_Bengals_season,1370133207,2026-08-19T08:28:21Z,https://en.wikipedia.org/wiki/Hue_Jackson,1372654510.0,2026-09-01T17:20:33Z,False
2015,CLE,Cleveland Browns,Mike Pettine,Mike Pettine,John DeFilippo,John DeFilippo,John DeFilippo,John DeFilippo,offensive_coordinator,False,False,True,False,https://en.wikipedia.org/wiki/2015_Cleveland_Browns_season,1341395110,2026-03-03T00:33:11Z,https://en.wikipedia.org/wiki/John_DeFilippo,1369461399.0,2026-08-15T03:33:14Z,False
2015,DAL,Dallas Cowboys,Jason Garrett,Jason Garrett,Scott Linehan,Scott Linehan,Jason Garrett,Jason Garrett,hc_prior_offensive_coordinator,True,False,True,False,https://en.wikipedia.org/wiki/2015_Dallas_Cowboys_season,1359131175,2026-06-13T08:22:58Z,https://en.wikipedia.org/wiki/Jason_Garrett,1371019151.0,2026-08-24T04:12:17Z,False
2015,DEN,Denver Broncos,the highest in franchise history.<ref>{{cite web,,Rick Dennison,Rick Dennison,Rick Dennison,Rick Dennison,offensive_coordinator,False,True,True,False,https://en.wikipedia.org/wiki/2015_Denver_Broncos_season,1366621824,2026-07-29T03:01:01Z,https://en.wikipedia.org/wiki/Rick_Dennison,1372793131.0,2026-09-02T08:20:56Z,False
2015,DET,Detroit Lions,Jim Caldwell,Jim Caldwell (American football),Joe Lombardi,Joe Lombardi,Jim Caldwell,Jim Caldwell (American football),hc_prior_offensive_coordinator,True,False,False,False,https://en.wikipedia.org/wiki/2015_Detroit_Lions_season,1369762383,2026-08-17T00:40:29Z,https://en.wikipedia.org/wiki/Jim_Caldwell_(American_football),1372264909.0,2026-08-31T02:08:41Z,False
2015,GB,Green Bay Packers,Mike McCarthy,Mike McCarthy,Edgar Bennett,Edgar Bennett,Mike McCarthy,Mike McCarthy,hc_prior_offensive_coordinator,True,False,True,False,https://en.wikipedia.org/wiki/2015_Green_Bay_Packers_season,1354644642,2026-05-17T15:35:28Z,https://en.wikipedia.org/wiki/Mike_McCarthy,1370780074.0,2026-08-23T01:59:00Z,False
2015,HOU,Houston Texans,Bill O'Brien,Bill O'Brien (American football),George Godsey,George Godsey,George Godsey,George Godsey,offensive_coordinator,False,False,,False,https://en.wikipedia.org/wiki/2015_Houston_Texans_season,1370133672,2026-08-19T08:34:12Z,https://en.wikipedia.org/wiki/George_Godsey,1356630033.0,2026-05-28T22:52:23Z,False
2015,IND,Indianapolis Colts,Chuck Pagano,Chuck Pagano,Rob Chudzinski,Rob Chudzinski,Rob Chudzinski,Rob Chudzinski,offensive_coordinator,False,False,True,False,https://en.wikipedia.org/wiki/2015_Indianapolis_Colts_season,1372638290,2026-09-01T15:50:25Z,https://en.wikipedia.org/wiki/Rob_Chudzinski,1366906141.0,2026-07-30T21:16:17Z,False
2015,JAX,Jacksonville Jaguars,Gus Bradley,Gus Bradley,Greg Olson,Greg Olson (American football),Greg Olson,Greg Olson (American football),offensive_coordinator,False,False,True,False,https://en.wikipedia.org/wiki/2015_Jacksonville_Jaguars_season,1370134033,2026-08-19T08:38:42Z,https://en.wikipedia.org/wiki/Greg_Olson_(American_football),1338231029.0,2026-02-13T23:07:07Z,False
2015,KC,Kansas City Chiefs,Andy Reid,Andy Reid,Doug Pederson,Doug Pederson,Doug Pederson,Doug Pederson,offensive_coordinator,False,False,False,False,https://en.wikipedia.org/wiki/2015_Kansas_City_Chiefs_season,1366769610,2026-07-30T02:50:36Z,https://en.wikipedia.org/wiki/Doug_Pederson,1372203063.0,2026-08-30T21:22:36Z,False
2015,LAC,San Diego Chargers,Mike McCoy,Mike McCoy (American football coach),Frank Reich,Frank Reich,Mike McCoy,Mike McCoy (American football coach),hc_prior_offensive_coordinator,True,False,False,False,https://en.wikipedia.org/wiki/2015_San_Diego_Chargers_season,1370817449,2026-08-23T06:25:41Z,https://en.wikipedia.org/wiki/Mike_McCoy_(American_football_coach),1372911715.0,2026-09-02T23:16:39Z,False
2015,LAR,St. Louis Rams,Jeff Fisher,Jeff Fisher,Rob Boras,Rob Boras,Rob Boras,Rob Boras,offensive_coordinator,False,False,True,False,https://en.wikipedia.org/wiki/2015_St._Louis_Rams_season,1370132717,2026-08-19T08:21:41Z,https://en.wikipedia.org/wiki/Rob_Boras,1338325603.0,2026-02-14T13:58:05Z,False
2015,LV,Oakland Raiders,Jack Del Rio,Jack Del Rio,Bill Musgrave,Bill Musgrave,Bill Musgrave,Bill Musgrave,offensive_coordinator,False,True,True,False,https://en.wikipedia.org/wiki/2015_Oakland_Raiders_season,1370133420,2026-08-19T08:30:45Z,https://en.wikipedia.org/wiki/Bill_Musgrave,1351426305.0,2026-04-27T21:36:48Z,False
2015,MIA,Miami Dolphins,Joe Philbin,Joe Philbin,,,Joe Philbin,Joe Philbin,hc_prior_offensive_coordinator,True,False,True,True,https://en.wikipedia.org/wiki/2015_Miami_Dolphins_season,1370133986,2026-08-19T08:38:12Z,https://en.wikipedia.org/wiki/Joe_Philbin,1366026413.0,2026-07-25T21:14:46Z,True
2015,MIN,Minnesota Vikings,Mike Zimmer,Mike Zimmer,Norv Turner,Norv Turner,Norv Turner,Norv Turner,offensive_coordinator,False,False,False,False,https://en.wikipedia.org/wiki/2015_Minnesota_Vikings_season,1370133363,2026-08-19T08:30:09Z,https://en.wikipedia.org/wiki/Norv_Turner,1354047840.0,2026-05-14T00:32:05Z,False
2015,NE,New England Patriots,Bill Belichick,Bill Belichick,Josh McDaniels,Josh McDaniels,Josh McDaniels,Josh McDaniels,offensive_coordinator,False,False,,False,https://en.wikipedia.org/wiki/2015_New_England_Patriots_season,1357442457,2026-06-02T17:52:28Z,,,,True
2015,NO,New Orleans Saints,Sean Payton,Sean Payton,Pete Carmichael,"Pete Carmichael, Jr.",Pete Carmichael,"Pete Carmichael, Jr.",offensive_coordinator,False,False,True,False,https://en.wikipedia.org/wiki/2015_New_Orleans_Saints_season,1370134080,2026-08-19T08:39:09Z,,,,True
2015,NYG,New York Giants,Tom Coughlin,Tom Coughlin,Ben McAdoo,Ben McAdoo,Tom Coughlin,Tom Coughlin,hc_prior_offensive_coordinator,True,False,False,False,https://en.wikipedia.org/wiki/2015_New_York_Giants_season,1370133748,2026-08-19T08:35:22Z,https://en.wikipedia.org/wiki/Tom_Coughlin,1372452084.0,2026-08-31T20:24:49Z,False
2015,NYJ,New York Jets,Todd Bowles,Todd Bowles,Chan Gailey,Chan Gailey,Chan Gailey,Chan Gailey,offensive_coordinator,False,True,True,False,https://en.wikipedia.org/wiki/2015_New_York_Jets_season,1369791148,2026-08-17T04:55:13Z,https://en.wikipedia.org/wiki/Chan_Gailey,1360092666.0,2026-06-19T04:52:15Z,False
2015,PHI,Philadelphia Eagles,Chip Kelly,Chip Kelly,Pat Shurmur,Pat Shurmur,Pat Shurmur,Pat Shurmur,offensive_coordinator,False,False,False,True,https://en.wikipedia.org/wiki/2015_Philadelphia_Eagles_season,1370133551,2026-08-19T08:32:23Z,https://en.wikipedia.org/wiki/Pat_Shurmur,1367139264.0,2026-08-01T06:30:15Z,True
2015,PIT,Pittsburgh Steelers,Mike Tomlin,Mike Tomlin,Todd Haley,Todd Haley,Todd Haley,Todd Haley,offensive_coordinator,False,False,False,False,https://en.wikipedia.org/wiki/2015_Pittsburgh_Steelers_season,1363850608,2026-07-12T21:32:40Z,https://en.wikipedia.org/wiki/Todd_Haley,1354256523.0,2026-05-15T07:48:42Z,False
2015,SEA,Seattle Seahawks,Pete Carroll,Pete Carroll,Darrell Bevell,Darrell Bevell,Darrell Bevell,Darrell Bevell,offensive_coordinator,False,False,False,False,https://en.wikipedia.org/wiki/2015_Seattle_Seahawks_season,1341148379,2026-03-01T18:54:06Z,https://en.wikipedia.org/wiki/Darrell_Bevell,1362695435.0,2026-07-05T17:34:38Z,False
2015,SF,San Francisco 49ers,Jim Tomsula,Jim Tomsula,Geep Chryst,Geep Chryst,Geep Chryst,Geep Chryst,offensive_coordinator,False,True,True,False,https://en.wikipedia.org/wiki/2015_San_Francisco_49ers_season,1362618511,2026-07-05T04:55:18Z,,,,True
2015,TB,Tampa Bay Buccaneers,Lovie Smith,Lovie Smith,Dirk Koetter,Dirk Koetter,Dirk Koetter,Dirk Koetter,offensive_coordinator,False,False,True,False,https://en.wikipedia.org/wiki/2015_Tampa_Bay_Buccaneers_season,1363385395,2026-07-09T21:56:44Z,https://en.wikipedia.org/wiki/Dirk_Koetter,1329236647.0,2025-12-24T17:12:45Z,False
2015,TEN,Tennessee Titans,Ken Whisenhunt,Ken Whisenhunt,Jason Michael,Jason Michael,Ken Whisenhunt,Ken Whisenhunt,hc_prior_offensive_coordinator,True,False,False,True,https://en.wikipedia.org/wiki/2015_Tennessee_Titans_season,1370490358,2026-08-21T11:56:59Z,https://en.wikipedia.org/wiki/Ken_Whisenhunt,1371317123.0,2026-08-25T21:43:45Z,True
2015,WAS,Washington Redskins,Jay Gruden,Jay Gruden,Sean McVay,Sean McVay,Jay Gruden,Jay Gruden,hc_prior_offensive_coordinator,True,False,False,False,https://en.wikipedia.org/wiki/2015_Washington_Redskins_season,1360202556,2026-06-19T22:05:48Z,https://en.wikipedia.org/wiki/Jay_Gruden,1372075700.0,2026-08-30T04:41:12Z,False
2016,ARI,Arizona Cardinals,Bruce Arians,Bruce Arians,,,Bruce Arians,Bruce Arians,hc_fallback_no_oc_documented,False,False,True,False,https://en.wikipedia.org/wiki/2016_Arizona_Cardinals_season,1350648276,2026-04-23T04:08:30Z,,,,True
2016,ATL,Atlanta Falcons,Dan Quinn,Dan Quinn (American football),Kyle Shanahan,Kyle Shanahan,Kyle Shanahan,Kyle Shanahan,offensive_coordinator,False,False,False,False,https://en.wikipedia.org/wiki/2016_Atlanta_Falcons_season,1362471002,2026-07-04T04:07:08Z,https://en.wikipedia.org/wiki/Kyle_Shanahan,1368731193.0,2026-08-10T19:49:53Z,False
2016,BAL,Baltimore Ravens,John Harbaugh,John Harbaugh,Marc Trestman,Marc Trestman,Marc Trestman,Marc Trestman,offensive_coordinator,False,False,False,True,https://en.wikipedia.org/wiki/2016_Baltimore_Ravens_season,1370412163,2026-08-21T00:26:04Z,https://en.wikipedia.org/wiki/Marc_Trestman,1370858429.0,2026-08-23T12:49:54Z,True
2016,BUF,Buffalo Bills,Rex Ryan,Rex Ryan,,,Rex Ryan,Rex Ryan,hc_fallback_no_oc_documented,False,False,True,True,https://en.wikipedia.org/wiki/2016_Buffalo_Bills_season,1341139589,2026-03-01T18:01:16Z,https://en.wikipedia.org/wiki/Rex_Ryan,1372876508.0,2026-09-02T19:02:26Z,True
2016,CAR,Carolina Panthers,Ron Rivera,Ron Rivera,Mike Shula,Mike Shula,Mike Shula,Mike Shula,offensive_coordinator,False,True,False,False,https://en.wikipedia.org/wiki/2016_Carolina_Panthers_season,1341321591,2026-03-02T15:28:37Z,https://en.wikipedia.org/wiki/Mike_Shula,1371102364.0,2026-08-24T16:00:54Z,False
2016,CHI,Chicago Bears,John Fox,John Fox (American football),Dowell Loggains,Dowell Loggains,Dowell Loggains,Dowell Loggains,offensive_coordinator,False,False,True,False,https://en.wikipedia.org/wiki/2016_Chicago_Bears_season,1341142611,2026-03-01T18:21:24Z,https://en.wikipedia.org/wiki/Dowell_Loggains,1362614329.0,2026-07-05T04:05:14Z,False
2016,CIN,Cincinnati Bengals,Marvin Lewis,Marvin Lewis,Ken Zampese,Ken Zampese,Ken Zampese,Ken Zampese,offensive_coordinator,False,False,True,False,https://en.wikipedia.org/wiki/2016_Cincinnati_Bengals_season,1370804087,2026-08-23T04:38:14Z,https://en.wikipedia.org/wiki/Ken_Zampese,1364278884.0,2026-07-15T16:44:09Z,False
2016,CLE,Cleveland Browns,Hue Jackson,Hue Jackson,,,Hue Jackson,Hue Jackson,hc_prior_offensive_coordinator,True,True,True,False,https://en.wikipedia.org/wiki/2016_Cleveland_Browns_season,1372001152,2026-08-29T20:05:48Z,https://en.wikipedia.org/wiki/Hue_Jackson,1372654510.0,2026-09-01T17:20:33Z,True
2016,DAL,Dallas Cowboys,Jason Garrett,Jason Garrett,Scott Linehan,Scott Linehan,Jason Garrett,Jason Garrett,hc_prior_offensive_coordinator,True,False,False,False,https://en.wikipedia.org/wiki/2016_Dallas_Cowboys_season,1354458535,2026-05-16T15:18:24Z,https://en.wikipedia.org/wiki/Jason_Garrett,1371019151.0,2026-08-24T04:12:17Z,False
2016,DEN,Denver Broncos,Gary Kubiak,Gary Kubiak,Rick Dennison,Rick Dennison,Gary Kubiak,Gary Kubiak,hc_prior_offensive_coordinator,True,True,False,True,https://en.wikipedia.org/wiki/2016_Denver_Broncos_season,1360390400,2026-06-21T05:18:23Z,https://en.wikipedia.org/wiki/Gary_Kubiak,1370838987.0,2026-08-23T09:54:52Z,True
2016,DET,Detroit Lions,Jim Caldwell,Jim Caldwell (American football),Jim Bob Cooter,Jim Bob Cooter,Jim Caldwell,Jim Caldwell (American football),hc_prior_offensive_coordinator,True,False,True,False,https://en.wikipedia.org/wiki/2016_Detroit_Lions_season,1369762279,2026-08-17T00:39:37Z,https://en.wikipedia.org/wiki/Jim_Caldwell_(American_football),1372264909.0,2026-08-31T02:08:41Z,False
2016,GB,Green Bay Packers,Mike McCarthy,Mike McCarthy,Edgar Bennett,Edgar Bennett,Mike McCarthy,Mike McCarthy,hc_prior_offensive_coordinator,True,False,False,False,https://en.wikipedia.org/wiki/2016_Green_Bay_Packers_season,1341146224,2026-03-01T18:40:46Z,https://en.wikipedia.org/wiki/Mike_McCarthy,1370780074.0,2026-08-23T01:59:00Z,False
2016,HOU,Houston Texans,Bill O'Brien,Bill O'Brien (American football),George Godsey,George Godsey,George Godsey,George Godsey,offensive_coordinator,False,False,False,False,https://en.wikipedia.org/wiki/2016_Houston_Texans_season,1344836378,2026-03-22T21:06:00Z,https://en.wikipedia.org/wiki/George_Godsey,1356630033.0,2026-05-28T22:52:23Z,False
2016,IND,Indianapolis Colts,Chuck Pagano,Chuck Pagano,Rob Chudzinski,Rob Chudzinski,Rob Chudzinski,Rob Chudzinski,offensive_coordinator,False,False,False,False,https://en.wikipedia.org/wiki/2016_Indianapolis_Colts_season,1352681224,2026-05-05T17:01:47Z,https://en.wikipedia.org/wiki/Rob_Chudzinski,1366906141.0,2026-07-30T21:16:17Z,False
2016,JAX,Jacksonville Jaguars,Gus Bradley,Gus Bradley,Greg Olson,Greg Olson (American football),Greg Olson,Greg Olson (American football),offensive_coordinator,False,False,False,True,https://en.wikipedia.org/wiki/2016_Jacksonville_Jaguars_season,1341177352,2026-03-01T22:11:18Z,https://en.wikipedia.org/wiki/Greg_Olson_(American_football),1338231029.0,2026-02-13T23:07:07Z,True
2016,KC,Kansas City Chiefs,Andy Reid,Andy Reid,Brad Childress,Brad Childress,Brad Childress,Brad Childress,offensive_coordinator,False,False,True,True,https://en.wikipedia.org/wiki/2016_Kansas_City_Chiefs_season,1365395539,2026-07-22T03:32:57Z,https://en.wikipedia.org/wiki/Brad_Childress,1372939852.0,2026-09-03T02:23:25Z,True
2016,LAC,San Diego Chargers,Mike McCoy,Mike McCoy (American football coach),Ken Whisenhunt,Ken Whisenhunt,Mike McCoy,Mike McCoy (American football coach),hc_prior_offensive_coordinator,True,False,True,False,https://en.wikipedia.org/wiki/2016_San_Diego_Chargers_season,1346666616,2026-04-02T03:52:16Z,https://en.wikipedia.org/wiki/Mike_McCoy_(American_football_coach),1372911715.0,2026-09-02T23:16:39Z,False
2016,LAR,Los Angeles Rams,Jeff Fisher,Jeff Fisher,Rob Boras,Rob Boras,Rob Boras,Rob Boras,offensive_coordinator,False,False,False,True,https://en.wikipedia.org/wiki/2016_Los_Angeles_Rams_season,1363836694,2026-07-12T19:48:12Z,https://en.wikipedia.org/wiki/Rob_Boras,1338325603.0,2026-02-14T13:58:05Z,True
2016,LV,Oakland Raiders,Jack Del Rio,Jack Del Rio,Bill Musgrave,Bill Musgrave,Bill Musgrave,Bill Musgrave,offensive_coordinator,False,False,False,False,https://en.wikipedia.org/wiki/2016_Oakland_Raiders_season,1369438218,2026-08-15T00:11:53Z,https://en.wikipedia.org/wiki/Bill_Musgrave,1351426305.0,2026-04-27T21:36:48Z,False
2016,MIA,Miami Dolphins,Adam Gase,Adam Gase,Clyde Christensen,Clyde Christensen,Adam Gase,Adam Gase,hc_prior_offensive_coordinator,True,True,,False,https://en.wikipedia.org/wiki/2016_Miami_Dolphins_season,1366730555,2026-07-29T21:08:43Z,https://en.wikipedia.org/wiki/Adam_Gase,1370114823.0,2026-08-19T05:29:40Z,False
2016,MIN,Minnesota Vikings,Mike Zimmer,Mike Zimmer,,,Mike Zimmer,Mike Zimmer,hc_fallback_no_oc_documented,False,False,True,True,https://en.wikipedia.org/wiki/2016_Minnesota_Vikings_season,1358919574,2026-06-11T20:53:07Z,https://en.wikipedia.org/wiki/Mike_Zimmer,1366899035.0,2026-07-30T20:33:23Z,True
2016,NE,New England Patriots,Bill Belichick,Bill Belichick,Josh McDaniels,Josh McDaniels,Josh McDaniels,Josh McDaniels,offensive_coordinator,False,False,False,False,https://en.wikipedia.org/wiki/2016_New_England_Patriots_season,1363850814,2026-07-12T21:34:21Z,,,,True
2016,NO,New Orleans Saints,Sean Payton,Sean Payton,Pete Carmichael,Pete Carmichael Jr.,Pete Carmichael,Pete Carmichael Jr.,offensive_coordinator,False,False,True,False,https://en.wikipedia.org/wiki/2016_New_Orleans_Saints_season,1345481400,2026-03-26T08:59:13Z,https://en.wikipedia.org/wiki/Pete_Carmichael_Jr.,1349785236.0,2026-04-18T22:49:41Z,False
2016,NYG,New York Giants,Ben McAdoo,Ben McAdoo,Mike Sullivan,Mike Sullivan (American football coach),Ben McAdoo,Ben McAdoo,hc_prior_offensive_coordinator,True,True,True,False,https://en.wikipedia.org/wiki/2016_New_York_Giants_season,1345192015,2026-03-24T20:32:56Z,https://en.wikipedia.org/wiki/Ben_McAdoo,1358849990.0,2026-06-11T10:59:32Z,False
2016,NYJ,New York Jets,Todd Bowles,Todd Bowles,Chan Gailey,Chan Gailey,Chan Gailey,Chan Gailey,offensive_coordinator,False,False,False,False,https://en.wikipedia.org/wiki/2016_New_York_Jets_season,1369791206,2026-08-17T04:56:04Z,https://en.wikipedia.org/wiki/Chan_Gailey,1360092666.0,2026-06-19T04:52:15Z,False
2016,PHI,Philadelphia Eagles,Doug Pederson,Doug Pederson,Frank Reich,Frank Reich,Doug Pederson,Doug Pederson,hc_prior_offensive_coordinator,True,True,True,False,https://en.wikipedia.org/wiki/2016_Philadelphia_Eagles_season,1358118769,2026-06-06T18:03:10Z,https://en.wikipedia.org/wiki/Doug_Pederson,1372203063.0,2026-08-30T21:22:36Z,False
2016,PIT,Pittsburgh Steelers,Mike Tomlin,Mike Tomlin,Todd Haley,Todd Haley,Todd Haley,Todd Haley,offensive_coordinator,False,False,False,False,https://en.wikipedia.org/wiki/2016_Pittsburgh_Steelers_season,1352363643,2026-05-03T19:43:40Z,https://en.wikipedia.org/wiki/Todd_Haley,1354256523.0,2026-05-15T07:48:42Z,False
2016,SEA,Seattle Seahawks,Pete Carroll,Pete Carroll,Darrell Bevell,Darrell Bevell,Darrell Bevell,Darrell Bevell,offensive_coordinator,False,False,False,False,https://en.wikipedia.org/wiki/2016_Seattle_Seahawks_season,1341148412,2026-03-01T18:54:16Z,https://en.wikipedia.org/wiki/Darrell_Bevell,1362695435.0,2026-07-05T17:34:38Z,False
2016,SF,San Francisco 49ers,Chip Kelly,Chip Kelly,Curtis Modkins,Curtis Modkins,Curtis Modkins,Curtis Modkins,offensive_coordinator,False,True,True,False,https://en.wikipedia.org/wiki/2016_San_Francisco_49ers_season,1356242816,2026-05-26T15:36:33Z,https://en.wikipedia.org/wiki/Curtis_Modkins,1335627185.0,2026-01-30T07:13:13Z,False
2016,TB,Tampa Bay Buccaneers,Dirk Koetter,Dirk Koetter,,,Dirk Koetter,Dirk Koetter,hc_fallback_no_oc_documented,False,True,True,False,https://en.wikipedia.org/wiki/2016_Tampa_Bay_Buccaneers_season,1354252456,2026-05-15T06:53:04Z,https://en.wikipedia.org/wiki/Dirk_Koetter,1329236647.0,2025-12-24T17:12:45Z,True
2016,TEN,Tennessee Titans,Mike Mularkey,Mike Mularkey,Terry Robiskie,Terry Robiskie,Mike Mularkey,Mike Mularkey,hc_prior_offensive_coordinator,True,False,True,False,https://en.wikipedia.org/wiki/2016_Tennessee_Titans_season,1369956578,2026-08-18T06:27:11Z,https://en.wikipedia.org/wiki/Mike_Mularkey,1342382734.0,2026-03-08T17:25:44Z,False
2016,WAS,Washington Redskins,Jay Gruden,Jay Gruden,Sean McVay,Sean McVay,Jay Gruden,Jay Gruden,hc_prior_offensive_coordinator,True,False,False,False,https://en.wikipedia.org/wiki/2016_Washington_Redskins_season,1356825073,2026-05-30T01:39:33Z,https://en.wikipedia.org/wiki/Jay_Gruden,1372075700.0,2026-08-30T04:41:12Z,False
2017,ARI,Arizona Cardinals,Bruce Arians,Bruce Arians,,,Bruce Arians,Bruce Arians,hc_fallback_no_oc_documented,False,False,,False,https://en.wikipedia.org/wiki/2017_Arizona_Cardinals_season,1350648519,2026-04-23T04:10:48Z,,,,True
2017,ATL,Atlanta Falcons,Dan Quinn,Dan Quinn (American football),Steve Sarkisian,Steve Sarkisian,Steve Sarkisian,Steve Sarkisian,offensive_coordinator,False,False,True,False,https://en.wikipedia.org/wiki/2017_Atlanta_Falcons_season,1367554286,2026-08-03T20:15:38Z,,,,True
2017,BAL,Baltimore Ravens,John Harbaugh,John Harbaugh,Marty Mornhinweg,Marty Mornhinweg,Marty Mornhinweg,Marty Mornhinweg,offensive_coordinator,False,False,False,False,https://en.wikipedia.org/wiki/2017_Baltimore_Ravens_season,1370817997,2026-08-23T06:31:08Z,https://en.wikipedia.org/wiki/Marty_Mornhinweg,1370859358.0,2026-08-23T12:57:01Z,False
2017,BUF,Buffalo Bills,Sean McDermott,Sean McDermott,Rick Dennison,Rick Dennison,Rick Dennison,Rick Dennison,offensive_coordinator,False,True,,False,https://en.wikipedia.org/wiki/2017_Buffalo_Bills_season,1370818027,2026-08-23T06:31:22Z,https://en.wikipedia.org/wiki/Rick_Dennison,1372793131.0,2026-09-02T08:20:56Z,False
2017,CAR,Carolina Panthers,Ron Rivera,Ron Rivera,Mike Shula,Mike Shula,Mike Shula,Mike Shula,offensive_coordinator,False,False,False,False,https://en.wikipedia.org/wiki/2017_Carolina_Panthers_season,1363975918,2026-07-13T17:55:21Z,https://en.wikipedia.org/wiki/Mike_Shula,1371102364.0,2026-08-24T16:00:54Z,False
2017,CHI,Chicago Bears,John Fox,John Fox (American football),Dowell Loggains,Dowell Loggains,Dowell Loggains,Dowell Loggains,offensive_coordinator,False,False,False,False,https://en.wikipedia.org/wiki/2017_Chicago_Bears_season,1370818040,2026-08-23T06:31:31Z,https://en.wikipedia.org/wiki/Dowell_Loggains,1362614329.0,2026-07-05T04:05:14Z,False
2017,CIN,Cincinnati Bengals,Marvin Lewis,Marvin Lewis,Ken Zampese,Ken Zampese,Ken Zampese,Ken Zampese,offensive_coordinator,False,False,False,False,https://en.wikipedia.org/wiki/2017_Cincinnati_Bengals_season,1368467576,2026-08-09T05:44:55Z,https://en.wikipedia.org/wiki/Ken_Zampese,1364278884.0,2026-07-15T16:44:09Z,False
2017,CLE,Cleveland Browns,Hue Jackson,Hue Jackson,,,Hue Jackson,Hue Jackson,hc_prior_offensive_coordinator,True,False,,False,https://en.wikipedia.org/wiki/2017_Cleveland_Browns_season,1354241657,2026-05-15T04:55:28Z,https://en.wikipedia.org/wiki/Hue_Jackson,1372654510.0,2026-09-01T17:20:33Z,True
2017,DAL,Dallas Cowboys,Jason Garrett,Jason Garrett,Scott Linehan,Scott Linehan,Jason Garrett,Jason Garrett,hc_prior_offensive_coordinator,True,False,False,False,https://en.wikipedia.org/wiki/2017_Dallas_Cowboys_season,1365804787,2026-07-24T14:10:18Z,https://en.wikipedia.org/wiki/Jason_Garrett,1371019151.0,2026-08-24T04:12:17Z,False
2017,DEN,Denver Broncos,Vance Joseph,Vance Joseph,a position he previously held from 2009 to 2012. McCoy served as the [[Los Angeles Chargers,,a position he previously held from 2009 to 2012. McCoy served as the [[Los Angeles Chargers,,offensive_coordinator,False,True,True,False,https://en.wikipedia.org/wiki/2017_Denver_Broncos_season,1370979314,2026-08-24T00:53:53Z,,,,True
2017,DET,Detroit Lions,Jim Caldwell,Jim Caldwell (American football),Jim Bob Cooter,Jim Bob Cooter,Jim Caldwell,Jim Caldwell (American football),hc_prior_offensive_coordinator,True,False,False,False,https://en.wikipedia.org/wiki/2017_Detroit_Lions_season,1362619656,2026-07-05T05:08:43Z,https://en.wikipedia.org/wiki/Jim_Caldwell_(American_football),1372264909.0,2026-08-31T02:08:41Z,False
2017,GB,Green Bay Packers,Mike McCarthy,Mike McCarthy,Edgar Bennett,Edgar Bennett,Mike McCarthy,Mike McCarthy,hc_prior_offensive_coordinator,True,False,False,False,https://en.wikipedia.org/wiki/2017_Green_Bay_Packers_season,1341146246,2026-03-01T18:40:55Z,https://en.wikipedia.org/wiki/Mike_McCarthy,1370780074.0,2026-08-23T01:59:00Z,False
2017,HOU,Houston Texans,Bill O'Brien,Bill O'Brien (American football),,,Bill O'Brien,Bill O'Brien (American football),hc_fallback_no_oc_documented,False,False,True,False,https://en.wikipedia.org/wiki/2017_Houston_Texans_season,1352671529,2026-05-05T15:57:06Z,https://en.wikipedia.org/wiki/Bill_O'Brien_(American_football),1369284458.0,2026-08-14T01:43:48Z,True
2017,IND,Indianapolis Colts,Chuck Pagano,Chuck Pagano,Rob Chudzinski,Rob Chudzinski,Rob Chudzinski,Rob Chudzinski,offensive_coordinator,False,False,False,False,https://en.wikipedia.org/wiki/2017_Indianapolis_Colts_season,1372064241,2026-08-30T03:18:58Z,https://en.wikipedia.org/wiki/Rob_Chudzinski,1366906141.0,2026-07-30T21:16:17Z,False
2017,JAX,Jacksonville Jaguars,Doug Marrone,Doug Marrone,Nathaniel Hackett,Nathaniel Hackett,Doug Marrone,Doug Marrone,hc_prior_offensive_coordinator,True,False,True,False,https://en.wikipedia.org/wiki/2017_Jacksonville_Jaguars_season,1351902452,2026-04-30T20:59:39Z,https://en.wikipedia.org/wiki/Doug_Marrone,1365995958.0,2026-07-25T17:17:59Z,False
2017,KC,Kansas City Chiefs,Andy Reid,Andy Reid,Matt Nagy,Matt Nagy,Matt Nagy,Matt Nagy,offensive_coordinator,False,False,False,False,https://en.wikipedia.org/wiki/2017_Kansas_City_Chiefs_season,1341196922,2026-03-02T00:07:03Z,https://en.wikipedia.org/wiki/Matt_Nagy,1372596257.0,2026-09-01T11:31:07Z,False
2017,LAC,Los Angeles Chargers,Anthony Lynn,Anthony Lynn,Ken Whisenhunt,Ken Whisenhunt,Ken Whisenhunt,Ken Whisenhunt,offensive_coordinator,False,True,False,False,https://en.wikipedia.org/wiki/2017_Los_Angeles_Chargers_season,1353582933,2026-05-11T03:29:43Z,https://en.wikipedia.org/wiki/Ken_Whisenhunt,1371317123.0,2026-08-25T21:43:45Z,False
2017,LAR,Los Angeles Rams,Sean McVay,Sean McVay,Matt LaFleur,Matt LaFleur,Matt LaFleur,Matt LaFleur,offensive_coordinator,False,True,True,False,https://en.wikipedia.org/wiki/2017_Los_Angeles_Rams_season,1369982682,2026-08-18T11:37:39Z,,,,True
2017,LV,Oakland Raiders,Jack Del Rio,Jack Del Rio,Todd Downing,Todd Downing,Todd Downing,Todd Downing,offensive_coordinator,False,False,True,False,https://en.wikipedia.org/wiki/2017_Oakland_Raiders_season,1369438262,2026-08-15T00:12:11Z,https://en.wikipedia.org/wiki/Todd_Downing,1359101612.0,2026-06-13T02:53:38Z,False
2017,MIA,Miami Dolphins,Adam Gase,Adam Gase,Clyde Christensen,Clyde Christensen,Adam Gase,Adam Gase,hc_prior_offensive_coordinator,True,False,False,False,https://en.wikipedia.org/wiki/2017_Miami_Dolphins_season,1354762561,2026-05-18T03:12:39Z,https://en.wikipedia.org/wiki/Adam_Gase,1370114823.0,2026-08-19T05:29:40Z,False
2017,MIN,Minnesota Vikings,Mike Zimmer,Mike Zimmer,Pat Shurmur,Pat Shurmur,Pat Shurmur,Pat Shurmur,offensive_coordinator,False,True,,False,https://en.wikipedia.org/wiki/2017_Minnesota_Vikings_season,1362619916,2026-07-05T05:11:56Z,https://en.wikipedia.org/wiki/Pat_Shurmur,1367139264.0,2026-08-01T06:30:15Z,False
2017,NE,New England Patriots,Bill Belichick,Bill Belichick,Josh McDaniels,Josh McDaniels,Josh McDaniels,Josh McDaniels,offensive_coordinator,False,False,False,False,https://en.wikipedia.org/wiki/2017_New_England_Patriots_season,1368456915,2026-08-09T04:13:39Z,,,,True
2017,NO,New Orleans Saints,Sean Payton,Sean Payton,Pete Carmichael Jr.,Pete Carmichael Jr.,Pete Carmichael Jr.,Pete Carmichael Jr.,offensive_coordinator,False,False,False,False,https://en.wikipedia.org/wiki/2017_New_Orleans_Saints_season,1341201087,2026-03-02T00:30:04Z,https://en.wikipedia.org/wiki/Pete_Carmichael_Jr.,1349785236.0,2026-04-18T22:49:41Z,False
2017,NYG,New York Giants,Ben McAdoo,Ben McAdoo,Mike Sullivan,Mike Sullivan (American football coach),Ben McAdoo,Ben McAdoo,hc_prior_offensive_coordinator,True,False,False,True,https://en.wikipedia.org/wiki/2017_New_York_Giants_season,1345192134,2026-03-24T20:33:40Z,https://en.wikipedia.org/wiki/Ben_McAdoo,1358849990.0,2026-06-11T10:59:32Z,True
2017,NYJ,New York Jets,Todd Bowles,Todd Bowles,John Morton,John Morton (American football),John Morton,John Morton (American football),offensive_coordinator,False,False,True,False,https://en.wikipedia.org/wiki/2017_New_York_Jets_season,1369791253,2026-08-17T04:56:48Z,https://en.wikipedia.org/wiki/John_Morton_(American_football),1359856567.0,2026-06-17T17:22:46Z,False
2017,PHI,Philadelphia Eagles,Doug Pederson,Doug Pederson,Frank Reich,Frank Reich,Doug Pederson,Doug Pederson,hc_prior_offensive_coordinator,True,False,False,False,https://en.wikipedia.org/wiki/2017_Philadelphia_Eagles_season,1372210123,2026-08-30T21:51:32Z,https://en.wikipedia.org/wiki/Doug_Pederson,1372203063.0,2026-08-30T21:22:36Z,False
2017,PIT,Pittsburgh Steelers,Mike Tomlin,Mike Tomlin,Todd Haley,Todd Haley,Todd Haley,Todd Haley,offensive_coordinator,False,False,False,False,https://en.wikipedia.org/wiki/2017_Pittsburgh_Steelers_season,1362619048,2026-07-05T05:01:06Z,https://en.wikipedia.org/wiki/Todd_Haley,1354256523.0,2026-05-15T07:48:42Z,False
2017,SEA,Seattle Seahawks,Pete Carroll,Pete Carroll,Darrell Bevell,Darrell Bevell,Darrell Bevell,Darrell Bevell,offensive_coordinator,False,False,False,False,https://en.wikipedia.org/wiki/2017_Seattle_Seahawks_season,1369490012,2026-08-15T08:44:11Z,https://en.wikipedia.org/wiki/Darrell_Bevell,1362695435.0,2026-07-05T17:34:38Z,False
2017,SF,San Francisco 49ers,Kyle Shanahan,Kyle Shanahan,Kyle Shanahan (de facto,,Kyle Shanahan,Kyle Shanahan,hc_prior_offensive_coordinator,True,True,True,False,https://en.wikipedia.org/wiki/2017_San_Francisco_49ers_season,1359212124,2026-06-13T21:26:31Z,https://en.wikipedia.org/wiki/Kyle_Shanahan,1368731193.0,2026-08-10T19:49:53Z,False
2017,TB,Tampa Bay Buccaneers,Dirk Koetter,Dirk Koetter,,,Dirk Koetter,Dirk Koetter,hc_fallback_no_oc_documented,False,False,,False,https://en.wikipedia.org/wiki/2017_Tampa_Bay_Buccaneers_season,1341181169,2026-03-01T22:36:00Z,https://en.wikipedia.org/wiki/Dirk_Koetter,1329236647.0,2025-12-24T17:12:45Z,True
2017,TEN,Tennessee Titans,Mike Mularkey,Mike Mularkey,Terry Robiskie,Terry Robiskie,Mike Mularkey,Mike Mularkey,hc_prior_offensive_coordinator,True,False,False,False,https://en.wikipedia.org/wiki/2017_Tennessee_Titans_season,1372083171,2026-08-30T05:39:39Z,https://en.wikipedia.org/wiki/Mike_Mularkey,1342382734.0,2026-03-08T17:25:44Z,False
2017,WAS,Washington Redskins,Jay Gruden,Jay Gruden,Matt Cavanaugh,Matt Cavanaugh,Jay Gruden,Jay Gruden,hc_prior_offensive_coordinator,True,False,True,False,https://en.wikipedia.org/wiki/2017_Washington_Redskins_season,1364404578,2026-07-16T08:53:56Z,https://en.wikipedia.org/wiki/Jay_Gruden,1372075700.0,2026-08-30T04:41:12Z,False
2018,ARI,Arizona Cardinals,Steve Wilks,Steve Wilks,Mike McCoy,Mike McCoy (American football coach),Mike McCoy,Mike McCoy (American football coach),offensive_coordinator,False,True,,False,https://en.wikipedia.org/wiki/2018_Arizona_Cardinals_season,1350648683,2026-04-23T04:12:28Z,https://en.wikipedia.org/wiki/Mike_McCoy_(American_football_coach),1372911715.0,2026-09-02T23:16:39Z,False
2018,ATL,Atlanta Falcons,Dan Quinn,Dan Quinn (American football),Steve Sarkisian,Steve Sarkisian,Steve Sarkisian,Steve Sarkisian,offensive_coordinator,False,False,False,False,https://en.wikipedia.org/wiki/2018_Atlanta_Falcons_season,1341319507,2026-03-02T15:11:41Z,,,,True
2018,BAL,Baltimore Ravens,John Harbaugh,John Harbaugh,Marty Mornhinweg,Marty Mornhinweg,Marty Mornhinweg,Marty Mornhinweg,offensive_coordinator,False,False,False,False,https://en.wikipedia.org/wiki/2018_Baltimore_Ravens_season,1353338262,2026-05-09T17:53:54Z,https://en.wikipedia.org/wiki/Marty_Mornhinweg,1370859358.0,2026-08-23T12:57:01Z,False
2018,BUF,Buffalo Bills,Sean McDermott,Sean McDermott,Brian Daboll,Brian Daboll,Brian Daboll,Brian Daboll,offensive_coordinator,False,False,True,False,https://en.wikipedia.org/wiki/2018_Buffalo_Bills_season,1354500477,2026-05-16T20:42:32Z,https://en.wikipedia.org/wiki/Brian_Daboll,1372930267.0,2026-09-03T01:15:39Z,False
2018,CAR,Carolina Panthers,Ron Rivera,Ron Rivera,Norv Turner,Norv Turner,Norv Turner,Norv Turner,offensive_coordinator,False,False,True,False,https://en.wikipedia.org/wiki/2018_Carolina_Panthers_season,1363976034,2026-07-13T17:56:30Z,https://en.wikipedia.org/wiki/Norv_Turner,1354047840.0,2026-05-14T00:32:05Z,False
2018,CHI,Chicago Bears,Matt Nagy,Matt Nagy,Mark Helfrich,Mark Helfrich (American football),Matt Nagy,Matt Nagy,hc_prior_offensive_coordinator,True,True,True,False,https://en.wikipedia.org/wiki/2018_Chicago_Bears_season,1352400473,2026-05-04T00:11:05Z,https://en.wikipedia.org/wiki/Matt_Nagy,1372596257.0,2026-09-01T11:31:07Z,False
2018,CIN,Cincinnati Bengals,Hue Jackson,Hue Jackson,Bill Lazor,Bill Lazor,Hue Jackson,Hue Jackson,hc_prior_offensive_coordinator,True,True,True,False,https://en.wikipedia.org/wiki/2018_Cincinnati_Bengals_season,1345293265,2026-03-25T10:46:38Z,https://en.wikipedia.org/wiki/Hue_Jackson,1372654510.0,2026-09-01T17:20:33Z,False
2018,CLE,Cleveland Browns,Hue Jackson,Hue Jackson,Todd Haley,Todd Haley,Hue Jackson,Hue Jackson,hc_prior_offensive_coordinator,True,False,,True,https://en.wikipedia.org/wiki/2018_Cleveland_Browns_season,1361084234,2026-06-25T14:42:26Z,https://en.wikipedia.org/wiki/Hue_Jackson,1372654510.0,2026-09-01T17:20:33Z,True
2018,DAL,Dallas Cowboys,Jason Garrett,Jason Garrett,Scott Linehan,Scott Linehan,Jason Garrett,Jason Garrett,hc_prior_offensive_coordinator,True,False,False,False,https://en.wikipedia.org/wiki/2018_Dallas_Cowboys_season,1360932962,2026-06-24T15:23:17Z,https://en.wikipedia.org/wiki/Jason_Garrett,1371019151.0,2026-08-24T04:12:17Z,False
2018,DEN,Denver Broncos,Vance Joseph,Vance Joseph,Bill Musgrave,Bill Musgrave,Bill Musgrave,Bill Musgrave,offensive_coordinator,False,False,True,False,https://en.wikipedia.org/wiki/2018_Denver_Broncos_season,1345886593,2026-03-28T19:52:15Z,https://en.wikipedia.org/wiki/Bill_Musgrave,1351426305.0,2026-04-27T21:36:48Z,False
2018,DET,Detroit Lions,Matt Patricia,Matt Patricia,Jim Bob Cooter,Jim Bob Cooter,Jim Bob Cooter,Jim Bob Cooter,offensive_coordinator,False,True,False,False,https://en.wikipedia.org/wiki/2018_Detroit_Lions_season,1353565083,2026-05-11T01:11:46Z,https://en.wikipedia.org/wiki/Jim_Bob_Cooter,1340508564.0,2026-02-26T03:02:52Z,False
2018,GB,Green Bay Packers,Mike McCarthy,Mike McCarthy,Joe Philbin,Joe Philbin,Mike McCarthy,Mike McCarthy,hc_prior_offensive_coordinator,True,False,True,True,https://en.wikipedia.org/wiki/2018_Green_Bay_Packers_season,1366438796,2026-07-28T01:27:26Z,https://en.wikipedia.org/wiki/Mike_McCarthy,1370780074.0,2026-08-23T01:59:00Z,True
2018,HOU,Houston Texans,Bill O'Brien,Bill O'Brien (American football),,,Bill O'Brien,Bill O'Brien (American football),hc_fallback_no_oc_documented,False,False,,False,https://en.wikipedia.org/wiki/2018_Houston_Texans_season,1372372288,2026-08-31T12:52:44Z,https://en.wikipedia.org/wiki/Bill_O'Brien_(American_football),1369284458.0,2026-08-14T01:43:48Z,True
2018,IND,Indianapolis Colts,Frank Reich,Frank Reich,Nick Sirianni,Nick Sirianni,Frank Reich,Frank Reich,hc_prior_offensive_coordinator,True,True,True,False,https://en.wikipedia.org/wiki/2018_Indianapolis_Colts_season,1341176540,2026-03-01T22:05:36Z,https://en.wikipedia.org/wiki/Frank_Reich,1365529449.0,2026-07-23T01:05:16Z,False
2018,JAX,Jacksonville Jaguars,Doug Marrone,Doug Marrone,Nathaniel Hackett,Nathaniel Hackett,Doug Marrone,Doug Marrone,hc_prior_offensive_coordinator,True,False,False,False,https://en.wikipedia.org/wiki/2018_Jacksonville_Jaguars_season,1354936244,2026-05-19T01:51:06Z,https://en.wikipedia.org/wiki/Doug_Marrone,1365995958.0,2026-07-25T17:17:59Z,False
2018,KC,Kansas City Chiefs,Andy Reid,Andy Reid,Eric Bieniemy,Eric Bieniemy,Eric Bieniemy,Eric Bieniemy,offensive_coordinator,False,False,True,False,https://en.wikipedia.org/wiki/2018_Kansas_City_Chiefs_season,1356559116,2026-05-28T14:23:56Z,,,,True
2018,LAC,Los Angeles Chargers,Anthony Lynn,Anthony Lynn,Ken Whisenhunt,Ken Whisenhunt,Ken Whisenhunt,Ken Whisenhunt,offensive_coordinator,False,False,False,False,https://en.wikipedia.org/wiki/2018_Los_Angeles_Chargers_season,1360208584,2026-06-19T23:03:05Z,https://en.wikipedia.org/wiki/Ken_Whisenhunt,1371317123.0,2026-08-25T21:43:45Z,False
2018,LAR,Los Angeles Rams,Sean McVay,Sean McVay,Sean McVay,Sean McVay,Sean McVay,Sean McVay,offensive_coordinator,False,False,True,False,https://en.wikipedia.org/wiki/2018_Los_Angeles_Rams_season,1341216771,2026-03-02T01:51:42Z,,,,True
2018,LV,Oakland Raiders,Jon Gruden,Jon Gruden,Greg Olson,Greg Olson (American football),Jon Gruden,Jon Gruden,hc_prior_offensive_coordinator,True,True,True,False,https://en.wikipedia.org/wiki/2018_Oakland_Raiders_season,1369438283,2026-08-15T00:12:22Z,https://en.wikipedia.org/wiki/Jon_Gruden,1371040660.0,2026-08-24T06:31:13Z,False
2018,MIA,Miami Dolphins,Adam Gase,Adam Gase,Dowell Loggains,Dowell Loggains,Adam Gase,Adam Gase,hc_prior_offensive_coordinator,True,False,True,False,https://en.wikipedia.org/wiki/2018_Miami_Dolphins_season,1341326711,2026-03-02T16:09:20Z,https://en.wikipedia.org/wiki/Adam_Gase,1370114823.0,2026-08-19T05:29:40Z,False
2018,MIN,Minnesota Vikings,Mike Zimmer,Mike Zimmer,,,Mike Zimmer,Mike Zimmer,hc_fallback_no_oc_documented,False,False,True,False,https://en.wikipedia.org/wiki/2018_Minnesota_Vikings_season,1370334121,2026-08-20T14:43:20Z,https://en.wikipedia.org/wiki/Mike_Zimmer,1366899035.0,2026-07-30T20:33:23Z,True
2018,NE,New England Patriots,Bill Belichick,Bill Belichick,Josh McDaniels,Josh McDaniels,Josh McDaniels,Josh McDaniels,offensive_coordinator,False,False,False,False,https://en.wikipedia.org/wiki/2018_New_England_Patriots_season,1370797510,2026-08-23T03:53:18Z,,,,True
2018,NO,New Orleans Saints,Sean Payton,Sean Payton,Pete Carmichael Jr.,Pete Carmichael Jr.,Pete Carmichael Jr.,Pete Carmichael Jr.,offensive_coordinator,False,False,False,False,https://en.wikipedia.org/wiki/2018_New_Orleans_Saints_season,1341201123,2026-03-02T00:30:16Z,https://en.wikipedia.org/wiki/Pete_Carmichael_Jr.,1349785236.0,2026-04-18T22:49:41Z,False
2018,NYG,New York Giants,Pat Shurmur,Pat Shurmur,,,Pat Shurmur,Pat Shurmur,hc_prior_offensive_coordinator,True,True,True,False,https://en.wikipedia.org/wiki/2018_New_York_Giants_season,1358960066,2026-06-12T03:02:13Z,https://en.wikipedia.org/wiki/Pat_Shurmur,1367139264.0,2026-08-01T06:30:15Z,True
2018,NYJ,New York Jets,Todd Bowles,Todd Bowles,,,Todd Bowles,Todd Bowles,hc_fallback_no_oc_documented,False,False,True,False,https://en.wikipedia.org/wiki/2018_New_York_Jets_season,1341192497,2026-03-01T23:45:31Z,https://en.wikipedia.org/wiki/Todd_Bowles,1366492506.0,2026-07-28T09:14:36Z,True
2018,PHI,Philadelphia Eagles,Doug Pederson,Doug Pederson,Mike Groh,Mike Groh,Doug Pederson,Doug Pederson,hc_prior_offensive_coordinator,True,False,True,False,https://en.wikipedia.org/wiki/2018_Philadelphia_Eagles_season,1370122496,2026-08-19T06:35:53Z,https://en.wikipedia.org/wiki/Doug_Pederson,1372203063.0,2026-08-30T21:22:36Z,False
2018,PIT,Pittsburgh Steelers,Mike Tomlin,Mike Tomlin,Randy Fichtner,Randy Fichtner,Randy Fichtner,Randy Fichtner,offensive_coordinator,False,False,True,False,https://en.wikipedia.org/wiki/2018_Pittsburgh_Steelers_season,1363851393,2026-07-12T21:38:30Z,,,,True
2018,SEA,Seattle Seahawks,Pete Carroll,Pete Carroll,Brian Schottenheimer,Brian Schottenheimer,Brian Schottenheimer,Brian Schottenheimer,offensive_coordinator,False,False,True,False,https://en.wikipedia.org/wiki/2018_Seattle_Seahawks_season,1361722772,2026-06-29T18:07:59Z,https://en.wikipedia.org/wiki/Brian_Schottenheimer,1365068709.0,2026-07-20T02:46:52Z,False
2018,SF,San Francisco 49ers,Kyle Shanahan,Kyle Shanahan,Kyle Shanahan (de facto,,Kyle Shanahan,Kyle Shanahan,hc_prior_offensive_coordinator,True,False,True,False,https://en.wikipedia.org/wiki/2018_San_Francisco_49ers_season,1359212153,2026-06-13T21:26:55Z,https://en.wikipedia.org/wiki/Kyle_Shanahan,1368731193.0,2026-08-10T19:49:53Z,False
2018,TB,Tampa Bay Buccaneers,Dirk Koetter,Dirk Koetter,Todd Monken,Todd Monken,Todd Monken,Todd Monken,offensive_coordinator,False,False,,False,https://en.wikipedia.org/wiki/2018_Tampa_Bay_Buccaneers_season,1341181208,2026-03-01T22:36:11Z,,,,True
2018,TEN,Tennessee Titans,Mike Vrabel,Mike Vrabel,Matt LaFleur,Matt LaFleur,Matt LaFleur,Matt LaFleur,offensive_coordinator,False,True,True,False,https://en.wikipedia.org/wiki/2018_Tennessee_Titans_season,1341328391,2026-03-02T16:20:49Z,,,,True
2018,WAS,Washington Redskins,Jay Gruden,Jay Gruden,Matt Cavanaugh,Matt Cavanaugh,Jay Gruden,Jay Gruden,hc_prior_offensive_coordinator,True,False,False,False,https://en.wikipedia.org/wiki/2018_Washington_Redskins_season,1352672038,2026-05-05T16:00:32Z,https://en.wikipedia.org/wiki/Jay_Gruden,1372075700.0,2026-08-30T04:41:12Z,False
2019,ARI,Arizona Cardinals,Kliff Kingsbury,Kliff Kingsbury,,,Kliff Kingsbury,Kliff Kingsbury,hc_fallback_no_oc_documented,False,True,True,False,https://en.wikipedia.org/wiki/2019_Arizona_Cardinals_season,1363616228,2026-07-11T07:47:28Z,,,,True
2019,ATL,Atlanta Falcons,Dan Quinn,Dan Quinn (American football),Dirk Koetter,Dirk Koetter,Dirk Koetter,Dirk Koetter,offensive_coordinator,False,False,True,False,https://en.wikipedia.org/wiki/2019_Atlanta_Falcons_season,1360864044,2026-06-24T02:45:04Z,https://en.wikipedia.org/wiki/Dirk_Koetter,1329236647.0,2025-12-24T17:12:45Z,False
2019,BAL,Baltimore Ravens,John Harbaugh,John Harbaugh,Greg Roman,Greg Roman,Greg Roman,Greg Roman,offensive_coordinator,False,False,True,False,https://en.wikipedia.org/wiki/2019_Baltimore_Ravens_season,1370818574,2026-08-23T06:36:37Z,https://en.wikipedia.org/wiki/Greg_Roman,1359192614.0,2026-06-13T18:49:27Z,False
2019,BUF,Buffalo Bills,Sean McDermott,Sean McDermott,Brian Daboll,Brian Daboll,Brian Daboll,Brian Daboll,offensive_coordinator,False,False,False,False,https://en.wikipedia.org/wiki/2019_Buffalo_Bills_season,1341139658,2026-03-01T18:01:45Z,https://en.wikipedia.org/wiki/Brian_Daboll,1372930267.0,2026-09-03T01:15:39Z,False
2019,CAR,Carolina Panthers,Linda O'Hora,Linda O'Hora,Norv Turner,Norv Turner,Norv Turner,Norv Turner,offensive_coordinator,False,True,False,False,https://en.wikipedia.org/wiki/2019_Carolina_Panthers_season,1356081581,2026-05-25T16:51:58Z,https://en.wikipedia.org/wiki/Norv_Turner,1354047840.0,2026-05-14T00:32:05Z,False
2019,CHI,Chicago Bears,Matt Nagy,Matt Nagy,Mark Helfrich,Mark Helfrich (American football),Matt Nagy,Matt Nagy,hc_prior_offensive_coordinator,True,False,False,False,https://en.wikipedia.org/wiki/2019_Chicago_Bears_season,1366458626,2026-07-28T03:30:43Z,https://en.wikipedia.org/wiki/Matt_Nagy,1372596257.0,2026-09-01T11:31:07Z,False
2019,CIN,Cincinnati Bengals,Zac Taylor,Zac Taylor,Brian Callahan,Brian Callahan,Zac Taylor,Zac Taylor,hc_prior_offensive_coordinator,True,True,True,False,https://en.wikipedia.org/wiki/2019_Cincinnati_Bengals_season,1352263940,2026-05-03T04:27:00Z,https://en.wikipedia.org/wiki/Zac_Taylor,1369942468.0,2026-08-18T03:57:24Z,False
2019,CLE,Cleveland Browns,Freddie Kitchens,Freddie Kitchens,Todd Monken,Todd Monken,Freddie Kitchens,Freddie Kitchens,hc_prior_offensive_coordinator,True,True,True,False,https://en.wikipedia.org/wiki/2019_Cleveland_Browns_season,1352264358,2026-05-03T04:32:43Z,https://en.wikipedia.org/wiki/Freddie_Kitchens,1352726181.0,2026-05-05T22:31:39Z,False
2019,DAL,Dallas Cowboys,Jason Garrett,Jason Garrett,Kellen Moore,Kellen Moore,Jason Garrett,Jason Garrett,hc_prior_offensive_coordinator,True,False,True,False,https://en.wikipedia.org/wiki/2019_Dallas_Cowboys_season,1356559195,2026-05-28T14:24:13Z,https://en.wikipedia.org/wiki/Jason_Garrett,1371019151.0,2026-08-24T04:12:17Z,False
2019,DEN,Denver Broncos,Vic Fangio,Vic Fangio,Rich Scangarello,Rich Scangarello,Rich Scangarello,Rich Scangarello,offensive_coordinator,False,True,True,False,https://en.wikipedia.org/wiki/2019_Denver_Broncos_season,1352265096,2026-05-03T04:42:25Z,https://en.wikipedia.org/wiki/Rich_Scangarello,1335981745.0,2026-02-01T07:21:01Z,False
2019,DET,Detroit Lions,Matt Patricia,Matt Patricia,Darrell Bevell,Darrell Bevell,Darrell Bevell,Darrell Bevell,offensive_coordinator,False,False,True,False,https://en.wikipedia.org/wiki/2019_Detroit_Lions_season,1369028206,2026-08-12T12:40:31Z,https://en.wikipedia.org/wiki/Darrell_Bevell,1362695435.0,2026-07-05T17:34:38Z,False
2019,GB,Green Bay Packers,Matt LaFleur,Matt LaFleur,Nathaniel Hackett,Nathaniel Hackett,Nathaniel Hackett,Nathaniel Hackett,offensive_coordinator,False,True,True,False,https://en.wikipedia.org/wiki/2019_Green_Bay_Packers_season,1361145705,2026-06-25T23:39:13Z,https://en.wikipedia.org/wiki/Nathaniel_Hackett,1363620354.0,2026-07-11T08:34:02Z,False
2019,HOU,Houston Texans,Bill O'Brien,Bill O'Brien (American football),Tim Kelly,Tim Kelly (American football),Tim Kelly,Tim Kelly (American football),offensive_coordinator,False,False,,False,https://en.wikipedia.org/wiki/2019_Houston_Texans_season,1367179984,2026-08-01T14:29:17Z,https://en.wikipedia.org/wiki/Tim_Kelly_(American_football),1371824512.0,2026-08-28T18:08:03Z,False
2019,IND,Indianapolis Colts,Frank Reich,Frank Reich,Nick Sirianni,Nick Sirianni,Frank Reich,Frank Reich,hc_prior_offensive_coordinator,True,False,False,False,https://en.wikipedia.org/wiki/2019_Indianapolis_Colts_season,1368684898,2026-08-10T14:10:02Z,https://en.wikipedia.org/wiki/Frank_Reich,1365529449.0,2026-07-23T01:05:16Z,False
2019,JAX,Jacksonville Jaguars,Doug Marrone,Doug Marrone,John DeFilippo,John DeFilippo,Doug Marrone,Doug Marrone,hc_prior_offensive_coordinator,True,False,True,False,https://en.wikipedia.org/wiki/2019_Jacksonville_Jaguars_season,1360934046,2026-06-24T15:31:59Z,https://en.wikipedia.org/wiki/Doug_Marrone,1365995958.0,2026-07-25T17:17:59Z,False
2019,KC,Kansas City Chiefs,Andy Reid,Andy Reid,Eric Bieniemy,Eric Bieniemy,Eric Bieniemy,Eric Bieniemy,offensive_coordinator,False,False,False,False,https://en.wikipedia.org/wiki/2019_Kansas_City_Chiefs_season,1349221755,2026-04-16T08:43:45Z,,,,True
2019,LAC,Los Angeles Chargers,Anthony Lynn,Anthony Lynn,Shane Steichen,Shane Steichen,Shane Steichen,Shane Steichen,offensive_coordinator,False,False,True,False,https://en.wikipedia.org/wiki/2019_Los_Angeles_Chargers_season,1367129156,2026-08-01T04:13:08Z,https://en.wikipedia.org/wiki/Shane_Steichen,1359706621.0,2026-06-16T19:05:43Z,False
2019,LAR,Los Angeles Rams,Sean McVay,Sean McVay,Sean McVay,Sean McVay,Sean McVay,Sean McVay,offensive_coordinator,False,False,False,False,https://en.wikipedia.org/wiki/2019_Los_Angeles_Rams_season,1356559182,2026-05-28T14:24:11Z,,,,True
2019,LV,Oakland Raiders,Jon Gruden,Jon Gruden,Greg Olson,Greg Olson (American football),Jon Gruden,Jon Gruden,hc_prior_offensive_coordinator,True,False,False,False,https://en.wikipedia.org/wiki/2019_Oakland_Raiders_season,1371742014,2026-08-28T05:15:57Z,https://en.wikipedia.org/wiki/Jon_Gruden,1371040660.0,2026-08-24T06:31:13Z,False
2019,MIA,Miami Dolphins,Brian Flores,Brian Flores,Chad O'Shea,Chad O'Shea,Chad O'Shea,Chad O'Shea,offensive_coordinator,False,True,True,False,https://en.wikipedia.org/wiki/2019_Miami_Dolphins_season,1354764220,2026-05-18T03:25:45Z,https://en.wikipedia.org/wiki/Chad_O'Shea,1349638634.0,2026-04-18T06:55:57Z,False
2019,MIN,Minnesota Vikings,Mike Zimmer,Mike Zimmer,Kevin Stefanski,Kevin Stefanski,Kevin Stefanski,Kevin Stefanski,offensive_coordinator,False,False,,False,https://en.wikipedia.org/wiki/2019_Minnesota_Vikings_season,1372083737,2026-08-30T05:44:19Z,https://en.wikipedia.org/wiki/Kevin_Stefanski,1367839534.0,2026-08-05T14:13:42Z,False
2019,NE,New England Patriots,Bill Belichick,Bill Belichick,Josh McDaniels,Josh McDaniels,Josh McDaniels,Josh McDaniels,offensive_coordinator,False,False,False,False,https://en.wikipedia.org/wiki/2019_New_England_Patriots_season,1370798919,2026-08-23T04:03:06Z,,,,True
2019,NO,New Orleans Saints,Sean Payton,Sean Payton,Pete Carmichael Jr.,Pete Carmichael Jr.,Pete Carmichael Jr.,Pete Carmichael Jr.,offensive_coordinator,False,False,False,False,https://en.wikipedia.org/wiki/2019_New_Orleans_Saints_season,1341201159,2026-03-02T00:30:30Z,https://en.wikipedia.org/wiki/Pete_Carmichael_Jr.,1349785236.0,2026-04-18T22:49:41Z,False
2019,NYG,New York Giants,Pat Shurmur,Pat Shurmur,,,Pat Shurmur,Pat Shurmur,hc_prior_offensive_coordinator,True,False,,False,https://en.wikipedia.org/wiki/2019_New_York_Giants_season,1366248996,2026-07-27T01:05:59Z,https://en.wikipedia.org/wiki/Pat_Shurmur,1367139264.0,2026-08-01T06:30:15Z,True
2019,NYJ,New York Jets,Adam Gase,Adam Gase,,,Adam Gase,Adam Gase,hc_prior_offensive_coordinator,True,True,,False,https://en.wikipedia.org/wiki/2019_New_York_Jets_season,1352263657,2026-05-03T04:23:21Z,https://en.wikipedia.org/wiki/Adam_Gase,1370114823.0,2026-08-19T05:29:40Z,True
2019,PHI,Philadelphia Eagles,Doug Pederson,Doug Pederson,Mike Groh,Mike Groh,Doug Pederson,Doug Pederson,hc_prior_offensive_coordinator,True,False,False,False,https://en.wikipedia.org/wiki/2019_Philadelphia_Eagles_season,1352265606,2026-05-03T04:48:06Z,https://en.wikipedia.org/wiki/Doug_Pederson,1372203063.0,2026-08-30T21:22:36Z,False
2019,PIT,Pittsburgh Steelers,Mike Tomlin,Mike Tomlin,Randy Fichtner,Randy Fichtner,Randy Fichtner,Randy Fichtner,offensive_coordinator,False,False,False,False,https://en.wikipedia.org/wiki/2019_Pittsburgh_Steelers_season,1352264467,2026-05-03T04:34:11Z,,,,True
2019,SEA,Seattle Seahawks,Pete Carroll,Pete Carroll,Brian Schottenheimer,Brian Schottenheimer,Brian Schottenheimer,Brian Schottenheimer,offensive_coordinator,False,False,False,False,https://en.wikipedia.org/wiki/2019_Seattle_Seahawks_season,1352350245,2026-05-03T18:11:00Z,https://en.wikipedia.org/wiki/Brian_Schottenheimer,1365068709.0,2026-07-20T02:46:52Z,False
2019,SF,San Francisco 49ers,Kyle Shanahan,Kyle Shanahan,Kyle Shanahan (de facto,,Kyle Shanahan,Kyle Shanahan,hc_prior_offensive_coordinator,True,False,True,False,https://en.wikipedia.org/wiki/2019_San_Francisco_49ers_season,1359212197,2026-06-13T21:27:15Z,https://en.wikipedia.org/wiki/Kyle_Shanahan,1368731193.0,2026-08-10T19:49:53Z,False
2019,TB,Tampa Bay Buccaneers,Bruce Arians,Bruce Arians,Byron Leftwich,Byron Leftwich,Byron Leftwich,Byron Leftwich,offensive_coordinator,False,True,True,False,https://en.wikipedia.org/wiki/2019_Tampa_Bay_Buccaneers_season,1360946482,2026-06-24T17:16:01Z,https://en.wikipedia.org/wiki/Byron_Leftwich,1368257648.0,2026-08-08T00:34:05Z,False
2019,TEN,Tennessee Titans,Mike Vrabel,Mike Vrabel,Arthur Smith,"Arthur Smith (American football, born 1982)",Arthur Smith,"Arthur Smith (American football, born 1982)",offensive_coordinator,False,False,True,False,https://en.wikipedia.org/wiki/2019_Tennessee_Titans_season,1352264940,2026-05-03T04:40:29Z,"https://en.wikipedia.org/wiki/Arthur_Smith_(American_football,_born_1982)",1369258175.0,2026-08-13T21:38:24Z,False
2019,WAS,Washington Redskins,Jay Gruden,Jay Gruden,Kevin O'Connell,Kevin O'Connell (American football),Jay Gruden,Jay Gruden,hc_prior_offensive_coordinator,True,False,True,True,https://en.wikipedia.org/wiki/2019_Washington_Redskins_season,1371508511,2026-08-26T21:48:20Z,https://en.wikipedia.org/wiki/Jay_Gruden,1372075700.0,2026-08-30T04:41:12Z,True
2020,ARI,Arizona Cardinals,Kliff Kingsbury,Kliff Kingsbury,,,Kliff Kingsbury,Kliff Kingsbury,hc_fallback_no_oc_documented,False,False,,False,https://en.wikipedia.org/wiki/2020_Arizona_Cardinals_season,1351095194,2026-04-25T22:09:24Z,,,,True
2020,ATL,Atlanta Falcons,Dan Quinn,Dan Quinn (American football),Dirk Koetter,Dirk Koetter,Dirk Koetter,Dirk Koetter,offensive_coordinator,False,False,False,True,https://en.wikipedia.org/wiki/2020_Atlanta_Falcons_season,1367139851,2026-08-01T06:40:39Z,https://en.wikipedia.org/wiki/Dirk_Koetter,1329236647.0,2025-12-24T17:12:45Z,True
2020,BAL,Baltimore Ravens,John Harbaugh,John Harbaugh,Greg Roman,Greg Roman,Greg Roman,Greg Roman,offensive_coordinator,False,False,False,False,https://en.wikipedia.org/wiki/2020_Baltimore_Ravens_season,1370818865,2026-08-23T06:39:44Z,https://en.wikipedia.org/wiki/Greg_Roman,1359192614.0,2026-06-13T18:49:27Z,False
2020,BUF,Buffalo Bills,Sean McDermott,Sean McDermott,Brian Daboll,Brian Daboll,Brian Daboll,Brian Daboll,offensive_coordinator,False,False,False,False,https://en.wikipedia.org/wiki/2020_Buffalo_Bills_season,1356559120,2026-05-28T14:23:57Z,https://en.wikipedia.org/wiki/Brian_Daboll,1372930267.0,2026-09-03T01:15:39Z,False
2020,CAR,Carolina Panthers,Matt Rhule,Matt Rhule,Joe Brady,Joe Brady (American football coach),Joe Brady,Joe Brady (American football coach),offensive_coordinator,False,True,True,False,https://en.wikipedia.org/wiki/2020_Carolina_Panthers_season,1371268674,2026-08-25T15:20:22Z,,,,True
2020,CHI,Chicago Bears,Matt Nagy,Matt Nagy,Bill Lazor,Bill Lazor,Matt Nagy,Matt Nagy,hc_prior_offensive_coordinator,True,False,True,False,https://en.wikipedia.org/wiki/2020_Chicago_Bears_season,1366458513,2026-07-28T03:29:43Z,https://en.wikipedia.org/wiki/Matt_Nagy,1372596257.0,2026-09-01T11:31:07Z,False
2020,CIN,Cincinnati Bengals,Zac Taylor,Zac Taylor,Brian Callahan,Brian Callahan,Zac Taylor,Zac Taylor,hc_prior_offensive_coordinator,True,False,False,False,https://en.wikipedia.org/wiki/2020_Cincinnati_Bengals_season,1341234267,2026-03-02T03:21:03Z,https://en.wikipedia.org/wiki/Zac_Taylor,1369942468.0,2026-08-18T03:57:24Z,False
2020,CLE,Cleveland Browns,Kevin Stefanski,Kevin Stefanski,Alex Van Pelt,Alex Van Pelt,Kevin Stefanski,Kevin Stefanski,hc_prior_offensive_coordinator,True,True,True,True,https://en.wikipedia.org/wiki/2020_Cleveland_Browns_season,1372445687,2026-08-31T19:48:48Z,https://en.wikipedia.org/wiki/Kevin_Stefanski,1367839534.0,2026-08-05T14:13:42Z,True
2020,DAL,Dallas Cowboys,Mike McCarthy,Mike McCarthy,Kellen Moore,Kellen Moore,Mike McCarthy,Mike McCarthy,hc_prior_offensive_coordinator,True,True,False,False,https://en.wikipedia.org/wiki/2020_Dallas_Cowboys_season,1341387215,2026-03-02T23:22:53Z,https://en.wikipedia.org/wiki/Mike_McCarthy,1370780074.0,2026-08-23T01:59:00Z,False
2020,DEN,Denver Broncos,Vic Fangio,Vic Fangio,Pat Shurmur,Pat Shurmur,Pat Shurmur,Pat Shurmur,offensive_coordinator,False,False,True,False,https://en.wikipedia.org/wiki/2020_Denver_Broncos_season,1352496365,2026-05-04T15:01:00Z,https://en.wikipedia.org/wiki/Pat_Shurmur,1367139264.0,2026-08-01T06:30:15Z,False
2020,DET,Detroit Lions,Matt Patricia,Matt Patricia,Darrell Bevell,Darrell Bevell,Darrell Bevell,Darrell Bevell,offensive_coordinator,False,False,False,True,https://en.wikipedia.org/wiki/2020_Detroit_Lions_season,1341174701,2026-03-01T21:52:09Z,https://en.wikipedia.org/wiki/Darrell_Bevell,1362695435.0,2026-07-05T17:34:38Z,True
2020,GB,Green Bay Packers,Matt LaFleur,Matt LaFleur,Nathaniel Hackett,Nathaniel Hackett,Nathaniel Hackett,Nathaniel Hackett,offensive_coordinator,False,False,False,False,https://en.wikipedia.org/wiki/2020_Green_Bay_Packers_season,1341146326,2026-03-01T18:41:33Z,https://en.wikipedia.org/wiki/Nathaniel_Hackett,1363620354.0,2026-07-11T08:34:02Z,False
2020,HOU,Houston Texans,Bill O'Brien,Bill O'Brien (American football),Tim Kelly,Tim Kelly (American football),Tim Kelly,Tim Kelly (American football),offensive_coordinator,False,False,False,True,https://en.wikipedia.org/wiki/2020_Houston_Texans_season,1364095374,2026-07-14T13:17:26Z,https://en.wikipedia.org/wiki/Tim_Kelly_(American_football),1371824512.0,2026-08-28T18:08:03Z,True
2020,IND,Indianapolis Colts,Frank Reich,Frank Reich,Nick Sirianni,Nick Sirianni,Frank Reich,Frank Reich,hc_prior_offensive_coordinator,True,False,False,False,https://en.wikipedia.org/wiki/2020_Indianapolis_Colts_season,1358285564,2026-06-07T19:26:35Z,https://en.wikipedia.org/wiki/Frank_Reich,1365529449.0,2026-07-23T01:05:16Z,False
2020,JAX,Jacksonville Jaguars,Doug Marrone,Doug Marrone,Jay Gruden,Jay Gruden,Doug Marrone,Doug Marrone,hc_prior_offensive_coordinator,True,False,True,False,https://en.wikipedia.org/wiki/2020_Jacksonville_Jaguars_season,1361246982,2026-06-26T17:37:10Z,https://en.wikipedia.org/wiki/Doug_Marrone,1365995958.0,2026-07-25T17:17:59Z,False
2020,KC,Kansas City Chiefs,Andy Reid,Andy Reid,Eric Bieniemy,Eric Bieniemy,Eric Bieniemy,Eric Bieniemy,offensive_coordinator,False,False,False,False,https://en.wikipedia.org/wiki/2020_Kansas_City_Chiefs_season,1356559102,2026-05-28T14:23:54Z,,,,True
2020,LAC,Los Angeles Chargers,Anthony Lynn,Anthony Lynn,Shane Steichen,Shane Steichen,Shane Steichen,Shane Steichen,offensive_coordinator,False,False,False,False,https://en.wikipedia.org/wiki/2020_Los_Angeles_Chargers_season,1357691150,2026-06-04T02:37:08Z,https://en.wikipedia.org/wiki/Shane_Steichen,1359706621.0,2026-06-16T19:05:43Z,False
2020,LAR,Los Angeles Rams,Sean McVay,Sean McVay,Kevin O'Connell,Kevin O'Connell (American football),Kevin O'Connell,Kevin O'Connell (American football),offensive_coordinator,False,False,True,False,https://en.wikipedia.org/wiki/2020_Los_Angeles_Rams_season,1364038267,2026-07-14T03:15:44Z,https://en.wikipedia.org/wiki/Kevin_O'Connell_(American_football),1372278592.0,2026-08-31T03:03:55Z,False
2020,LV,Las Vegas Raiders,Jon Gruden,Jon Gruden,Greg Olson,Greg Olson (American football),Jon Gruden,Jon Gruden,hc_prior_offensive_coordinator,True,False,False,False,https://en.wikipedia.org/wiki/2020_Las_Vegas_Raiders_season,1352496381,2026-05-04T15:01:05Z,https://en.wikipedia.org/wiki/Jon_Gruden,1371040660.0,2026-08-24T06:31:13Z,False
2020,MIA,Miami Dolphins,Brian Flores,Brian Flores,Chan Gailey,Chan Gailey,Chan Gailey,Chan Gailey,offensive_coordinator,False,False,True,False,https://en.wikipedia.org/wiki/2020_Miami_Dolphins_season,1369940723,2026-08-18T03:40:34Z,https://en.wikipedia.org/wiki/Chan_Gailey,1360092666.0,2026-06-19T04:52:15Z,False
2020,MIN,Minnesota Vikings,Mike Zimmer,Mike Zimmer,Gary Kubiak,Gary Kubiak,Gary Kubiak,Gary Kubiak,offensive_coordinator,False,False,True,False,https://en.wikipedia.org/wiki/2020_Minnesota_Vikings_season,1346082765,2026-03-29T21:04:00Z,https://en.wikipedia.org/wiki/Gary_Kubiak,1370838987.0,2026-08-23T09:54:52Z,False
2020,NE,New England Patriots,Bill Belichick,Bill Belichick,Josh McDaniels,Josh McDaniels,Josh McDaniels,Josh McDaniels,offensive_coordinator,False,False,False,False,https://en.wikipedia.org/wiki/2020_New_England_Patriots_season,1356589707,2026-05-28T18:19:46Z,,,,True
2020,NO,New Orleans Saints,Sean Payton,Sean Payton,Pete Carmichael Jr.,Pete Carmichael Jr.,Pete Carmichael Jr.,Pete Carmichael Jr.,offensive_coordinator,False,False,False,False,https://en.wikipedia.org/wiki/2020_New_Orleans_Saints_season,1371812206,2026-08-28T16:21:23Z,https://en.wikipedia.org/wiki/Pete_Carmichael_Jr.,1349785236.0,2026-04-18T22:49:41Z,False
2020,NYG,New York Giants,Joe Judge,Joe Judge (American football),Jason Garrett,Jason Garrett,Jason Garrett,Jason Garrett,offensive_coordinator,False,True,,False,https://en.wikipedia.org/wiki/2020_New_York_Giants_season,1354180766,2026-05-14T20:32:28Z,https://en.wikipedia.org/wiki/Jason_Garrett,1371019151.0,2026-08-24T04:12:17Z,False
2020,NYJ,New York Jets,Adam Gase,Adam Gase,,,Adam Gase,Adam Gase,hc_prior_offensive_coordinator,True,False,,False,https://en.wikipedia.org/wiki/2020_New_York_Jets_season,1353253309,2026-05-09T03:57:48Z,https://en.wikipedia.org/wiki/Adam_Gase,1370114823.0,2026-08-19T05:29:40Z,True
2020,PHI,Philadelphia Eagles,Doug Pederson,Doug Pederson,,,Doug Pederson,Doug Pederson,hc_prior_offensive_coordinator,True,False,True,False,https://en.wikipedia.org/wiki/2020_Philadelphia_Eagles_season,1363616358,2026-07-11T07:49:04Z,https://en.wikipedia.org/wiki/Doug_Pederson,1372203063.0,2026-08-30T21:22:36Z,True
2020,PIT,Pittsburgh Steelers,Mike Tomlin,Mike Tomlin,Randy Fichtner,Randy Fichtner,Randy Fichtner,Randy Fichtner,offensive_coordinator,False,False,False,False,https://en.wikipedia.org/wiki/2020_Pittsburgh_Steelers_season,1344966025,2026-03-23T15:27:32Z,,,,True
2020,SEA,Seattle Seahawks,Pete Carroll,Pete Carroll,Brian Schottenheimer,Brian Schottenheimer,Brian Schottenheimer,Brian Schottenheimer,offensive_coordinator,False,False,False,False,https://en.wikipedia.org/wiki/2020_Seattle_Seahawks_season,1356559175,2026-05-28T14:24:09Z,https://en.wikipedia.org/wiki/Brian_Schottenheimer,1365068709.0,2026-07-20T02:46:52Z,False
2020,SF,San Francisco 49ers,Kyle Shanahan,Kyle Shanahan,Kyle Shanahan (de facto,,Kyle Shanahan,Kyle Shanahan,hc_prior_offensive_coordinator,True,False,True,False,https://en.wikipedia.org/wiki/2020_San_Francisco_49ers_season,1371612536,2026-08-27T11:29:52Z,https://en.wikipedia.org/wiki/Kyle_Shanahan,1368731193.0,2026-08-10T19:49:53Z,False
2020,TB,Tampa Bay Buccaneers,Bruce Arians,Bruce Arians,Byron Leftwich,Byron Leftwich,Byron Leftwich,Byron Leftwich,offensive_coordinator,False,False,False,False,https://en.wikipedia.org/wiki/2020_Tampa_Bay_Buccaneers_season,1359002123,2026-06-12T12:02:55Z,https://en.wikipedia.org/wiki/Byron_Leftwich,1368257648.0,2026-08-08T00:34:05Z,False
2020,TEN,Tennessee Titans,Mike Vrabel,Mike Vrabel,Arthur Smith,"Arthur Smith (American football, born 1982)",Arthur Smith,"Arthur Smith (American football, born 1982)",offensive_coordinator,False,False,False,False,https://en.wikipedia.org/wiki/2020_Tennessee_Titans_season,1356559141,2026-05-28T14:24:00Z,"https://en.wikipedia.org/wiki/Arthur_Smith_(American_football,_born_1982)",1369258175.0,2026-08-13T21:38:24Z,False
2020,WAS,Washington Football Team,Ron Rivera,,Scott Turner,Scott Turner (American football coach),Scott Turner,Scott Turner (American football coach),offensive_coordinator,False,True,True,False,https://en.wikipedia.org/wiki/2020_Washington_Football_Team_season,1371508100,2026-08-26T21:44:35Z,https://en.wikipedia.org/wiki/Scott_Turner_(American_football_coach),1344018928.0,2026-03-17T20:09:19Z,False
2021,ARI,Arizona Cardinals,Kliff Kingsbury,Kliff Kingsbury,,,Kliff Kingsbury,Kliff Kingsbury,hc_fallback_no_oc_documented,False,False,,True,https://en.wikipedia.org/wiki/2021_Arizona_Cardinals_season,1350648994,2026-04-23T04:16:08Z,,,,True
2021,ATL,Atlanta Falcons,Arthur Smith,"Arthur Smith (American football, born 1982)",Dave Ragone,Dave Ragone,Dave Ragone,Dave Ragone,offensive_coordinator,False,True,True,False,https://en.wikipedia.org/wiki/2021_Atlanta_Falcons_season,1364509839,2026-07-17T00:17:52Z,https://en.wikipedia.org/wiki/Dave_Ragone,1366344035.0,2026-07-27T13:42:40Z,False
2021,BAL,Baltimore Ravens,John Harbaugh,John Harbaugh,Greg Roman,Greg Roman,Greg Roman,Greg Roman,offensive_coordinator,False,False,False,False,https://en.wikipedia.org/wiki/2021_Baltimore_Ravens_season,1369438444,2026-08-15T00:13:28Z,https://en.wikipedia.org/wiki/Greg_Roman,1359192614.0,2026-06-13T18:49:27Z,False
2021,BUF,Buffalo Bills,Sean McDermott,Sean McDermott,Brian Daboll,Brian Daboll,Brian Daboll,Brian Daboll,offensive_coordinator,False,False,False,False,https://en.wikipedia.org/wiki/2021_Buffalo_Bills_season,1352405157,2026-05-04T00:47:22Z,https://en.wikipedia.org/wiki/Brian_Daboll,1372930267.0,2026-09-03T01:15:39Z,False
2021,CAR,Carolina Panthers,Matt Rhule,Matt Rhule,Joe Brady,Joe Brady (American football coach),Joe Brady,Joe Brady (American football coach),offensive_coordinator,False,False,False,False,https://en.wikipedia.org/wiki/2021_Carolina_Panthers_season,1341321682,2026-03-02T15:29:27Z,,,,True
2021,CHI,Chicago Bears,Matt Nagy,Matt Nagy,Bill Lazor,Bill Lazor,Matt Nagy,Matt Nagy,hc_prior_offensive_coordinator,True,False,False,True,https://en.wikipedia.org/wiki/2021_Chicago_Bears_season,1367291623,2026-08-02T05:34:08Z,https://en.wikipedia.org/wiki/Matt_Nagy,1372596257.0,2026-09-01T11:31:07Z,True
2021,CIN,Cincinnati Bengals,Zac Taylor,Zac Taylor,Brian Callahan,Brian Callahan,Zac Taylor,Zac Taylor,hc_prior_offensive_coordinator,True,False,False,False,https://en.wikipedia.org/wiki/2021_Cincinnati_Bengals_season,1368469243,2026-08-09T05:59:09Z,https://en.wikipedia.org/wiki/Zac_Taylor,1369942468.0,2026-08-18T03:57:24Z,False
2021,CLE,Cleveland Browns,Kevin Stefanski,Kevin Stefanski,Alex Van Pelt,Alex Van Pelt,Kevin Stefanski,Kevin Stefanski,hc_prior_offensive_coordinator,True,True,False,False,https://en.wikipedia.org/wiki/2021_Cleveland_Browns_season,1367281094,2026-08-02T03:46:49Z,https://en.wikipedia.org/wiki/Kevin_Stefanski,1367839534.0,2026-08-05T14:13:42Z,False
2021,DAL,Dallas Cowboys,Mike McCarthy,Mike McCarthy,Kellen Moore,Kellen Moore,Mike McCarthy,Mike McCarthy,hc_prior_offensive_coordinator,True,False,False,False,https://en.wikipedia.org/wiki/2021_Dallas_Cowboys_season,1364504378,2026-07-16T23:40:29Z,https://en.wikipedia.org/wiki/Mike_McCarthy,1370780074.0,2026-08-23T01:59:00Z,False
2021,DEN,Denver Broncos,Vic Fangio,Vic Fangio,Pat Shurmur,Pat Shurmur,Pat Shurmur,Pat Shurmur,offensive_coordinator,False,False,False,False,https://en.wikipedia.org/wiki/2021_Denver_Broncos_season,1364434615,2026-07-16T14:15:15Z,https://en.wikipedia.org/wiki/Pat_Shurmur,1367139264.0,2026-08-01T06:30:15Z,False
2021,DET,Detroit Lions,Dan Campbell,Dan Campbell,Anthony Lynn,Anthony Lynn,Anthony Lynn,Anthony Lynn,offensive_coordinator,False,True,True,False,https://en.wikipedia.org/wiki/2021_Detroit_Lions_season,1372465438,2026-08-31T21:44:52Z,,,,True
2021,GB,Green Bay Packers,Matt LaFleur,Matt LaFleur,Nathaniel Hackett,Nathaniel Hackett,Nathaniel Hackett,Nathaniel Hackett,offensive_coordinator,False,False,False,False,https://en.wikipedia.org/wiki/2021_Green_Bay_Packers_season,1364504102,2026-07-16T23:37:48Z,https://en.wikipedia.org/wiki/Nathaniel_Hackett,1363620354.0,2026-07-11T08:34:02Z,False
2021,HOU,Houston Texans,David Culley,David Culley,Tim Kelly,Tim Kelly (American football),David Culley,David Culley,hc_prior_offensive_coordinator,True,True,False,False,https://en.wikipedia.org/wiki/2021_Houston_Texans_season,1341147091,2026-03-01T18:46:36Z,https://en.wikipedia.org/wiki/David_Culley,1366859841.0,2026-07-30T17:11:11Z,False
2021,IND,Indianapolis Colts,Frank Reich,Frank Reich,Marcus Brady,Marcus Brady,Frank Reich,Frank Reich,hc_prior_offensive_coordinator,True,False,True,False,https://en.wikipedia.org/wiki/2021_Indianapolis_Colts_season,1364395498,2026-07-16T07:29:23Z,https://en.wikipedia.org/wiki/Frank_Reich,1365529449.0,2026-07-23T01:05:16Z,False
2021,JAX,Jacksonville Jaguars,Urban Meyer,Urban Meyer,Brian Schottenheimer,Brian Schottenheimer,Brian Schottenheimer,Brian Schottenheimer,offensive_coordinator,False,True,True,True,https://en.wikipedia.org/wiki/2021_Jacksonville_Jaguars_season,1364399753,2026-07-16T08:07:01Z,https://en.wikipedia.org/wiki/Brian_Schottenheimer,1365068709.0,2026-07-20T02:46:52Z,True
2021,KC,Kansas City Chiefs,Andy Reid,Andy Reid,Eric Bieniemy,Eric Bieniemy,Eric Bieniemy,Eric Bieniemy,offensive_coordinator,False,False,False,False,https://en.wikipedia.org/wiki/2021_Kansas_City_Chiefs_season,1364396335,2026-07-16T07:36:51Z,,,,True
2021,LAC,Los Angeles Chargers,Brandon Staley,Brandon Staley,Joe Lombardi,Joe Lombardi,Joe Lombardi,Joe Lombardi,offensive_coordinator,False,True,True,False,https://en.wikipedia.org/wiki/2021_Los_Angeles_Chargers_season,1353583475,2026-05-11T03:34:16Z,https://en.wikipedia.org/wiki/Joe_Lombardi,1360008395.0,2026-06-18T17:29:55Z,False
2021,LAR,Los Angeles Rams,Sean McVay,Sean McVay,Kevin O'Connell,Kevin O'Connell (American football),Kevin O'Connell,Kevin O'Connell (American football),offensive_coordinator,False,False,False,False,https://en.wikipedia.org/wiki/2021_Los_Angeles_Rams_season,1367335844,2026-08-02T13:11:24Z,https://en.wikipedia.org/wiki/Kevin_O'Connell_(American_football),1372278592.0,2026-08-31T03:03:55Z,False
2021,LV,Las Vegas Raiders,Jon Gruden,Jon Gruden,Greg Olson,Greg Olson (American football),Jon Gruden,Jon Gruden,hc_prior_offensive_coordinator,True,False,False,True,https://en.wikipedia.org/wiki/2021_Las_Vegas_Raiders_season,1370818627,2026-08-23T06:37:07Z,https://en.wikipedia.org/wiki/Jon_Gruden,1371040660.0,2026-08-24T06:31:13Z,True
2021,MIA,Miami Dolphins,Brian Flores,Brian Flores,,,Brian Flores,Brian Flores,hc_fallback_no_oc_documented,False,False,True,False,https://en.wikipedia.org/wiki/2021_Miami_Dolphins_season,1354765223,2026-05-18T03:34:47Z,https://en.wikipedia.org/wiki/Brian_Flores,1370027787.0,2026-08-18T18:18:25Z,True
2021,MIN,Minnesota Vikings,Mike Zimmer,Mike Zimmer,Klint Kubiak,Klint Kubiak,Klint Kubiak,Klint Kubiak,offensive_coordinator,False,False,True,False,https://en.wikipedia.org/wiki/2021_Minnesota_Vikings_season,1370819204,2026-08-23T06:42:51Z,https://en.wikipedia.org/wiki/Klint_Kubiak,1369073292.0,2026-08-12T19:01:42Z,False
2021,NE,New England Patriots,Bill Belichick,Bill Belichick,Josh McDaniels,Josh McDaniels,Josh McDaniels,Josh McDaniels,offensive_coordinator,False,False,False,False,https://en.wikipedia.org/wiki/2021_New_England_Patriots_season,1364394546,2026-07-16T07:20:28Z,,,,True
2021,NO,New Orleans Saints,Sean Payton,Sean Payton,Pete Carmichael Jr.,Pete Carmichael Jr.,Pete Carmichael Jr.,Pete Carmichael Jr.,offensive_coordinator,False,False,False,False,https://en.wikipedia.org/wiki/2021_New_Orleans_Saints_season,1346797139,2026-04-03T00:04:39Z,https://en.wikipedia.org/wiki/Pete_Carmichael_Jr.,1349785236.0,2026-04-18T22:49:41Z,False
2021,NYG,New York Giants,Joe Judge,Joe Judge (American football),Jason Garrett,Jason Garrett,Jason Garrett,Jason Garrett,offensive_coordinator,False,False,False,False,https://en.wikipedia.org/wiki/2021_New_York_Giants_season,1371910355,2026-08-29T07:22:37Z,https://en.wikipedia.org/wiki/Jason_Garrett,1371019151.0,2026-08-24T04:12:17Z,False
2021,NYJ,New York Jets,Robert Saleh,Robert Saleh,Mike LaFleur,Mike LaFleur,Mike LaFleur,Mike LaFleur,offensive_coordinator,False,True,,False,https://en.wikipedia.org/wiki/2021_New_York_Jets_season,1364394742,2026-07-16T07:22:09Z,https://en.wikipedia.org/wiki/Mike_LaFleur,1368633322.0,2026-08-10T05:26:39Z,False
2021,PHI,Philadelphia Eagles,Nick Sirianni,Nick Sirianni,Shane Steichen,Shane Steichen,Nick Sirianni,Nick Sirianni,hc_prior_offensive_coordinator,True,True,,False,https://en.wikipedia.org/wiki/2021_Philadelphia_Eagles_season,1364504685,2026-07-16T23:43:05Z,https://en.wikipedia.org/wiki/Nick_Sirianni,1369737123.0,2026-08-16T20:54:34Z,False
2021,PIT,Pittsburgh Steelers,Mike Tomlin,Mike Tomlin,Matt Canada,Matt Canada,Matt Canada,Matt Canada,offensive_coordinator,False,False,True,False,https://en.wikipedia.org/wiki/2021_Pittsburgh_Steelers_season,1364395317,2026-07-16T07:27:44Z,https://en.wikipedia.org/wiki/Matt_Canada,1366720689.0,2026-07-29T19:51:34Z,False
2021,SEA,Seattle Seahawks,Carl Smith,Carl Smith (American football),Shane Waldron,Shane Waldron,Carl Smith,Carl Smith (American football),hc_prior_offensive_coordinator,True,True,True,False,https://en.wikipedia.org/wiki/2021_Seattle_Seahawks_season,1364510190,2026-07-17T00:21:11Z,https://en.wikipedia.org/wiki/Carl_Smith_(American_football),1358275048.0,2026-06-07T18:21:55Z,False
2021,SF,San Francisco 49ers,Kyle Shanahan,Kyle Shanahan,Mike McDaniel,Mike McDaniel,Kyle Shanahan,Kyle Shanahan,hc_prior_offensive_coordinator,True,False,True,False,https://en.wikipedia.org/wiki/2021_San_Francisco_49ers_season,1356255158,2026-05-26T17:18:36Z,https://en.wikipedia.org/wiki/Kyle_Shanahan,1368731193.0,2026-08-10T19:49:53Z,False
2021,TB,Tampa Bay Buccaneers,Bruce Arians,Bruce Arians,Byron Leftwich,Byron Leftwich,Byron Leftwich,Byron Leftwich,offensive_coordinator,False,False,False,False,https://en.wikipedia.org/wiki/2021_Tampa_Bay_Buccaneers_season,1341181295,2026-03-01T22:36:42Z,https://en.wikipedia.org/wiki/Byron_Leftwich,1368257648.0,2026-08-08T00:34:05Z,False
2021,TEN,Tennessee Titans,Mike Vrabel,Mike Vrabel,Todd Downing,Todd Downing,Todd Downing,Todd Downing,offensive_coordinator,False,False,True,False,https://en.wikipedia.org/wiki/2021_Tennessee_Titans_season,1364395951,2026-07-16T07:33:19Z,https://en.wikipedia.org/wiki/Todd_Downing,1359101612.0,2026-06-13T02:53:38Z,False
2021,WAS,Washington Football Team,Ron Rivera,Ron Rivera,Scott Turner,Scott Turner (American football coach),Scott Turner,Scott Turner (American football coach),offensive_coordinator,False,True,False,False,https://en.wikipedia.org/wiki/2021_Washington_Football_Team_season,1364504887,2026-07-16T23:44:24Z,https://en.wikipedia.org/wiki/Scott_Turner_(American_football_coach),1344018928.0,2026-03-17T20:09:19Z,False
2022,ARI,Arizona Cardinals,Kliff Kingsbury,Kliff Kingsbury,,,Kliff Kingsbury,Kliff Kingsbury,hc_fallback_no_oc_documented,False,True,,False,https://en.wikipedia.org/wiki/2022_Arizona_Cardinals_season,1350649126,2026-04-23T04:17:32Z,,,,True
2022,ATL,Atlanta Falcons,Arthur Smith,"Arthur Smith (American football, born 1982)",Dave Ragone,Dave Ragone,Dave Ragone,Dave Ragone,offensive_coordinator,False,False,False,False,https://en.wikipedia.org/wiki/2022_Atlanta_Falcons_season,1364512343,2026-07-17T00:40:25Z,https://en.wikipedia.org/wiki/Dave_Ragone,1366344035.0,2026-07-27T13:42:40Z,False
2022,BAL,Baltimore Ravens,John Harbaugh,John Harbaugh,Greg Roman,Greg Roman,Greg Roman,Greg Roman,offensive_coordinator,False,False,False,False,https://en.wikipedia.org/wiki/2022_Baltimore_Ravens_season,1368526209,2026-08-09T15:58:39Z,https://en.wikipedia.org/wiki/Greg_Roman,1359192614.0,2026-06-13T18:49:27Z,False
2022,BUF,Buffalo Bills,Sean McDermott,Sean McDermott,Ken Dorsey,Ken Dorsey,Ken Dorsey,Ken Dorsey,offensive_coordinator,False,False,True,False,https://en.wikipedia.org/wiki/2022_Buffalo_Bills_season,1360188387,2026-06-19T20:14:04Z,https://en.wikipedia.org/wiki/Ken_Dorsey,1359025095.0,2026-06-12T15:29:56Z,False
2022,CAR,Carolina Panthers,Steve Wilks,Steve Wilks,Ben McAdoo,Ben McAdoo,Ben McAdoo,Ben McAdoo,offensive_coordinator,False,True,True,False,https://en.wikipedia.org/wiki/2022_Carolina_Panthers_season,1341321701,2026-03-02T15:29:36Z,https://en.wikipedia.org/wiki/Ben_McAdoo,1358849990.0,2026-06-11T10:59:32Z,False
2022,CHI,Chicago Bears,Matt Eberflus,Matt Eberflus,Luke Getsy,Luke Getsy,Luke Getsy,Luke Getsy,offensive_coordinator,False,True,True,False,https://en.wikipedia.org/wiki/2022_Chicago_Bears_season,1366457741,2026-07-28T03:23:55Z,https://en.wikipedia.org/wiki/Luke_Getsy,1366457821.0,2026-07-28T03:24:27Z,False
2022,CIN,Cincinnati Bengals,Zac Taylor,Zac Taylor,Brian Callahan,Brian Callahan,Zac Taylor,Zac Taylor,hc_prior_offensive_coordinator,True,False,False,False,https://en.wikipedia.org/wiki/2022_Cincinnati_Bengals_season,1368470035,2026-08-09T06:06:21Z,https://en.wikipedia.org/wiki/Zac_Taylor,1369942468.0,2026-08-18T03:57:24Z,False
2022,CLE,Cleveland Browns,Kevin Stefanski,Kevin Stefanski,Alex Van Pelt,Alex Van Pelt,Kevin Stefanski,Kevin Stefanski,hc_prior_offensive_coordinator,True,False,False,False,https://en.wikipedia.org/wiki/2022_Cleveland_Browns_season,1366414076,2026-07-27T21:50:01Z,https://en.wikipedia.org/wiki/Kevin_Stefanski,1367839534.0,2026-08-05T14:13:42Z,False
2022,DAL,Dallas Cowboys,Mike McCarthy,Mike McCarthy,Kellen Moore,Kellen Moore,Mike McCarthy,Mike McCarthy,hc_prior_offensive_coordinator,True,False,False,False,https://en.wikipedia.org/wiki/2022_Dallas_Cowboys_season,1367281236,2026-08-02T03:48:17Z,https://en.wikipedia.org/wiki/Mike_McCarthy,1370780074.0,2026-08-23T01:59:00Z,False
2022,DEN,Denver Broncos,Jerry Rosburg,Jerry Rosburg,Justin Outten,Justin Outten,Justin Outten,Justin Outten,offensive_coordinator,False,True,True,False,https://en.wikipedia.org/wiki/2022_Denver_Broncos_season,1372214524,2026-08-30T22:11:39Z,https://en.wikipedia.org/wiki/Justin_Outten,1360025049.0,2026-06-18T19:34:00Z,False
2022,DET,Detroit Lions,Dan Campbell,Dan Campbell,Ben Johnson,Ben Johnson (American football coach),Ben Johnson,Ben Johnson (American football coach),offensive_coordinator,False,False,True,False,https://en.wikipedia.org/wiki/2022_Detroit_Lions_season,1364513033,2026-07-17T00:46:40Z,https://en.wikipedia.org/wiki/Ben_Johnson_(American_football_coach),1356952504.0,2026-05-30T21:39:22Z,False
2022,GB,Green Bay Packers,Matt LaFleur,Matt LaFleur,Adam Stenavich,Adam Stenavich,Adam Stenavich,Adam Stenavich,offensive_coordinator,False,False,True,False,https://en.wikipedia.org/wiki/2022_Green_Bay_Packers_season,1371546989,2026-08-27T02:15:04Z,https://en.wikipedia.org/wiki/Adam_Stenavich,1366239581.0,2026-07-27T00:21:38Z,False
2022,HOU,Houston Texans,Lovie Smith,Lovie Smith,Pep Hamilton,Pep Hamilton,Pep Hamilton,Pep Hamilton,offensive_coordinator,False,True,True,False,https://en.wikipedia.org/wiki/2022_Houston_Texans_season,1353601408,2026-05-11T06:34:52Z,,,,True
2022,IND,Indianapolis Colts,Jeff Saturday,Jeff Saturday,Parks Frazier,Parks Frazier,Parks Frazier,Parks Frazier,offensive_coordinator,False,True,True,False,https://en.wikipedia.org/wiki/2022_Indianapolis_Colts_season,1366414548,2026-07-27T21:53:14Z,https://en.wikipedia.org/wiki/Parks_Frazier,1367993236.0,2026-08-06T11:54:56Z,False
2022,JAX,Jacksonville Jaguars,Doug Pederson,Doug Pederson,Press Taylor,Press Taylor,Doug Pederson,Doug Pederson,hc_prior_offensive_coordinator,True,True,True,False,https://en.wikipedia.org/wiki/2022_Jacksonville_Jaguars_season,1366414815,2026-07-27T21:55:03Z,https://en.wikipedia.org/wiki/Doug_Pederson,1372203063.0,2026-08-30T21:22:36Z,False
2022,KC,Kansas City Chiefs,Andy Reid,Andy Reid,Eric Bieniemy,Eric Bieniemy,Eric Bieniemy,Eric Bieniemy,offensive_coordinator,False,False,False,False,https://en.wikipedia.org/wiki/2022_Kansas_City_Chiefs_season,1366415517,2026-07-27T21:58:46Z,,,,True
2022,LAC,Los Angeles Chargers,Brandon Staley,Brandon Staley,Joe Lombardi,Joe Lombardi,Joe Lombardi,Joe Lombardi,offensive_coordinator,False,False,False,False,https://en.wikipedia.org/wiki/2022_Los_Angeles_Chargers_season,1366385070,2026-07-27T18:39:08Z,https://en.wikipedia.org/wiki/Joe_Lombardi,1360008395.0,2026-06-18T17:29:55Z,False
2022,LAR,Los Angeles Rams,Sean McVay,Sean McVay,Liam Coen,Liam Coen,Liam Coen,Liam Coen,offensive_coordinator,False,False,True,False,https://en.wikipedia.org/wiki/2022_Los_Angeles_Rams_season,1364511229,2026-07-17T00:31:01Z,,,,True
2022,LV,Las Vegas Raiders,Josh McDaniels,Josh McDaniels,Mick Lombardi,Mick Lombardi,Mick Lombardi,Mick Lombardi,offensive_coordinator,False,True,True,False,https://en.wikipedia.org/wiki/2022_Las_Vegas_Raiders_season,1360384637,2026-06-21T04:22:57Z,https://en.wikipedia.org/wiki/Mick_Lombardi,1364112556.0,2026-07-14T15:44:43Z,False
2022,MIA,Miami Dolphins,Mike McDaniel,Mike McDaniel,Frank Smith,Frank Smith (American football),Mike McDaniel,Mike McDaniel,hc_prior_offensive_coordinator,True,True,,False,https://en.wikipedia.org/wiki/2022_Miami_Dolphins_season,1352405666,2026-05-04T00:51:13Z,https://en.wikipedia.org/wiki/Mike_McDaniel,1371660633.0,2026-08-27T18:23:29Z,False
2022,MIN,Minnesota Vikings,Kevin O'Connell,Kevin O'Connell (American football),Wes Phillips,Wes Phillips,Kevin O'Connell,Kevin O'Connell (American football),hc_prior_offensive_coordinator,True,True,True,False,https://en.wikipedia.org/wiki/2022_Minnesota_Vikings_season,1371271251,2026-08-25T15:39:20Z,https://en.wikipedia.org/wiki/Kevin_O'Connell_(American_football),1372278592.0,2026-08-31T03:03:55Z,False
2022,NE,New England Patriots,Bill Belichick,Bill Belichick,,,Bill Belichick,Bill Belichick,hc_fallback_no_oc_documented,False,False,True,False,https://en.wikipedia.org/wiki/2022_New_England_Patriots_season,1366408586,2026-07-27T21:15:15Z,https://en.wikipedia.org/wiki/Bill_Belichick,1372262973.0,2026-08-31T02:00:03Z,True
2022,NO,New Orleans Saints,Dennis Allen,Dennis Allen (American football),Pete Carmichael Jr.,Pete Carmichael Jr.,Pete Carmichael Jr.,Pete Carmichael Jr.,offensive_coordinator,False,True,False,False,https://en.wikipedia.org/wiki/2022_New_Orleans_Saints_season,1358667182,2026-06-10T04:28:20Z,https://en.wikipedia.org/wiki/Pete_Carmichael_Jr.,1349785236.0,2026-04-18T22:49:41Z,False
2022,NYG,New York Giants,Brian Daboll,Brian Daboll,Mike Kafka,Mike Kafka,Brian Daboll,Brian Daboll,hc_prior_offensive_coordinator,True,True,True,False,https://en.wikipedia.org/wiki/2022_New_York_Giants_season,1369438366,2026-08-15T00:12:56Z,https://en.wikipedia.org/wiki/Brian_Daboll,1372930267.0,2026-09-03T01:15:39Z,False
2022,NYJ,New York Jets,Robert Saleh,Robert Saleh,Mike LaFleur,Mike LaFleur,Mike LaFleur,Mike LaFleur,offensive_coordinator,False,False,False,False,https://en.wikipedia.org/wiki/2022_New_York_Jets_season,1368657113,2026-08-10T09:39:41Z,https://en.wikipedia.org/wiki/Mike_LaFleur,1368633322.0,2026-08-10T05:26:39Z,False
2022,PHI,Philadelphia Eagles,Nick Sirianni,Nick Sirianni,Shane Steichen,Shane Steichen,Nick Sirianni,Nick Sirianni,hc_prior_offensive_coordinator,True,False,False,False,https://en.wikipedia.org/wiki/2022_Philadelphia_Eagles_season,1369068704,2026-08-12T18:22:44Z,https://en.wikipedia.org/wiki/Nick_Sirianni,1369737123.0,2026-08-16T20:54:34Z,False
2022,PIT,Pittsburgh Steelers,Mike Tomlin,Mike Tomlin,Matt Canada,Matt Canada,Matt Canada,Matt Canada,offensive_coordinator,False,False,False,False,https://en.wikipedia.org/wiki/2022_Pittsburgh_Steelers_season,1366414238,2026-07-27T21:51:07Z,https://en.wikipedia.org/wiki/Matt_Canada,1366720689.0,2026-07-29T19:51:34Z,False
2022,SEA,Seattle Seahawks,Pete Carroll,Pete Carroll,Shane Waldron,Shane Waldron,Shane Waldron,Shane Waldron,offensive_coordinator,False,True,False,False,https://en.wikipedia.org/wiki/2022_Seattle_Seahawks_season,1367558899,2026-08-03T20:44:01Z,https://en.wikipedia.org/wiki/Shane_Waldron,1369046177.0,2026-08-12T15:16:18Z,False
2022,SF,San Francisco 49ers,Kyle Shanahan,Kyle Shanahan,Kyle Shanahan (de facto,,Kyle Shanahan,Kyle Shanahan,hc_prior_offensive_coordinator,True,False,True,False,https://en.wikipedia.org/wiki/2022_San_Francisco_49ers_season,1343498364,2026-03-14T18:24:31Z,https://en.wikipedia.org/wiki/Kyle_Shanahan,1368731193.0,2026-08-10T19:49:53Z,False
2022,TB,Tampa Bay Buccaneers,Todd Bowles,Todd Bowles,Byron Leftwich,Byron Leftwich,Byron Leftwich,Byron Leftwich,offensive_coordinator,False,True,False,False,https://en.wikipedia.org/wiki/2022_Tampa_Bay_Buccaneers_season,1349585117,2026-04-18T00:41:07Z,https://en.wikipedia.org/wiki/Byron_Leftwich,1368257648.0,2026-08-08T00:34:05Z,False
2022,TEN,Tennessee Titans,Mike Vrabel,Mike Vrabel,Todd Downing,Todd Downing,Todd Downing,Todd Downing,offensive_coordinator,False,False,False,False,https://en.wikipedia.org/wiki/2022_Tennessee_Titans_season,1371104351,2026-08-24T16:16:22Z,https://en.wikipedia.org/wiki/Todd_Downing,1359101612.0,2026-06-13T02:53:38Z,False
2022,WAS,Washington Commanders,Ron Rivera,Ron Rivera,Scott Turner,Scott Turner (American football coach),Scott Turner,Scott Turner (American football coach),offensive_coordinator,False,False,False,False,https://en.wikipedia.org/wiki/2022_Washington_Commanders_season,1366377795,2026-07-27T17:44:13Z,https://en.wikipedia.org/wiki/Scott_Turner_(American_football_coach),1344018928.0,2026-03-17T20:09:19Z,False
2023,ARI,Arizona Cardinals,Jonathan Gannon,Jonathan Gannon,Drew Petzing,Drew Petzing,Drew Petzing,Drew Petzing,offensive_coordinator,False,True,,False,https://en.wikipedia.org/wiki/2023_Arizona_Cardinals_season,1350649312,2026-04-23T04:19:25Z,https://en.wikipedia.org/wiki/Drew_Petzing,1362472565.0,2026-07-04T04:26:38Z,False
2023,ATL,Atlanta Falcons,Arthur Smith,"Arthur Smith (American football, born 1982)",Dave Ragone,Dave Ragone,Dave Ragone,Dave Ragone,offensive_coordinator,False,False,False,False,https://en.wikipedia.org/wiki/2023_Atlanta_Falcons_season,1364511781,2026-07-17T00:36:10Z,https://en.wikipedia.org/wiki/Dave_Ragone,1366344035.0,2026-07-27T13:42:40Z,False
2023,BAL,Baltimore Ravens,John Harbaugh,John Harbaugh,Todd Monken,Todd Monken,Todd Monken,Todd Monken,offensive_coordinator,False,False,True,False,https://en.wikipedia.org/wiki/2023_Baltimore_Ravens_season,1362009495,2026-07-01T11:33:18Z,,,,True
2023,BUF,Buffalo Bills,Sean McDermott,Sean McDermott,Ken Dorsey,Ken Dorsey,Ken Dorsey,Ken Dorsey,offensive_coordinator,False,False,False,True,https://en.wikipedia.org/wiki/2023_Buffalo_Bills_season,1341139741,2026-03-01T18:02:28Z,https://en.wikipedia.org/wiki/Ken_Dorsey,1359025095.0,2026-06-12T15:29:56Z,True
2023,CAR,Carolina Panthers,Frank Reich,Frank Reich,Thomas Brown,Thomas Brown (American football coach),Frank Reich,Frank Reich,hc_prior_offensive_coordinator,True,True,True,True,https://en.wikipedia.org/wiki/2023_Carolina_Panthers_season,1369438282,2026-08-15T00:12:19Z,https://en.wikipedia.org/wiki/Frank_Reich,1365529449.0,2026-07-23T01:05:16Z,True
2023,CHI,Chicago Bears,Matt Eberflus,Matt Eberflus,Luke Getsy,Luke Getsy,Luke Getsy,Luke Getsy,offensive_coordinator,False,False,False,False,https://en.wikipedia.org/wiki/2023_Chicago_Bears_season,1366457848,2026-07-28T03:24:40Z,https://en.wikipedia.org/wiki/Luke_Getsy,1366457821.0,2026-07-28T03:24:27Z,False
2023,CIN,Cincinnati Bengals,Zac Taylor,Zac Taylor,Brian Callahan,Brian Callahan,Zac Taylor,Zac Taylor,hc_prior_offensive_coordinator,True,False,False,False,https://en.wikipedia.org/wiki/2023_Cincinnati_Bengals_season,1366391290,2026-07-27T19:24:18Z,https://en.wikipedia.org/wiki/Zac_Taylor,1369942468.0,2026-08-18T03:57:24Z,False
2023,CLE,Cleveland Browns,Kevin Stefanski,Kevin Stefanski,Alex Van Pelt,Alex Van Pelt,Kevin Stefanski,Kevin Stefanski,hc_prior_offensive_coordinator,True,False,False,False,https://en.wikipedia.org/wiki/2023_Cleveland_Browns_season,1371090633,2026-08-24T14:35:02Z,https://en.wikipedia.org/wiki/Kevin_Stefanski,1367839534.0,2026-08-05T14:13:42Z,False
2023,DAL,Dallas Cowboys,Mike McCarthy,Mike McCarthy,Brian Schottenheimer,Brian Schottenheimer,Mike McCarthy,Mike McCarthy,hc_prior_offensive_coordinator,True,False,True,False,https://en.wikipedia.org/wiki/2023_Dallas_Cowboys_season,1366379829,2026-07-27T17:58:52Z,https://en.wikipedia.org/wiki/Mike_McCarthy,1370780074.0,2026-08-23T01:59:00Z,False
2023,DEN,Denver Broncos,Sean Payton,Sean Payton,Joe Lombardi,Joe Lombardi,Joe Lombardi,Joe Lombardi,offensive_coordinator,False,True,True,False,https://en.wikipedia.org/wiki/2023_Denver_Broncos_season,1372214346,2026-08-30T22:10:57Z,https://en.wikipedia.org/wiki/Joe_Lombardi,1360008395.0,2026-06-18T17:29:55Z,False
2023,DET,Detroit Lions,Dan Campbell,Dan Campbell,Ben Johnson,Ben Johnson (American football coach),Ben Johnson,Ben Johnson (American football coach),offensive_coordinator,False,False,False,False,https://en.wikipedia.org/wiki/2023_Detroit_Lions_season,1368999308,2026-08-12T07:47:28Z,https://en.wikipedia.org/wiki/Ben_Johnson_(American_football_coach),1356952504.0,2026-05-30T21:39:22Z,False
2023,GB,Green Bay Packers,Matt LaFleur,Matt LaFleur,Adam Stenavich,Adam Stenavich,Adam Stenavich,Adam Stenavich,offensive_coordinator,False,False,False,False,https://en.wikipedia.org/wiki/2023_Green_Bay_Packers_season,1369131150,2026-08-13T02:42:51Z,https://en.wikipedia.org/wiki/Adam_Stenavich,1366239581.0,2026-07-27T00:21:38Z,False
2023,HOU,Houston Texans,DeMeco Ryans,DeMeco Ryans,Bobby Slowik,Bobby Slowik,Bobby Slowik,Bobby Slowik,offensive_coordinator,False,True,True,False,https://en.wikipedia.org/wiki/2023_Houston_Texans_season,1341147126,2026-03-01T18:46:57Z,https://en.wikipedia.org/wiki/Bobby_Slowik,1370344616.0,2026-08-20T16:04:35Z,False
2023,IND,Indianapolis Colts,Shane Steichen,Shane Steichen,Jim Bob Cooter,Jim Bob Cooter,Shane Steichen,Shane Steichen,hc_prior_offensive_coordinator,True,True,True,False,https://en.wikipedia.org/wiki/2023_Indianapolis_Colts_season,1366388203,2026-07-27T19:01:03Z,https://en.wikipedia.org/wiki/Shane_Steichen,1359706621.0,2026-06-16T19:05:43Z,False
2023,JAX,Jacksonville Jaguars,Doug Pederson,Doug Pederson,Press Taylor,Press Taylor,Doug Pederson,Doug Pederson,hc_prior_offensive_coordinator,True,False,False,False,https://en.wikipedia.org/wiki/2023_Jacksonville_Jaguars_season,1366389382,2026-07-27T19:10:13Z,https://en.wikipedia.org/wiki/Doug_Pederson,1372203063.0,2026-08-30T21:22:36Z,False
2023,KC,Kansas City Chiefs,Andy Reid,Andy Reid,Matt Nagy,Matt Nagy,Matt Nagy,Matt Nagy,offensive_coordinator,False,False,True,False,https://en.wikipedia.org/wiki/2023_Kansas_City_Chiefs_season,1366383237,2026-07-27T18:24:57Z,https://en.wikipedia.org/wiki/Matt_Nagy,1372596257.0,2026-09-01T11:31:07Z,False
2023,LAC,Los Angeles Chargers,Brandon Staley,Brandon Staley,Kellen Moore,Kellen Moore,Kellen Moore,Kellen Moore,offensive_coordinator,False,False,True,False,https://en.wikipedia.org/wiki/2023_Los_Angeles_Chargers_season,1369759592,2026-08-17T00:15:12Z,https://en.wikipedia.org/wiki/Kellen_Moore,1372640691.0,2026-09-01T16:04:35Z,False
2023,LAR,Los Angeles Rams,Sean McVay,Sean McVay,Mike LaFleur,Mike LaFleur,Mike LaFleur,Mike LaFleur,offensive_coordinator,False,False,True,False,https://en.wikipedia.org/wiki/2023_Los_Angeles_Rams_season,1372419886,2026-08-31T17:32:55Z,https://en.wikipedia.org/wiki/Mike_LaFleur,1368633322.0,2026-08-10T05:26:39Z,False
2023,LV,Las Vegas Raiders,Josh McDaniels,Josh McDaniels,Mick Lombardi,Mick Lombardi,Mick Lombardi,Mick Lombardi,offensive_coordinator,False,False,False,True,https://en.wikipedia.org/wiki/2023_Las_Vegas_Raiders_season,1367101304,2026-08-01T00:38:05Z,https://en.wikipedia.org/wiki/Mick_Lombardi,1364112556.0,2026-07-14T15:44:43Z,True
2023,MIA,Miami Dolphins,Mike McDaniel,Mike McDaniel,Frank Smith,Frank Smith (American football),Mike McDaniel,Mike McDaniel,hc_prior_offensive_coordinator,True,False,False,False,https://en.wikipedia.org/wiki/2023_Miami_Dolphins_season,1369909801,2026-08-17T23:33:12Z,https://en.wikipedia.org/wiki/Mike_McDaniel,1371660633.0,2026-08-27T18:23:29Z,False
2023,MIN,Minnesota Vikings,Kevin O'Connell,Kevin O'Connell (American football),Wes Phillips,Wes Phillips,Kevin O'Connell,Kevin O'Connell (American football),hc_prior_offensive_coordinator,True,False,False,False,https://en.wikipedia.org/wiki/2023_Minnesota_Vikings_season,1366570699,2026-07-28T20:09:08Z,https://en.wikipedia.org/wiki/Kevin_O'Connell_(American_football),1372278592.0,2026-08-31T03:03:55Z,False
2023,NE,New England Patriots,Bill Belichick,Bill Belichick,,,Bill Belichick,Bill Belichick,hc_fallback_no_oc_documented,False,False,,False,https://en.wikipedia.org/wiki/2023_New_England_Patriots_season,1369366295,2026-08-14T14:52:36Z,https://en.wikipedia.org/wiki/Bill_Belichick,1372262973.0,2026-08-31T02:00:03Z,True
2023,NO,New Orleans Saints,Dennis Allen,Dennis Allen (American football),Pete Carmichael,Pete Carmichael Jr.,Pete Carmichael,Pete Carmichael Jr.,offensive_coordinator,False,False,False,False,https://en.wikipedia.org/wiki/2023_New_Orleans_Saints_season,1347760846,2026-04-08T16:45:27Z,https://en.wikipedia.org/wiki/Pete_Carmichael_Jr.,1349785236.0,2026-04-18T22:49:41Z,False
2023,NYG,New York Giants,Brian Daboll,Brian Daboll,Mike Kafka,Mike Kafka,Brian Daboll,Brian Daboll,hc_prior_offensive_coordinator,True,False,False,False,https://en.wikipedia.org/wiki/2023_New_York_Giants_season,1371478203,2026-08-26T18:01:04Z,https://en.wikipedia.org/wiki/Brian_Daboll,1372930267.0,2026-09-03T01:15:39Z,False
2023,NYJ,New York Jets,Robert Saleh,Robert Saleh,Nathaniel Hackett,Nathaniel Hackett,Nathaniel Hackett,Nathaniel Hackett,offensive_coordinator,False,False,True,False,https://en.wikipedia.org/wiki/2023_New_York_Jets_season,1366408927,2026-07-27T21:17:13Z,https://en.wikipedia.org/wiki/Nathaniel_Hackett,1363620354.0,2026-07-11T08:34:02Z,False
2023,PHI,Philadelphia Eagles,Nick Sirianni,Nick Sirianni,Brian Johnson,Brian Johnson (American football coach),Nick Sirianni,Nick Sirianni,hc_prior_offensive_coordinator,True,False,True,False,https://en.wikipedia.org/wiki/2023_Philadelphia_Eagles_season,1368911091,2026-08-11T20:20:06Z,https://en.wikipedia.org/wiki/Nick_Sirianni,1369737123.0,2026-08-16T20:54:34Z,False
2023,PIT,Pittsburgh Steelers,Mike Tomlin,Mike Tomlin,Matt Canada,Matt Canada,Matt Canada,Matt Canada,offensive_coordinator,False,False,False,False,https://en.wikipedia.org/wiki/2023_Pittsburgh_Steelers_season,1366400296,2026-07-27T20:25:56Z,https://en.wikipedia.org/wiki/Matt_Canada,1366720689.0,2026-07-29T19:51:34Z,False
2023,SEA,Seattle Seahawks,Pete Carroll,Pete Carroll,Shane Waldron,Shane Waldron,Shane Waldron,Shane Waldron,offensive_coordinator,False,False,False,False,https://en.wikipedia.org/wiki/2023_Seattle_Seahawks_season,1371345325,2026-08-26T00:45:06Z,https://en.wikipedia.org/wiki/Shane_Waldron,1369046177.0,2026-08-12T15:16:18Z,False
2023,SF,San Francisco 49ers,Kyle Shanahan,Kyle Shanahan,Kyle Shanahan (de facto,,Kyle Shanahan,Kyle Shanahan,hc_prior_offensive_coordinator,True,False,True,False,https://en.wikipedia.org/wiki/2023_San_Francisco_49ers_season,1361306248,2026-06-27T01:53:56Z,https://en.wikipedia.org/wiki/Kyle_Shanahan,1368731193.0,2026-08-10T19:49:53Z,False
2023,TB,Tampa Bay Buccaneers,Todd Bowles,Todd Bowles,Dave Canales,Dave Canales,Dave Canales,Dave Canales,offensive_coordinator,False,False,True,False,https://en.wikipedia.org/wiki/2023_Tampa_Bay_Buccaneers_season,1356193251,2026-05-26T06:55:54Z,,,,True
2023,TEN,Tennessee Titans,Mike Vrabel,Mike Vrabel,Tim Kelly,Tim Kelly (American football),Tim Kelly,Tim Kelly (American football),offensive_coordinator,False,False,True,False,https://en.wikipedia.org/wiki/2023_Tennessee_Titans_season,1366390855,2026-07-27T19:21:18Z,https://en.wikipedia.org/wiki/Tim_Kelly_(American_football),1371824512.0,2026-08-28T18:08:03Z,False
2023,WAS,Washington Commanders,Ron Rivera,Ron Rivera,Eric Bieniemy,Eric Bieniemy,Eric Bieniemy,Eric Bieniemy,offensive_coordinator,False,False,True,False,https://en.wikipedia.org/wiki/2023_Washington_Commanders_season,1372427129,2026-08-31T18:12:57Z,,,,True
2024,ARI,Arizona Cardinals,Jonathan Gannon,Jonathan Gannon,Drew Petzing,Drew Petzing,Drew Petzing,Drew Petzing,offensive_coordinator,False,False,False,False,https://en.wikipedia.org/wiki/2024_Arizona_Cardinals_season,1348826732,2026-04-14T13:30:26Z,https://en.wikipedia.org/wiki/Drew_Petzing,1362472565.0,2026-07-04T04:26:38Z,False
2024,ATL,Atlanta Falcons,Raheem Morris,Raheem Morris,Zac Robinson,Zac Robinson,Zac Robinson,Zac Robinson,offensive_coordinator,False,True,True,False,https://en.wikipedia.org/wiki/2024_Atlanta_Falcons_season,1350035866,2026-04-20T00:20:23Z,https://en.wikipedia.org/wiki/Zac_Robinson,1362218487.0,2026-07-02T16:00:44Z,False
2024,BAL,Baltimore Ravens,John Harbaugh,John Harbaugh,Todd Monken,Todd Monken,Todd Monken,Todd Monken,offensive_coordinator,False,False,False,False,https://en.wikipedia.org/wiki/2024_Baltimore_Ravens_season,1360323747,2026-06-20T19:17:01Z,,,,True
2024,BUF,Buffalo Bills,Sean McDermott,Sean McDermott,Joe Brady,Joe Brady (American football coach),Joe Brady,Joe Brady (American football coach),offensive_coordinator,False,False,False,False,https://en.wikipedia.org/wiki/2024_Buffalo_Bills_season,1362244938,2026-07-02T19:01:03Z,,,,True
2024,CAR,Carolina Panthers,Dave Canales,Dave Canales,Brad Idzik,Brad Idzik,Brad Idzik,Brad Idzik,offensive_coordinator,False,True,True,False,https://en.wikipedia.org/wiki/2024_Carolina_Panthers_season,1363343857,2026-07-09T16:42:16Z,https://en.wikipedia.org/wiki/Brad_Idzik,1368605512.0,2026-08-10T01:52:44Z,False
2024,CHI,Chicago Bears,Matt Eberflus,Matt Eberflus,Shane Waldron,Shane Waldron,Shane Waldron,Shane Waldron,offensive_coordinator,False,False,True,False,https://en.wikipedia.org/wiki/2024_Chicago_Bears_season,1366457887,2026-07-28T03:24:56Z,https://en.wikipedia.org/wiki/Shane_Waldron,1369046177.0,2026-08-12T15:16:18Z,False
2024,CIN,Cincinnati Bengals,Zac Taylor,Zac Taylor,Dan Pitcher,Dan Pitcher,Zac Taylor,Zac Taylor,hc_prior_offensive_coordinator,True,False,True,False,https://en.wikipedia.org/wiki/2024_Cincinnati_Bengals_season,1363628694,2026-07-11T10:21:38Z,https://en.wikipedia.org/wiki/Zac_Taylor,1369942468.0,2026-08-18T03:57:24Z,False
2024,CLE,Cleveland Browns,Kevin Stefanski,Kevin Stefanski,Ken Dorsey,Ken Dorsey,Kevin Stefanski,Kevin Stefanski,hc_prior_offensive_coordinator,True,False,True,False,https://en.wikipedia.org/wiki/2024_Cleveland_Browns_season,1359810500,2026-06-17T10:18:19Z,https://en.wikipedia.org/wiki/Kevin_Stefanski,1367839534.0,2026-08-05T14:13:42Z,False
2024,DAL,Dallas Cowboys,Mike McCarthy,Mike McCarthy,Brian Schottenheimer,Brian Schottenheimer,Mike McCarthy,Mike McCarthy,hc_prior_offensive_coordinator,True,False,False,False,https://en.wikipedia.org/wiki/2024_Dallas_Cowboys_season,1372844823,2026-09-02T15:26:48Z,https://en.wikipedia.org/wiki/Mike_McCarthy,1370780074.0,2026-08-23T01:59:00Z,False
2024,DEN,Denver Broncos,Sean Payton,Sean Payton,Joe Lombardi,Joe Lombardi,Joe Lombardi,Joe Lombardi,offensive_coordinator,False,False,False,False,https://en.wikipedia.org/wiki/2024_Denver_Broncos_season,1372214172,2026-08-30T22:10:11Z,https://en.wikipedia.org/wiki/Joe_Lombardi,1360008395.0,2026-06-18T17:29:55Z,False
2024,DET,Detroit Lions,Dan Campbell,Dan Campbell,Ben Johnson,Ben Johnson (American football coach),Ben Johnson,Ben Johnson (American football coach),offensive_coordinator,False,False,False,False,https://en.wikipedia.org/wiki/2024_Detroit_Lions_season,1359824747,2026-06-17T12:51:39Z,https://en.wikipedia.org/wiki/Ben_Johnson_(American_football_coach),1356952504.0,2026-05-30T21:39:22Z,False
2024,GB,Green Bay Packers,Matt LaFleur,Matt LaFleur,Adam Stenavich,Adam Stenavich,Adam Stenavich,Adam Stenavich,offensive_coordinator,False,False,False,False,https://en.wikipedia.org/wiki/2024_Green_Bay_Packers_season,1368893751,2026-08-11T17:53:36Z,https://en.wikipedia.org/wiki/Adam_Stenavich,1366239581.0,2026-07-27T00:21:38Z,False
2024,HOU,Houston Texans,DeMeco Ryans,DeMeco Ryans,Bobby Slowik,Bobby Slowik,Bobby Slowik,Bobby Slowik,offensive_coordinator,False,False,False,False,https://en.wikipedia.org/wiki/2024_Houston_Texans_season,1354025831,2026-05-13T21:17:06Z,https://en.wikipedia.org/wiki/Bobby_Slowik,1370344616.0,2026-08-20T16:04:35Z,False
2024,IND,Indianapolis Colts,Shane Steichen,Shane Steichen,Jim Bob Cooter,Jim Bob Cooter,Shane Steichen,Shane Steichen,hc_prior_offensive_coordinator,True,False,False,False,https://en.wikipedia.org/wiki/2024_Indianapolis_Colts_season,1364324312,2026-07-15T22:46:52Z,https://en.wikipedia.org/wiki/Shane_Steichen,1359706621.0,2026-06-16T19:05:43Z,False
2024,JAX,Jacksonville Jaguars,Doug Pederson,Doug Pederson,Press Taylor,Press Taylor,Doug Pederson,Doug Pederson,hc_prior_offensive_coordinator,True,False,False,False,https://en.wikipedia.org/wiki/2024_Jacksonville_Jaguars_season,1348063343,2026-04-10T13:23:38Z,https://en.wikipedia.org/wiki/Doug_Pederson,1372203063.0,2026-08-30T21:22:36Z,False
2024,KC,Kansas City Chiefs,Andy Reid,Andy Reid,Matt Nagy,Matt Nagy,Matt Nagy,Matt Nagy,offensive_coordinator,False,False,False,False,https://en.wikipedia.org/wiki/2024_Kansas_City_Chiefs_season,1370851966,2026-08-23T11:57:56Z,https://en.wikipedia.org/wiki/Matt_Nagy,1372596257.0,2026-09-01T11:31:07Z,False
2024,LAC,Los Angeles Chargers,Jim Harbaugh,Jim Harbaugh,Greg Roman,Greg Roman,Greg Roman,Greg Roman,offensive_coordinator,False,True,True,False,https://en.wikipedia.org/wiki/2024_Los_Angeles_Chargers_season,1367811176,2026-08-05T09:10:44Z,https://en.wikipedia.org/wiki/Greg_Roman,1359192614.0,2026-06-13T18:49:27Z,False
2024,LAR,Los Angeles Rams,Sean McVay,Sean McVay,Mike LaFleur,Mike LaFleur,Mike LaFleur,Mike LaFleur,offensive_coordinator,False,False,False,False,https://en.wikipedia.org/wiki/2024_Los_Angeles_Rams_season,1348825963,2026-04-14T13:25:59Z,https://en.wikipedia.org/wiki/Mike_LaFleur,1368633322.0,2026-08-10T05:26:39Z,False
2024,LV,Las Vegas Raiders,Antonio Pierce,Antonio Pierce,Luke Getsy,Luke Getsy,Luke Getsy,Luke Getsy,offensive_coordinator,False,False,True,False,https://en.wikipedia.org/wiki/2024_Las_Vegas_Raiders_season,1365154465,2026-07-20T16:18:12Z,https://en.wikipedia.org/wiki/Luke_Getsy,1366457821.0,2026-07-28T03:24:27Z,False
2024,MIA,Miami Dolphins,Mike McDaniel,Mike McDaniel,Frank Smith,Frank Smith (American football),Mike McDaniel,Mike McDaniel,hc_prior_offensive_coordinator,True,False,False,False,https://en.wikipedia.org/wiki/2024_Miami_Dolphins_season,1369910417,2026-08-17T23:41:01Z,https://en.wikipedia.org/wiki/Mike_McDaniel,1371660633.0,2026-08-27T18:23:29Z,False
2024,MIN,Minnesota Vikings,Kevin O'Connell,Kevin O'Connell (American football),Wes Phillips,Wes Phillips,Kevin O'Connell,Kevin O'Connell (American football),hc_prior_offensive_coordinator,True,False,False,False,https://en.wikipedia.org/wiki/2024_Minnesota_Vikings_season,1369714301,2026-08-16T17:53:26Z,https://en.wikipedia.org/wiki/Kevin_O'Connell_(American_football),1372278592.0,2026-08-31T03:03:55Z,False
2024,NE,New England Patriots,Jerod Mayo,Jerod Mayo,Alex Van Pelt,Alex Van Pelt,Alex Van Pelt,Alex Van Pelt,offensive_coordinator,False,True,,False,https://en.wikipedia.org/wiki/2024_New_England_Patriots_season,1367716660,2026-08-04T19:25:07Z,,,,True
2024,NO,New Orleans Saints,Dennis Allen,Dennis Allen (American football),Klint Kubiak,Klint Kubiak,Klint Kubiak,Klint Kubiak,offensive_coordinator,False,False,True,True,https://en.wikipedia.org/wiki/2024_New_Orleans_Saints_season,1364114732,2026-07-14T16:00:42Z,https://en.wikipedia.org/wiki/Klint_Kubiak,1369073292.0,2026-08-12T19:01:42Z,True
2024,NYG,New York Giants,Brian Daboll,Brian Daboll,Mike Kafka,Mike Kafka,Brian Daboll,Brian Daboll,hc_prior_offensive_coordinator,True,False,False,False,https://en.wikipedia.org/wiki/2024_New_York_Giants_season,1371478620,2026-08-26T18:04:01Z,https://en.wikipedia.org/wiki/Brian_Daboll,1372930267.0,2026-09-03T01:15:39Z,False
2024,NYJ,New York Jets,Robert Saleh,Robert Saleh,Nathaniel Hackett,Nathaniel Hackett,Nathaniel Hackett,Nathaniel Hackett,offensive_coordinator,False,False,False,True,https://en.wikipedia.org/wiki/2024_New_York_Jets_season,1351328044,2026-04-27T08:22:27Z,https://en.wikipedia.org/wiki/Nathaniel_Hackett,1363620354.0,2026-07-11T08:34:02Z,True
2024,PHI,Philadelphia Eagles,Nick Sirianni,Nick Sirianni,Kellen Moore,Kellen Moore,Nick Sirianni,Nick Sirianni,hc_prior_offensive_coordinator,True,False,True,False,https://en.wikipedia.org/wiki/2024_Philadelphia_Eagles_season,1371519783,2026-08-26T23:22:20Z,https://en.wikipedia.org/wiki/Nick_Sirianni,1369737123.0,2026-08-16T20:54:34Z,False
2024,PIT,Pittsburgh Steelers,Mike Tomlin,Mike Tomlin,Arthur Smith,"Arthur Smith (American football, born 1982)",Arthur Smith,"Arthur Smith (American football, born 1982)",offensive_coordinator,False,False,True,False,https://en.wikipedia.org/wiki/2024_Pittsburgh_Steelers_season,1370873971,2026-08-23T14:46:34Z,"https://en.wikipedia.org/wiki/Arthur_Smith_(American_football,_born_1982)",1369258175.0,2026-08-13T21:38:24Z,False
2024,SEA,Seattle Seahawks,Mike Macdonald,Mike Macdonald,Ryan Grubb,Ryan Grubb,Ryan Grubb,Ryan Grubb,offensive_coordinator,False,True,True,False,https://en.wikipedia.org/wiki/2024_Seattle_Seahawks_season,1371030526,2026-08-24T05:26:32Z,https://en.wikipedia.org/wiki/Ryan_Grubb,1340955494.0,2026-02-28T18:34:49Z,False
2024,SF,San Francisco 49ers,Kyle Shanahan,Kyle Shanahan,,,Kyle Shanahan,Kyle Shanahan,hc_prior_offensive_coordinator,True,False,True,False,https://en.wikipedia.org/wiki/2024_San_Francisco_49ers_season,1360832660,2026-06-23T22:03:03Z,https://en.wikipedia.org/wiki/Kyle_Shanahan,1368731193.0,2026-08-10T19:49:53Z,True
2024,TB,Tampa Bay Buccaneers,Todd Bowles,Todd Bowles,Liam Coen,Liam Coen,Liam Coen,Liam Coen,offensive_coordinator,False,False,True,False,https://en.wikipedia.org/wiki/2024_Tampa_Bay_Buccaneers_season,1365050094,2026-07-20T00:02:12Z,,,,True
2024,TEN,Tennessee Titans,Brian Callahan,Brian Callahan,Nick Holz,Nick Holz,Brian Callahan,Brian Callahan,hc_prior_offensive_coordinator,True,True,True,False,https://en.wikipedia.org/wiki/2024_Tennessee_Titans_season,1360927570,2026-06-24T14:40:17Z,https://en.wikipedia.org/wiki/Brian_Callahan,1359098543.0,2026-06-13T02:24:45Z,False
2025,ARI,Arizona Cardinals,Jonathan Gannon,Jonathan Gannon,Drew Petzing,Drew Petzing,Drew Petzing,Drew Petzing,offensive_coordinator,False,False,False,False,https://en.wikipedia.org/wiki/2025_Arizona_Cardinals_season,1368514182,2026-08-09T14:10:27Z,https://en.wikipedia.org/wiki/Drew_Petzing,1362472565.0,2026-07-04T04:26:38Z,False
2025,ATL,Atlanta Falcons,Raheem Morris,Raheem Morris,Zac Robinson,Zac Robinson,Zac Robinson,Zac Robinson,offensive_coordinator,False,False,False,False,https://en.wikipedia.org/wiki/2025_Atlanta_Falcons_season,1372745841,2026-09-02T02:34:34Z,https://en.wikipedia.org/wiki/Zac_Robinson,1362218487.0,2026-07-02T16:00:44Z,False
2025,BAL,Baltimore Ravens,John Harbaugh,John Harbaugh,Todd Monken,Todd Monken,Todd Monken,Todd Monken,offensive_coordinator,False,False,False,False,https://en.wikipedia.org/wiki/2025_Baltimore_Ravens_season,1371039663,2026-08-24T06:24:45Z,,,,True
2025,BUF,Buffalo Bills,Sean McDermott,Sean McDermott,Joe Brady,Joe Brady (American football coach),Joe Brady,Joe Brady (American football coach),offensive_coordinator,False,False,False,False,https://en.wikipedia.org/wiki/2025_Buffalo_Bills_season,1370737793,2026-08-22T20:58:04Z,,,,True
2025,CAR,Carolina Panthers,Dave Canales,Dave Canales,Brad Idzik,Brad Idzik,Brad Idzik,Brad Idzik,offensive_coordinator,False,False,False,False,https://en.wikipedia.org/wiki/2025_Carolina_Panthers_season,1364918717,2026-07-19T07:49:13Z,https://en.wikipedia.org/wiki/Brad_Idzik,1368605512.0,2026-08-10T01:52:44Z,False
2025,CHI,Chicago Bears,Ben Johnson,Ben Johnson (American football coach),Declan Doyle,Declan Doyle,Ben Johnson,Ben Johnson (American football coach),hc_prior_offensive_coordinator,True,True,True,False,https://en.wikipedia.org/wiki/2025_Chicago_Bears_season,1371439269,2026-08-26T12:52:08Z,https://en.wikipedia.org/wiki/Ben_Johnson_(American_football_coach),1356952504.0,2026-05-30T21:39:22Z,False
2025,CIN,Cincinnati Bengals,Zac Taylor,Zac Taylor,Dan Pitcher,Dan Pitcher,Zac Taylor,Zac Taylor,hc_prior_offensive_coordinator,True,False,False,False,https://en.wikipedia.org/wiki/2025_Cincinnati_Bengals_season,1362068526,2026-07-01T19:17:01Z,https://en.wikipedia.org/wiki/Zac_Taylor,1369942468.0,2026-08-18T03:57:24Z,False
2025,CLE,Cleveland Browns,Kevin Stefanski,Kevin Stefanski,Tommy Rees,Tommy Rees (American football),Kevin Stefanski,Kevin Stefanski,hc_prior_offensive_coordinator,True,False,True,False,https://en.wikipedia.org/wiki/2025_Cleveland_Browns_season,1373001765,2026-09-03T12:45:40Z,https://en.wikipedia.org/wiki/Kevin_Stefanski,1367839534.0,2026-08-05T14:13:42Z,False
2025,DAL,Dallas Cowboys,Brian Schottenheimer,Brian Schottenheimer,Klayton Adams,Klayton Adams,Brian Schottenheimer,Brian Schottenheimer,hc_prior_offensive_coordinator,True,True,True,False,https://en.wikipedia.org/wiki/2025_Dallas_Cowboys_season,1372844946,2026-09-02T15:27:32Z,https://en.wikipedia.org/wiki/Brian_Schottenheimer,1365068709.0,2026-07-20T02:46:52Z,False
2025,DEN,Denver Broncos,Sean Payton,Sean Payton,Joe Lombardi,Joe Lombardi,Joe Lombardi,Joe Lombardi,offensive_coordinator,False,False,False,False,https://en.wikipedia.org/wiki/2025_Denver_Broncos_season,1372444444,2026-08-31T19:42:07Z,https://en.wikipedia.org/wiki/Joe_Lombardi,1360008395.0,2026-06-18T17:29:55Z,False
2025,DET,Detroit Lions,Dan Campbell,Dan Campbell,John Morton,John Morton (American football),John Morton,John Morton (American football),offensive_coordinator,False,False,True,False,https://en.wikipedia.org/wiki/2025_Detroit_Lions_season,1369446095,2026-08-15T01:15:00Z,https://en.wikipedia.org/wiki/John_Morton_(American_football),1359856567.0,2026-06-17T17:22:46Z,False
2025,GB,Green Bay Packers,Matt LaFleur,Matt LaFleur,Adam Stenavich,Adam Stenavich,Adam Stenavich,Adam Stenavich,offensive_coordinator,False,False,False,False,https://en.wikipedia.org/wiki/2025_Green_Bay_Packers_season,1370128754,2026-08-19T07:29:18Z,https://en.wikipedia.org/wiki/Adam_Stenavich,1366239581.0,2026-07-27T00:21:38Z,False
2025,HOU,Houston Texans,DeMeco Ryans,DeMeco Ryans,Nick Caley,Nick Caley,Nick Caley,Nick Caley,offensive_coordinator,False,False,True,False,https://en.wikipedia.org/wiki/2025_Houston_Texans_season,1361810863,2026-06-30T06:16:43Z,https://en.wikipedia.org/wiki/Nick_Caley,1347923744.0,2026-04-09T16:49:43Z,False
2025,IND,Indianapolis Colts,Shane Steichen,Shane Steichen,Jim Bob Cooter,Jim Bob Cooter,Shane Steichen,Shane Steichen,hc_prior_offensive_coordinator,True,False,False,False,https://en.wikipedia.org/wiki/2025_Indianapolis_Colts_season,1366828100,2026-07-30T13:33:00Z,https://en.wikipedia.org/wiki/Shane_Steichen,1359706621.0,2026-06-16T19:05:43Z,False
2025,JAX,Jacksonville Jaguars,Liam Coen,Liam Coen,Grant Udinski,Grant Udinski,Grant Udinski,Grant Udinski,offensive_coordinator,False,True,True,False,https://en.wikipedia.org/wiki/2025_Jacksonville_Jaguars_season,1361641329,2026-06-29T06:00:02Z,,,,True
2025,KC,Kansas City Chiefs,Andy Reid,Andy Reid,Matt Nagy,Matt Nagy,Matt Nagy,Matt Nagy,offensive_coordinator,False,False,False,False,https://en.wikipedia.org/wiki/2025_Kansas_City_Chiefs_season,1370850357,2026-08-23T11:44:17Z,https://en.wikipedia.org/wiki/Matt_Nagy,1372596257.0,2026-09-01T11:31:07Z,False
2025,LAC,Los Angeles Chargers,Jim Harbaugh,Jim Harbaugh,Greg Roman,Greg Roman,Greg Roman,Greg Roman,offensive_coordinator,False,False,False,False,https://en.wikipedia.org/wiki/2025_Los_Angeles_Chargers_season,1369575226,2026-08-15T20:44:14Z,https://en.wikipedia.org/wiki/Greg_Roman,1359192614.0,2026-06-13T18:49:27Z,False
2025,LAR,Los Angeles Rams,Sean McVay,Sean McVay,Mike LaFleur,Mike LaFleur,Mike LaFleur,Mike LaFleur,offensive_coordinator,False,False,False,False,https://en.wikipedia.org/wiki/2025_Los_Angeles_Rams_season,1372526885,2026-09-01T03:07:57Z,https://en.wikipedia.org/wiki/Mike_LaFleur,1368633322.0,2026-08-10T05:26:39Z,False
2025,LV,Las Vegas Raiders,Pete Carroll,Pete Carroll,,,Pete Carroll,Pete Carroll,hc_fallback_no_oc_documented,False,True,True,False,https://en.wikipedia.org/wiki/2025_Las_Vegas_Raiders_season,1367343641,2026-08-02T14:30:32Z,,,,True
2025,MIA,Miami Dolphins,Mike McDaniel,Mike McDaniel,Frank Smith,Frank Smith (American football),Mike McDaniel,Mike McDaniel,hc_prior_offensive_coordinator,True,False,False,False,https://en.wikipedia.org/wiki/2025_Miami_Dolphins_season,1360530923,2026-06-22T02:01:31Z,https://en.wikipedia.org/wiki/Mike_McDaniel,1371660633.0,2026-08-27T18:23:29Z,False
2025,MIN,Minnesota Vikings,Kevin O'Connell,Kevin O'Connell (American football),Wes Phillips,Wes Phillips,Kevin O'Connell,Kevin O'Connell (American football),hc_prior_offensive_coordinator,True,False,False,False,https://en.wikipedia.org/wiki/2025_Minnesota_Vikings_season,1372367886,2026-08-31T12:27:04Z,https://en.wikipedia.org/wiki/Kevin_O'Connell_(American_football),1372278592.0,2026-08-31T03:03:55Z,False
2025,NE,New England Patriots,Mike Vrabel,Mike Vrabel,Josh McDaniels,Josh McDaniels,Josh McDaniels,Josh McDaniels,offensive_coordinator,False,True,True,False,https://en.wikipedia.org/wiki/2025_New_England_Patriots_season,1372257025,2026-08-31T01:32:27Z,,,,True
2025,NO,New Orleans Saints,Kellen Moore,Kellen Moore,Doug Nussmeier,Doug Nussmeier,Kellen Moore,Kellen Moore,hc_prior_offensive_coordinator,True,True,True,False,https://en.wikipedia.org/wiki/2025_New_Orleans_Saints_season,1369212197,2026-08-13T14:59:48Z,https://en.wikipedia.org/wiki/Kellen_Moore,1372640691.0,2026-09-01T16:04:35Z,False
2025,NYG,New York Giants,Brian Daboll,Brian Daboll,,,Brian Daboll,Brian Daboll,hc_prior_offensive_coordinator,True,False,True,False,https://en.wikipedia.org/wiki/2025_New_York_Giants_season,1368904588,2026-08-11T19:23:11Z,https://en.wikipedia.org/wiki/Brian_Daboll,1372930267.0,2026-09-03T01:15:39Z,True
2025,NYJ,New York Jets,Aaron Glenn,Aaron Glenn,Tanner Engstrand,Tanner Engstrand,Tanner Engstrand,Tanner Engstrand,offensive_coordinator,False,True,True,False,https://en.wikipedia.org/wiki/2025_New_York_Jets_season,1371149867,2026-08-24T21:56:21Z,https://en.wikipedia.org/wiki/Tanner_Engstrand,1358043422.0,2026-06-06T05:33:39Z,False
2025,PHI,Philadelphia Eagles,Nick Sirianni,Nick Sirianni,Kevin Patullo,Kevin Patullo,Nick Sirianni,Nick Sirianni,hc_prior_offensive_coordinator,True,False,True,False,https://en.wikipedia.org/wiki/2025_Philadelphia_Eagles_season,1363558615,2026-07-10T23:58:49Z,https://en.wikipedia.org/wiki/Nick_Sirianni,1369737123.0,2026-08-16T20:54:34Z,False
2025,PIT,Pittsburgh Steelers,Mike Tomlin,Mike Tomlin,Arthur Smith,"Arthur Smith (American football, born 1982)",Arthur Smith,"Arthur Smith (American football, born 1982)",offensive_coordinator,False,False,False,False,https://en.wikipedia.org/wiki/2025_Pittsburgh_Steelers_season,1371447036,2026-08-26T14:00:45Z,"https://en.wikipedia.org/wiki/Arthur_Smith_(American_football,_born_1982)",1369258175.0,2026-08-13T21:38:24Z,False
2025,SEA,Seattle Seahawks,Mike Macdonald,Mike Macdonald,Klint Kubiak,Klint Kubiak,Klint Kubiak,Klint Kubiak,offensive_coordinator,False,False,True,False,https://en.wikipedia.org/wiki/2025_Seattle_Seahawks_season,1372472731,2026-08-31T22:36:45Z,https://en.wikipedia.org/wiki/Klint_Kubiak,1369073292.0,2026-08-12T19:01:42Z,False
2025,SF,San Francisco 49ers,Kyle Shanahan,Kyle Shanahan,Klay Kubiak,Klay Kubiak,Kyle Shanahan,Kyle Shanahan,hc_prior_offensive_coordinator,True,False,,False,https://en.wikipedia.org/wiki/2025_San_Francisco_49ers_season,1371614236,2026-08-27T11:48:58Z,https://en.wikipedia.org/wiki/Kyle_Shanahan,1368731193.0,2026-08-10T19:49:53Z,False
2025,TB,Tampa Bay Buccaneers,Todd Bowles,Todd Bowles,Josh Grizzard,Josh Grizzard,Josh Grizzard,Josh Grizzard,offensive_coordinator,False,False,True,False,https://en.wikipedia.org/wiki/2025_Tampa_Bay_Buccaneers_season,1369328322,2026-08-14T08:34:28Z,https://en.wikipedia.org/wiki/Josh_Grizzard,1335757684.0,2026-01-31T01:37:18Z,False
2025,TEN,Tennessee Titans,Brian Callahan,Brian Callahan,Nick Holz,Nick Holz,Brian Callahan,Brian Callahan,hc_prior_offensive_coordinator,True,False,False,False,https://en.wikipedia.org/wiki/2025_Tennessee_Titans_season,1365494082,2026-07-22T20:29:39Z,https://en.wikipedia.org/wiki/Brian_Callahan,1359098543.0,2026-06-13T02:24:45Z,False
2025,WAS,Washington Commanders,Dan Quinn,Dan Quinn (American football),Kliff Kingsbury,Kliff Kingsbury,Kliff Kingsbury,Kliff Kingsbury,offensive_coordinator,False,,,False,https://en.wikipedia.org/wiki/2025_Washington_Commanders_season,1371478527,2026-08-26T18:03:27Z,,,,True
2026,BAL,Baltimore Ravens,Jesse Minter,Jesse Minter,Declan Doyle,Declan Doyle,Declan Doyle,Declan Doyle,offensive_coordinator,False,True,True,False,https://en.wikipedia.org/wiki/2026_Baltimore_Ravens_season,1372665154,2026-09-01T18:14:48Z,https://en.wikipedia.org/wiki/Declan_Doyle,1352865471.0,2026-05-06T18:13:21Z,False
2026,DAL,Dallas Cowboys,Brian Schottenheimer,Brian Schottenheimer,,,Brian Schottenheimer,Brian Schottenheimer,hc_prior_offensive_coordinator,True,False,True,False,https://en.wikipedia.org/wiki/2026_Dallas_Cowboys_season,1372221292,2026-08-30T22:43:17Z,https://en.wikipedia.org/wiki/Brian_Schottenheimer,1365068709.0,2026-07-20T02:46:52Z,True
2026,LAR,Los Angeles Rams,'Just want to learn and continue to grow with him',,,,'Just want to learn and continue to grow with him',,hc_fallback_no_oc_documented,False,True,True,False,https://en.wikipedia.org/wiki/2026_Los_Angeles_Rams_season,1372787038,2026-09-02T07:15:59Z,,,,True
